2025-09-07 11:24:00,419 INFO Training hyperparameters:
2025-09-07 11:24:00,419 INFO   seed: 42
2025-09-07 11:24:00,419 INFO   num_workers: 4
2025-09-07 11:24:00,419 INFO   epochs: 200
2025-09-07 11:24:00,419 INFO   batch_size: 12
2025-09-07 11:24:00,419 INFO   val_batch_size: 12
2025-09-07 11:24:00,419 INFO   learning_rate: 0.00035
2025-09-07 11:24:00,419 INFO   min_lr: 1e-05
2025-09-07 11:24:00,419 INFO   warmup_ratio: 0.08
2025-09-07 11:24:00,419 INFO   weight_decay: 0.0001
2025-09-07 11:24:00,419 INFO   scheduler: cosine_decay
2025-09-07 11:24:00,419 INFO   grad_clip: 4.0
2025-09-07 11:24:00,419 INFO   accum_steps: 3
2025-09-07 11:24:00,420 INFO   grad_log_interval: 37
2025-09-07 11:24:00,420 INFO   loss_type: focal
2025-09-07 11:24:00,420 INFO   amp: False
2025-09-07 11:24:00,420 INFO   cb_beta: 0.9995
2025-09-07 11:24:00,420 INFO   focal_gamma: 3.0
2025-09-07 11:24:00,420 INFO   label_smoothing: 0.01
2025-09-07 11:24:00,420 INFO   val_interval: 4
2025-09-07 11:24:00,420 INFO   ckpt_interval: 10
2025-09-07 11:24:00,420 INFO Model hyperparameters:
2025-09-07 11:24:00,420 INFO   ind_cls_heads: ['Engagement', 'Lead']
2025-09-07 11:24:00,420 INFO   use_emb: True
2025-09-07 11:24:00,420 INFO   use_feat: True
2025-09-07 11:24:00,420 INFO   cls_head_type: cosine
2025-09-07 11:24:00,420 INFO   proto_warmup_epochs: 5
2025-09-07 11:24:00,421 INFO 
Model (total 855,161)
├── mm_fusion — 149,698
└── individual_classifier — 201,100
    ├── trunk — 66,432
    ├── adapter[Engagement] — 66,432
    ├── adapter[Lead] — 66,432
    ├── classifier[Engagement] — 774
    └── classifier[Lead] — 774

2025-09-07 11:24:59,866 INFO Epoch 1 Step 10/224 Loss 0.9466
2025-09-07 11:25:12,589 INFO Epoch 1 Step 20/224 Loss 0.8683
2025-09-07 11:25:25,379 INFO Epoch 1 Step 30/224 Loss 0.8632
2025-09-07 11:25:38,219 INFO Epoch 1 Step 40/224 Loss 0.8192
2025-09-07 11:25:51,092 INFO Epoch 1 Step 50/224 Loss 0.7710
2025-09-07 11:26:04,008 INFO Epoch 1 Step 60/224 Loss 0.7944
2025-09-07 11:26:16,950 INFO Epoch 1 Step 70/224 Loss 0.8071
2025-09-07 11:26:29,974 INFO Epoch 1 Step 80/224 Loss 0.7692
2025-09-07 11:26:43,036 INFO Epoch 1 Step 90/224 Loss 0.6811
2025-09-07 11:26:56,108 INFO Epoch 1 Step 100/224 Loss 0.7403
2025-09-07 11:27:09,195 INFO Epoch 1 Step 110/224 Loss 0.6603
2025-09-07 11:27:22,434 INFO Epoch 1 Step 120/224 Loss 0.6544
2025-09-07 11:27:35,510 INFO Epoch 1 Step 130/224 Loss 0.6722
2025-09-07 11:27:48,600 INFO Epoch 1 Step 140/224 Loss 0.5986
2025-09-07 11:28:01,713 INFO Epoch 1 Step 150/224 Loss 0.5803
2025-09-07 11:28:14,799 INFO Epoch 1 Step 160/224 Loss 0.5134
2025-09-07 11:28:27,888 INFO Epoch 1 Step 170/224 Loss 0.5435
2025-09-07 11:28:40,985 INFO Epoch 1 Step 180/224 Loss 0.5404
2025-09-07 11:28:54,062 INFO Epoch 1 Step 190/224 Loss 0.5060
2025-09-07 11:29:07,149 INFO Epoch 1 Step 200/224 Loss 0.4766
2025-09-07 11:29:20,236 INFO Epoch 1 Step 210/224 Loss 0.4966
2025-09-07 11:29:33,307 INFO Epoch 1 Step 220/224 Loss 0.4769
2025-09-07 11:29:38,569 INFO Epoch 1 Step 224/224 Loss 0.3860
2025-09-07 11:29:38,569 INFO Epoch 1 Training Loss 0.6667
2025-09-07 11:29:54,856 INFO Epoch 2 Step 10/224 Loss 0.4922
2025-09-07 11:30:07,887 INFO Epoch 2 Step 20/224 Loss 0.4421
2025-09-07 11:30:20,930 INFO Epoch 2 Step 30/224 Loss 0.4481
2025-09-07 11:30:33,976 INFO Epoch 2 Step 40/224 Loss 0.4146
2025-09-07 11:30:47,037 INFO Epoch 2 Step 50/224 Loss 0.3972
2025-09-07 11:31:00,100 INFO Epoch 2 Step 60/224 Loss 0.3951
2025-09-07 11:31:13,172 INFO Epoch 2 Step 70/224 Loss 0.3922
2025-09-07 11:31:26,246 INFO Epoch 2 Step 80/224 Loss 0.3955
2025-09-07 11:31:39,307 INFO Epoch 2 Step 90/224 Loss 0.3814
2025-09-07 11:31:52,361 INFO Epoch 2 Step 100/224 Loss 0.3724
2025-09-07 11:32:05,575 INFO Epoch 2 Step 110/224 Loss 0.3764
2025-09-07 11:32:18,622 INFO Epoch 2 Step 120/224 Loss 0.4046
2025-09-07 11:32:31,673 INFO Epoch 2 Step 130/224 Loss 0.3623
2025-09-07 11:32:44,732 INFO Epoch 2 Step 140/224 Loss 0.3770
2025-09-07 11:32:57,789 INFO Epoch 2 Step 150/224 Loss 0.3850
2025-09-07 11:33:10,830 INFO Epoch 2 Step 160/224 Loss 0.3682
2025-09-07 11:33:23,880 INFO Epoch 2 Step 170/224 Loss 0.3802
2025-09-07 11:33:36,933 INFO Epoch 2 Step 180/224 Loss 0.3627
2025-09-07 11:33:49,973 INFO Epoch 2 Step 190/224 Loss 0.3546
2025-09-07 11:34:03,008 INFO Epoch 2 Step 200/224 Loss 0.3582
2025-09-07 11:34:16,045 INFO Epoch 2 Step 210/224 Loss 0.3820
2025-09-07 11:34:29,119 INFO Epoch 2 Step 220/224 Loss 0.3574
2025-09-07 11:34:34,331 INFO Epoch 2 Step 224/224 Loss 0.3455
2025-09-07 11:34:34,331 INFO Epoch 2 Training Loss 0.3901
2025-09-07 11:34:50,844 INFO Epoch 3 Step 10/224 Loss 1.2691
2025-09-07 11:35:03,846 INFO Epoch 3 Step 20/224 Loss 1.1450
2025-09-07 11:35:16,866 INFO Epoch 3 Step 30/224 Loss 0.8577
2025-09-07 11:35:29,903 INFO Epoch 3 Step 40/224 Loss 0.5974
2025-09-07 11:35:42,940 INFO Epoch 3 Step 50/224 Loss 0.4087
2025-09-07 11:35:55,988 INFO Epoch 3 Step 60/224 Loss 0.3713
2025-09-07 11:36:09,036 INFO Epoch 3 Step 70/224 Loss 0.3928
2025-09-07 11:36:22,091 INFO Epoch 3 Step 80/224 Loss 0.3720
2025-09-07 11:36:35,133 INFO Epoch 3 Step 90/224 Loss 0.3770
2025-09-07 11:36:48,188 INFO Epoch 3 Step 100/224 Loss 0.3541
2025-09-07 11:37:01,426 INFO Epoch 3 Step 110/224 Loss 0.3725
2025-09-07 11:37:14,478 INFO Epoch 3 Step 120/224 Loss 0.3603
2025-09-07 11:37:27,530 INFO Epoch 3 Step 130/224 Loss 0.3966
2025-09-07 11:37:40,571 INFO Epoch 3 Step 140/224 Loss 0.3610
2025-09-07 11:37:53,610 INFO Epoch 3 Step 150/224 Loss 0.3648
2025-09-07 11:38:06,654 INFO Epoch 3 Step 160/224 Loss 0.3695
2025-09-07 11:38:19,702 INFO Epoch 3 Step 170/224 Loss 0.3566
2025-09-07 11:38:32,751 INFO Epoch 3 Step 180/224 Loss 0.3583
2025-09-07 11:38:45,790 INFO Epoch 3 Step 190/224 Loss 0.3674
2025-09-07 11:38:58,829 INFO Epoch 3 Step 200/224 Loss 0.3434
2025-09-07 11:39:11,887 INFO Epoch 3 Step 210/224 Loss 0.3596
2025-09-07 11:39:25,048 INFO Epoch 3 Step 220/224 Loss 0.3569
2025-09-07 11:39:30,261 INFO Epoch 3 Step 224/224 Loss 0.3600
2025-09-07 11:39:30,261 INFO Epoch 3 Training Loss 0.4757
2025-09-07 11:39:46,895 INFO Epoch 4 Step 10/224 Loss 2.1859
2025-09-07 11:39:59,887 INFO Epoch 4 Step 20/224 Loss 1.8945
2025-09-07 11:40:12,910 INFO Epoch 4 Step 30/224 Loss 1.4643
2025-09-07 11:40:25,923 INFO Epoch 4 Step 40/224 Loss 1.0182
2025-09-07 11:40:38,958 INFO Epoch 4 Step 50/224 Loss 0.6459
2025-09-07 11:40:52,009 INFO Epoch 4 Step 60/224 Loss 0.4134
2025-09-07 11:41:05,069 INFO Epoch 4 Step 70/224 Loss 0.3936
2025-09-07 11:41:18,135 INFO Epoch 4 Step 80/224 Loss 0.3779
2025-09-07 11:41:31,188 INFO Epoch 4 Step 90/224 Loss 0.3742
2025-09-07 11:41:44,253 INFO Epoch 4 Step 100/224 Loss 0.3714
2025-09-07 11:41:57,481 INFO Epoch 4 Step 110/224 Loss 0.3684
2025-09-07 11:42:10,528 INFO Epoch 4 Step 120/224 Loss 0.3758
2025-09-07 11:42:23,575 INFO Epoch 4 Step 130/224 Loss 0.3563
2025-09-07 11:42:36,626 INFO Epoch 4 Step 140/224 Loss 0.3577
2025-09-07 11:42:49,672 INFO Epoch 4 Step 150/224 Loss 0.3831
2025-09-07 11:43:02,808 INFO Epoch 4 Step 160/224 Loss 0.3505
2025-09-07 11:43:15,856 INFO Epoch 4 Step 170/224 Loss 0.3536
2025-09-07 11:43:28,899 INFO Epoch 4 Step 180/224 Loss 0.3614
2025-09-07 11:43:41,941 INFO Epoch 4 Step 190/224 Loss 0.3661
2025-09-07 11:43:54,979 INFO Epoch 4 Step 200/224 Loss 0.3741
2025-09-07 11:44:08,025 INFO Epoch 4 Step 210/224 Loss 0.3580
2025-09-07 11:44:21,252 INFO Epoch 4 Step 220/224 Loss 0.3593
2025-09-07 11:44:26,465 INFO Epoch 4 Step 224/224 Loss 0.3590
2025-09-07 11:44:26,465 INFO Epoch 4 Training Loss 0.6092
2025-09-07 11:46:04,621 INFO Validation @ epoch 4: individual:
  Engagement:
    accuracy: 0.3333333432674408
    balanced_accuracy: 0.3333333432674408
    mcc: 0.0
    f1_micro: 0.7197420597076416
    f1_macro: 0.27901163697242737
    precision_micro: 0.7197420597076416
    precision_macro: 0.23991401493549347
    recall_micro: 0.7197420597076416
    recall_macro: 0.3333333432674408
    f1_per_class: [0.0, 0.8370348811149597, 0.0]
    precision_per_class: [0.0, 0.7197420597076416, 0.0]
    recall_per_class: [0.0, 1.0, 0.0]
    auroc_macro: 0.6182219982147217
    auprc_macro: 0.39287084341049194
    auprc_per_class: [0.17566311359405518, 0.8208742141723633, 0.18207520246505737]
    specificity_per_class: [1.0, 0.0, 1.0]
    ece: 0.2918925881385803
    confusion_matrix: [[   0,  300,    0],
       [   0, 1451,    0],
       [   0,  265,    0]]
  Lead:
    accuracy: 0.3333333432674408
    balanced_accuracy: 0.3333333432674408
    mcc: 0.0
    f1_micro: 0.6919642686843872
    f1_macro: 0.27264732122421265
    precision_micro: 0.6919642686843872
    precision_macro: 0.2306547611951828
    recall_micro: 0.6919642686843872
    recall_macro: 0.3333333432674408
    f1_per_class: [0.0, 0.8179419636726379, 0.0]
    precision_per_class: [0.0, 0.6919642686843872, 0.0]
    recall_per_class: [0.0, 1.0, 0.0]
    auroc_macro: 0.5310753583908081
    auprc_macro: 0.34906524419784546
    auprc_per_class: [0.17041608691215515, 0.7025337219238281, 0.17424578964710236]
    specificity_per_class: [1.0, 0.0, 1.0]
    ece: 0.258673757314682
    confusion_matrix: [[   0,  322,    0],
       [   0, 1395,    0],
       [   0,  299,    0]]
loss: 0.7858136494954427
2025-09-07 11:46:21,923 INFO Epoch 5 Step 10/224 Loss 0.7694
2025-09-07 11:46:34,965 INFO Epoch 5 Step 20/224 Loss 0.6110
2025-09-07 11:46:48,110 INFO Epoch 5 Step 30/224 Loss 0.4241
2025-09-07 11:47:01,273 INFO Epoch 5 Step 40/224 Loss 0.3557
2025-09-07 11:47:14,421 INFO Epoch 5 Step 50/224 Loss 0.3752
2025-09-07 11:47:27,616 INFO Epoch 5 Step 60/224 Loss 0.3637
2025-09-07 11:47:40,785 INFO Epoch 5 Step 70/224 Loss 0.3636
2025-09-07 11:47:53,942 INFO Epoch 5 Step 80/224 Loss 0.3720
2025-09-07 11:48:07,101 INFO Epoch 5 Step 90/224 Loss 0.3566
2025-09-07 11:48:20,342 INFO Epoch 5 Step 100/224 Loss 0.3475
2025-09-07 11:48:33,514 INFO Epoch 5 Step 110/224 Loss 0.3676
2025-09-07 11:48:46,661 INFO Epoch 5 Step 120/224 Loss 0.3724
2025-09-07 11:48:59,801 INFO Epoch 5 Step 130/224 Loss 0.3544
2025-09-07 11:49:12,926 INFO Epoch 5 Step 140/224 Loss 0.3413
2025-09-07 11:49:26,039 INFO Epoch 5 Step 150/224 Loss 0.3654
2025-09-07 11:49:39,166 INFO Epoch 5 Step 160/224 Loss 0.3655
2025-09-07 11:49:52,272 INFO Epoch 5 Step 170/224 Loss 0.3611
2025-09-07 11:50:05,379 INFO Epoch 5 Step 180/224 Loss 0.3607
2025-09-07 11:50:18,471 INFO Epoch 5 Step 190/224 Loss 0.3537
2025-09-07 11:50:31,563 INFO Epoch 5 Step 200/224 Loss 0.3466
2025-09-07 11:50:44,848 INFO Epoch 5 Step 210/224 Loss 0.3714
2025-09-07 11:50:57,935 INFO Epoch 5 Step 220/224 Loss 0.3475
2025-09-07 11:51:03,164 INFO Epoch 5 Step 224/224 Loss 0.3537
2025-09-07 11:51:03,164 INFO Epoch 5 Training Loss 0.3923
2025-09-07 11:51:19,910 INFO Epoch 6 Step 10/224 Loss 0.3531
2025-09-07 11:51:32,930 INFO Epoch 6 Step 20/224 Loss 0.3697
2025-09-07 11:51:45,968 INFO Epoch 6 Step 30/224 Loss 0.3569
2025-09-07 11:51:59,021 INFO Epoch 6 Step 40/224 Loss 0.3713
2025-09-07 11:52:12,096 INFO Epoch 6 Step 50/224 Loss 0.3717
2025-09-07 11:52:25,176 INFO Epoch 6 Step 60/224 Loss 0.3571
2025-09-07 11:52:38,249 INFO Epoch 6 Step 70/224 Loss 0.3548
2025-09-07 11:52:51,321 INFO Epoch 6 Step 80/224 Loss 0.3520
2025-09-07 11:53:04,406 INFO Epoch 6 Step 90/224 Loss 0.3481
2025-09-07 11:53:17,624 INFO Epoch 6 Step 100/224 Loss 0.3533
2025-09-07 11:53:30,689 INFO Epoch 6 Step 110/224 Loss 0.3535
2025-09-07 11:53:43,806 INFO Epoch 6 Step 120/224 Loss 0.3612
2025-09-07 11:53:56,904 INFO Epoch 6 Step 130/224 Loss 0.3517
2025-09-07 11:54:09,969 INFO Epoch 6 Step 140/224 Loss 0.3444
2025-09-07 11:54:23,041 INFO Epoch 6 Step 150/224 Loss 0.3636
2025-09-07 11:54:36,117 INFO Epoch 6 Step 160/224 Loss 0.3399
2025-09-07 11:54:49,181 INFO Epoch 6 Step 170/224 Loss 0.3819
2025-09-07 11:55:02,228 INFO Epoch 6 Step 180/224 Loss 0.3524
2025-09-07 11:55:15,294 INFO Epoch 6 Step 190/224 Loss 0.3747
2025-09-07 11:55:28,362 INFO Epoch 6 Step 200/224 Loss 0.3661
2025-09-07 11:55:41,597 INFO Epoch 6 Step 210/224 Loss 0.3417
2025-09-07 11:55:54,632 INFO Epoch 6 Step 220/224 Loss 0.3667
2025-09-07 11:55:59,849 INFO Epoch 6 Step 224/224 Loss 0.3402
2025-09-07 11:55:59,850 INFO Epoch 6 Training Loss 0.3581
2025-09-07 11:56:16,642 INFO Epoch 7 Step 10/224 Loss 0.3553
2025-09-07 11:56:29,639 INFO Epoch 7 Step 20/224 Loss 0.3591
2025-09-07 11:56:42,665 INFO Epoch 7 Step 30/224 Loss 0.3536
2025-09-07 11:56:55,708 INFO Epoch 7 Step 40/224 Loss 0.3532
2025-09-07 11:57:08,764 INFO Epoch 7 Step 50/224 Loss 0.3582
2025-09-07 11:57:21,836 INFO Epoch 7 Step 60/224 Loss 0.3505
2025-09-07 11:57:34,885 INFO Epoch 7 Step 70/224 Loss 0.3593
2025-09-07 11:57:47,951 INFO Epoch 7 Step 80/224 Loss 0.3473
2025-09-07 11:58:01,018 INFO Epoch 7 Step 90/224 Loss 0.3603
2025-09-07 11:58:14,281 INFO Epoch 7 Step 100/224 Loss 0.3533
2025-09-07 11:58:27,344 INFO Epoch 7 Step 110/224 Loss 0.3712
2025-09-07 11:58:40,406 INFO Epoch 7 Step 120/224 Loss 0.3600
2025-09-07 11:58:53,468 INFO Epoch 7 Step 130/224 Loss 0.3430
2025-09-07 11:59:06,535 INFO Epoch 7 Step 140/224 Loss 0.3352
2025-09-07 11:59:19,605 INFO Epoch 7 Step 150/224 Loss 0.3683
2025-09-07 11:59:32,665 INFO Epoch 7 Step 160/224 Loss 0.3528
2025-09-07 11:59:45,717 INFO Epoch 7 Step 170/224 Loss 0.3638
2025-09-07 11:59:58,780 INFO Epoch 7 Step 180/224 Loss 0.3511
2025-09-07 12:00:11,830 INFO Epoch 7 Step 190/224 Loss 0.3680
2025-09-07 12:00:24,884 INFO Epoch 7 Step 200/224 Loss 0.3529
2025-09-07 12:00:38,124 INFO Epoch 7 Step 210/224 Loss 0.3840
2025-09-07 12:00:51,165 INFO Epoch 7 Step 220/224 Loss 0.3784
2025-09-07 12:00:56,385 INFO Epoch 7 Step 224/224 Loss 0.3773
2025-09-07 12:00:56,385 INFO Epoch 7 Training Loss 0.3585
2025-09-07 12:01:13,246 INFO Epoch 8 Step 10/224 Loss 0.3706
2025-09-07 12:01:26,234 INFO Epoch 8 Step 20/224 Loss 0.3415
2025-09-07 12:01:39,253 INFO Epoch 8 Step 30/224 Loss 0.3617
2025-09-07 12:01:52,299 INFO Epoch 8 Step 40/224 Loss 0.3572
2025-09-07 12:02:05,349 INFO Epoch 8 Step 50/224 Loss 0.3641
2025-09-07 12:02:18,399 INFO Epoch 8 Step 60/224 Loss 0.3721
2025-09-07 12:02:31,459 INFO Epoch 8 Step 70/224 Loss 0.3611
2025-09-07 12:02:44,507 INFO Epoch 8 Step 80/224 Loss 0.3571
2025-09-07 12:02:57,728 INFO Epoch 8 Step 90/224 Loss 0.3524
2025-09-07 12:03:10,788 INFO Epoch 8 Step 100/224 Loss 0.3628
2025-09-07 12:03:23,854 INFO Epoch 8 Step 110/224 Loss 0.3651
2025-09-07 12:03:36,913 INFO Epoch 8 Step 120/224 Loss 0.3558
2025-09-07 12:03:49,965 INFO Epoch 8 Step 130/224 Loss 0.3655
2025-09-07 12:04:03,024 INFO Epoch 8 Step 140/224 Loss 0.3430
2025-09-07 12:04:16,079 INFO Epoch 8 Step 150/224 Loss 0.3653
2025-09-07 12:04:29,134 INFO Epoch 8 Step 160/224 Loss 0.3627
2025-09-07 12:04:42,181 INFO Epoch 8 Step 170/224 Loss 0.3520
2025-09-07 12:04:55,236 INFO Epoch 8 Step 180/224 Loss 0.3530
2025-09-07 12:05:08,303 INFO Epoch 8 Step 190/224 Loss 0.3671
2025-09-07 12:05:21,357 INFO Epoch 8 Step 200/224 Loss 0.3506
2025-09-07 12:05:34,593 INFO Epoch 8 Step 210/224 Loss 0.3509
2025-09-07 12:05:47,641 INFO Epoch 8 Step 220/224 Loss 0.3458
2025-09-07 12:05:52,855 INFO Epoch 8 Step 224/224 Loss 0.3506
2025-09-07 12:05:52,855 INFO Epoch 8 Training Loss 0.3579
2025-09-07 12:06:47,073 INFO Validation @ epoch 8: individual:
  Engagement:
    accuracy: 0.3333333432674408
    balanced_accuracy: 0.3333333432674408
    mcc: 0.0
    f1_micro: 0.7197420597076416
    f1_macro: 0.27901163697242737
    precision_micro: 0.7197420597076416
    precision_macro: 0.23991401493549347
    recall_micro: 0.7197420597076416
    recall_macro: 0.3333333432674408
    f1_per_class: [0.0, 0.8370348811149597, 0.0]
    precision_per_class: [0.0, 0.7197420597076416, 0.0]
    recall_per_class: [0.0, 1.0, 0.0]
    auroc_macro: 0.6330158710479736
    auprc_macro: 0.4010002017021179
    auprc_per_class: [0.1863451898097992, 0.8300722241401672, 0.18658307194709778]
    specificity_per_class: [1.0, 0.0, 1.0]
    ece: 0.21179917454719543
    confusion_matrix: [[   0,  300,    0],
       [   0, 1451,    0],
       [   0,  265,    0]]
  Lead:
    accuracy: 0.3333333432674408
    balanced_accuracy: 0.3333333432674408
    mcc: 0.0
    f1_micro: 0.6919642686843872
    f1_macro: 0.27264732122421265
    precision_micro: 0.6919642686843872
    precision_macro: 0.2306547611951828
    recall_micro: 0.6919642686843872
    recall_macro: 0.3333333432674408
    f1_per_class: [0.0, 0.8179419636726379, 0.0]
    precision_per_class: [0.0, 0.6919642686843872, 0.0]
    recall_per_class: [0.0, 1.0, 0.0]
    auroc_macro: 0.550049901008606
    auprc_macro: 0.36350584030151367
    auprc_per_class: [0.18055322766304016, 0.7247982025146484, 0.18516603112220764]
    specificity_per_class: [1.0, 0.0, 1.0]
    ece: 0.26065367460250854
    confusion_matrix: [[   0,  322,    0],
       [   0, 1395,    0],
       [   0,  299,    0]]
loss: 0.35195312045869376
2025-09-07 12:07:03,497 INFO Epoch 9 Step 10/224 Loss 0.3558
2025-09-07 12:07:16,423 INFO Epoch 9 Step 20/224 Loss 0.3728
2025-09-07 12:07:29,419 INFO Epoch 9 Step 30/224 Loss 0.3475
2025-09-07 12:07:42,495 INFO Epoch 9 Step 40/224 Loss 0.3607
2025-09-07 12:07:55,622 INFO Epoch 9 Step 50/224 Loss 0.3700
2025-09-07 12:08:08,766 INFO Epoch 9 Step 60/224 Loss 0.3476
2025-09-07 12:08:22,043 INFO Epoch 9 Step 70/224 Loss 0.3526
2025-09-07 12:08:35,218 INFO Epoch 9 Step 80/224 Loss 0.3643
2025-09-07 12:08:48,568 INFO Epoch 9 Step 90/224 Loss 0.3480
2025-09-07 12:09:01,736 INFO Epoch 9 Step 100/224 Loss 0.3657
2025-09-07 12:09:14,897 INFO Epoch 9 Step 110/224 Loss 0.3442
2025-09-07 12:09:28,040 INFO Epoch 9 Step 120/224 Loss 0.3539
2025-09-07 12:09:41,175 INFO Epoch 9 Step 130/224 Loss 0.3463
2025-09-07 12:09:54,301 INFO Epoch 9 Step 140/224 Loss 0.3645
2025-09-07 12:10:07,429 INFO Epoch 9 Step 150/224 Loss 0.3524
2025-09-07 12:10:20,544 INFO Epoch 9 Step 160/224 Loss 0.3659
2025-09-07 12:10:33,655 INFO Epoch 9 Step 170/224 Loss 0.3683
2025-09-07 12:10:46,778 INFO Epoch 9 Step 180/224 Loss 0.3658
2025-09-07 12:10:59,877 INFO Epoch 9 Step 190/224 Loss 0.3412
2025-09-07 12:11:13,154 INFO Epoch 9 Step 200/224 Loss 0.3606
2025-09-07 12:11:26,242 INFO Epoch 9 Step 210/224 Loss 0.3577
2025-09-07 12:11:39,318 INFO Epoch 9 Step 220/224 Loss 0.3483
2025-09-07 12:11:44,540 INFO Epoch 9 Step 224/224 Loss 0.3721
2025-09-07 12:11:44,541 INFO Epoch 9 Training Loss 0.3573
2025-09-07 12:12:01,451 INFO Epoch 10 Step 10/224 Loss 0.3772
2025-09-07 12:12:14,462 INFO Epoch 10 Step 20/224 Loss 0.3477
2025-09-07 12:12:27,498 INFO Epoch 10 Step 30/224 Loss 0.3479
2025-09-07 12:12:40,559 INFO Epoch 10 Step 40/224 Loss 0.3533
2025-09-07 12:12:53,639 INFO Epoch 10 Step 50/224 Loss 0.3465
2025-09-07 12:13:06,702 INFO Epoch 10 Step 60/224 Loss 0.3548
2025-09-07 12:13:19,771 INFO Epoch 10 Step 70/224 Loss 0.3609
2025-09-07 12:13:32,851 INFO Epoch 10 Step 80/224 Loss 0.3666
2025-09-07 12:13:46,124 INFO Epoch 10 Step 90/224 Loss 0.3476
2025-09-07 12:13:59,203 INFO Epoch 10 Step 100/224 Loss 0.3701
2025-09-07 12:14:12,277 INFO Epoch 10 Step 110/224 Loss 0.3482
2025-09-07 12:14:25,365 INFO Epoch 10 Step 120/224 Loss 0.3486
2025-09-07 12:14:38,437 INFO Epoch 10 Step 130/224 Loss 0.3557
2025-09-07 12:14:51,519 INFO Epoch 10 Step 140/224 Loss 0.3464
2025-09-07 12:15:04,593 INFO Epoch 10 Step 150/224 Loss 0.3612
2025-09-07 12:15:17,669 INFO Epoch 10 Step 160/224 Loss 0.3543
2025-09-07 12:15:30,742 INFO Epoch 10 Step 170/224 Loss 0.3603
2025-09-07 12:15:43,823 INFO Epoch 10 Step 180/224 Loss 0.3414
2025-09-07 12:15:56,899 INFO Epoch 10 Step 190/224 Loss 0.3662
2025-09-07 12:16:10,137 INFO Epoch 10 Step 200/224 Loss 0.3449
2025-09-07 12:16:23,201 INFO Epoch 10 Step 210/224 Loss 0.3533
2025-09-07 12:16:36,261 INFO Epoch 10 Step 220/224 Loss 0.3717
2025-09-07 12:16:41,481 INFO Epoch 10 Step 224/224 Loss 0.3395
2025-09-07 12:16:41,481 INFO Epoch 10 Training Loss 0.3554
2025-09-07 12:16:58,356 INFO Epoch 11 Step 10/224 Loss 0.3796
2025-09-07 12:17:11,355 INFO Epoch 11 Step 20/224 Loss 0.3278
2025-09-07 12:17:24,384 INFO Epoch 11 Step 30/224 Loss 0.3593
2025-09-07 12:17:37,433 INFO Epoch 11 Step 40/224 Loss 0.3501
2025-09-07 12:17:50,478 INFO Epoch 11 Step 50/224 Loss 0.3584
2025-09-07 12:18:03,531 INFO Epoch 11 Step 60/224 Loss 0.3416
2025-09-07 12:18:16,590 INFO Epoch 11 Step 70/224 Loss 0.3340
2025-09-07 12:18:29,649 INFO Epoch 11 Step 80/224 Loss 0.3575
2025-09-07 12:18:42,897 INFO Epoch 11 Step 90/224 Loss 0.3500
2025-09-07 12:18:55,961 INFO Epoch 11 Step 100/224 Loss 0.3648
2025-09-07 12:19:09,014 INFO Epoch 11 Step 110/224 Loss 0.3609
2025-09-07 12:19:22,076 INFO Epoch 11 Step 120/224 Loss 0.3511
2025-09-07 12:19:35,136 INFO Epoch 11 Step 130/224 Loss 0.3446
2025-09-07 12:19:48,200 INFO Epoch 11 Step 140/224 Loss 0.3542
2025-09-07 12:20:01,262 INFO Epoch 11 Step 150/224 Loss 0.3525
2025-09-07 12:20:14,311 INFO Epoch 11 Step 160/224 Loss 0.3426
2025-09-07 12:20:27,378 INFO Epoch 11 Step 170/224 Loss 0.3472
2025-09-07 12:20:40,440 INFO Epoch 11 Step 180/224 Loss 0.3506
2025-09-07 12:20:53,489 INFO Epoch 11 Step 190/224 Loss 0.3634
2025-09-07 12:21:06,658 INFO Epoch 11 Step 200/224 Loss 0.3701
2025-09-07 12:21:19,719 INFO Epoch 11 Step 210/224 Loss 0.3445
2025-09-07 12:21:32,763 INFO Epoch 11 Step 220/224 Loss 0.3755
2025-09-07 12:21:37,980 INFO Epoch 11 Step 224/224 Loss 0.3468
2025-09-07 12:21:37,980 INFO Epoch 11 Training Loss 0.3535
2025-09-07 12:21:54,765 INFO Epoch 12 Step 10/224 Loss 0.3401
2025-09-07 12:22:07,772 INFO Epoch 12 Step 20/224 Loss 0.3470
2025-09-07 12:22:20,805 INFO Epoch 12 Step 30/224 Loss 0.3448
2025-09-07 12:22:33,846 INFO Epoch 12 Step 40/224 Loss 0.3600
2025-09-07 12:22:46,913 INFO Epoch 12 Step 50/224 Loss 0.3606
2025-09-07 12:23:00,000 INFO Epoch 12 Step 60/224 Loss 0.3471
2025-09-07 12:23:13,055 INFO Epoch 12 Step 70/224 Loss 0.3355
2025-09-07 12:23:26,274 INFO Epoch 12 Step 80/224 Loss 0.3239
2025-09-07 12:23:39,339 INFO Epoch 12 Step 90/224 Loss 0.3706
2025-09-07 12:23:52,388 INFO Epoch 12 Step 100/224 Loss 0.3498
2025-09-07 12:24:05,441 INFO Epoch 12 Step 110/224 Loss 0.3613
2025-09-07 12:24:18,507 INFO Epoch 12 Step 120/224 Loss 0.3440
2025-09-07 12:24:31,564 INFO Epoch 12 Step 130/224 Loss 0.3689
2025-09-07 12:24:44,630 INFO Epoch 12 Step 140/224 Loss 0.3502
2025-09-07 12:24:57,693 INFO Epoch 12 Step 150/224 Loss 0.3481
2025-09-07 12:25:10,761 INFO Epoch 12 Step 160/224 Loss 0.3455
2025-09-07 12:25:23,826 INFO Epoch 12 Step 170/224 Loss 0.3614
2025-09-07 12:25:36,880 INFO Epoch 12 Step 180/224 Loss 0.3462
2025-09-07 12:25:50,144 INFO Epoch 12 Step 190/224 Loss 0.3564
2025-09-07 12:26:03,195 INFO Epoch 12 Step 200/224 Loss 0.3419
2025-09-07 12:26:16,259 INFO Epoch 12 Step 210/224 Loss 0.3432
2025-09-07 12:26:29,307 INFO Epoch 12 Step 220/224 Loss 0.3508
2025-09-07 12:26:34,521 INFO Epoch 12 Step 224/224 Loss 0.3626
2025-09-07 12:26:34,521 INFO Epoch 12 Training Loss 0.3501
2025-09-07 12:27:24,851 INFO Validation @ epoch 12: individual:
  Engagement:
    accuracy: 0.430800199508667
    balanced_accuracy: 0.430800199508667
    mcc: 0.20152759552001953
    f1_micro: 0.5838293433189392
    f1_macro: 0.35897383093833923
    precision_micro: 0.5838293433189392
    precision_macro: 0.34964102506637573
    recall_micro: 0.5838293433189392
    recall_macro: 0.430800199508667
    f1_per_class: [0.3285198509693146, 0.7484016418457031, 0.0]
    precision_per_class: [0.22524753212928772, 0.8236755132675171, 0.0]
    recall_per_class: [0.6066666841506958, 0.68573397397995, 0.0]
    auroc_macro: 0.6882963180541992
    auprc_macro: 0.43996113538742065
    auprc_per_class: [0.23326876759529114, 0.8707228899002075, 0.21589162945747375]
    specificity_per_class: [0.6351981163024902, 0.6230088472366333, 1.0]
    ece: 0.15524815022945404
    confusion_matrix: [[182, 118,   0],
       [456, 995,   0],
       [170,  95,   0]]
  Lead:
    accuracy: 0.3333333432674408
    balanced_accuracy: 0.3333333432674408
    mcc: 0.0
    f1_micro: 0.6919642686843872
    f1_macro: 0.27264732122421265
    precision_micro: 0.6919642686843872
    precision_macro: 0.2306547611951828
    recall_micro: 0.6919642686843872
    recall_macro: 0.3333333432674408
    f1_per_class: [0.0, 0.8179419636726379, 0.0]
    precision_per_class: [0.0, 0.6919642686843872, 0.0]
    recall_per_class: [0.0, 1.0, 0.0]
    auroc_macro: 0.5702560544013977
    auprc_macro: 0.3766491413116455
    auprc_per_class: [0.1882535070180893, 0.7414735555648804, 0.20022033154964447]
    specificity_per_class: [1.0, 0.0, 1.0]
    ece: 0.24179469048976898
    confusion_matrix: [[   0,  322,    0],
       [   0, 1395,    0],
       [   0,  299,    0]]
loss: 0.3451046943664551
2025-09-07 12:27:41,696 INFO Epoch 13 Step 10/224 Loss 0.3696
2025-09-07 12:27:54,634 INFO Epoch 13 Step 20/224 Loss 0.3379
2025-09-07 12:28:07,641 INFO Epoch 13 Step 30/224 Loss 0.3552
2025-09-07 12:28:20,710 INFO Epoch 13 Step 40/224 Loss 0.3529
2025-09-07 12:28:33,822 INFO Epoch 13 Step 50/224 Loss 0.3531
2025-09-07 12:28:46,979 INFO Epoch 13 Step 60/224 Loss 0.3676
2025-09-07 12:29:00,128 INFO Epoch 13 Step 70/224 Loss 0.3544
2025-09-07 12:29:13,401 INFO Epoch 13 Step 80/224 Loss 0.3312
2025-09-07 12:29:26,538 INFO Epoch 13 Step 90/224 Loss 0.3401
2025-09-07 12:29:39,688 INFO Epoch 13 Step 100/224 Loss 0.3506
2025-09-07 12:29:52,840 INFO Epoch 13 Step 110/224 Loss 0.3412
2025-09-07 12:30:05,992 INFO Epoch 13 Step 120/224 Loss 0.3280
2025-09-07 12:30:19,133 INFO Epoch 13 Step 130/224 Loss 0.3426
2025-09-07 12:30:32,265 INFO Epoch 13 Step 140/224 Loss 0.3599
2025-09-07 12:30:45,382 INFO Epoch 13 Step 150/224 Loss 0.3323
2025-09-07 12:30:58,499 INFO Epoch 13 Step 160/224 Loss 0.3504
2025-09-07 12:31:11,625 INFO Epoch 13 Step 170/224 Loss 0.3604
2025-09-07 12:31:24,734 INFO Epoch 13 Step 180/224 Loss 0.3654
2025-09-07 12:31:38,025 INFO Epoch 13 Step 190/224 Loss 0.3701
2025-09-07 12:31:51,130 INFO Epoch 13 Step 200/224 Loss 0.3284
2025-09-07 12:32:04,215 INFO Epoch 13 Step 210/224 Loss 0.3416
2025-09-07 12:32:17,307 INFO Epoch 13 Step 220/224 Loss 0.3437
2025-09-07 12:32:22,529 INFO Epoch 13 Step 224/224 Loss 0.3688
2025-09-07 12:32:22,530 INFO Epoch 13 Training Loss 0.3493
2025-09-07 12:32:39,056 INFO Epoch 14 Step 10/224 Loss 0.3417
2025-09-07 12:32:52,069 INFO Epoch 14 Step 20/224 Loss 0.3408
2025-09-07 12:33:05,124 INFO Epoch 14 Step 30/224 Loss 0.3540
2025-09-07 12:33:18,185 INFO Epoch 14 Step 40/224 Loss 0.3305
2025-09-07 12:33:31,259 INFO Epoch 14 Step 50/224 Loss 0.3309
2025-09-07 12:33:44,328 INFO Epoch 14 Step 60/224 Loss 0.3539
2025-09-07 12:33:57,389 INFO Epoch 14 Step 70/224 Loss 0.3540
2025-09-07 12:34:10,622 INFO Epoch 14 Step 80/224 Loss 0.3463
2025-09-07 12:34:23,787 INFO Epoch 14 Step 90/224 Loss 0.3518
2025-09-07 12:34:36,866 INFO Epoch 14 Step 100/224 Loss 0.3427
2025-09-07 12:34:49,959 INFO Epoch 14 Step 110/224 Loss 0.3390
2025-09-07 12:35:03,049 INFO Epoch 14 Step 120/224 Loss 0.3335
2025-09-07 12:35:16,130 INFO Epoch 14 Step 130/224 Loss 0.3414
2025-09-07 12:35:29,214 INFO Epoch 14 Step 140/224 Loss 0.3312
2025-09-07 12:35:42,299 INFO Epoch 14 Step 150/224 Loss 0.3425
2025-09-07 12:35:55,381 INFO Epoch 14 Step 160/224 Loss 0.3587
2025-09-07 12:36:08,455 INFO Epoch 14 Step 170/224 Loss 0.3555
2025-09-07 12:36:21,525 INFO Epoch 14 Step 180/224 Loss 0.3541
2025-09-07 12:36:34,735 INFO Epoch 14 Step 190/224 Loss 0.3434
2025-09-07 12:36:47,811 INFO Epoch 14 Step 200/224 Loss 0.3709
2025-09-07 12:37:00,887 INFO Epoch 14 Step 210/224 Loss 0.3528
2025-09-07 12:37:13,957 INFO Epoch 14 Step 220/224 Loss 0.3347
2025-09-07 12:37:19,175 INFO Epoch 14 Step 224/224 Loss 0.3560
2025-09-07 12:37:19,175 INFO Epoch 14 Training Loss 0.3458
2025-09-07 12:37:36,093 INFO Epoch 15 Step 10/224 Loss 0.3486
2025-09-07 12:37:49,097 INFO Epoch 15 Step 20/224 Loss 0.3403
2025-09-07 12:38:02,120 INFO Epoch 15 Step 30/224 Loss 0.3200
2025-09-07 12:38:15,176 INFO Epoch 15 Step 40/224 Loss 0.3597
2025-09-07 12:38:28,223 INFO Epoch 15 Step 50/224 Loss 0.3533
2025-09-07 12:38:41,302 INFO Epoch 15 Step 60/224 Loss 0.3334
2025-09-07 12:38:54,569 INFO Epoch 15 Step 70/224 Loss 0.3554
2025-09-07 12:39:07,643 INFO Epoch 15 Step 80/224 Loss 0.3321
2025-09-07 12:39:20,716 INFO Epoch 15 Step 90/224 Loss 0.3511
2025-09-07 12:39:33,798 INFO Epoch 15 Step 100/224 Loss 0.3635
2025-09-07 12:39:46,884 INFO Epoch 15 Step 110/224 Loss 0.3356
2025-09-07 12:39:59,965 INFO Epoch 15 Step 120/224 Loss 0.3488
2025-09-07 12:40:13,041 INFO Epoch 15 Step 130/224 Loss 0.3354
2025-09-07 12:40:26,105 INFO Epoch 15 Step 140/224 Loss 0.3336
2025-09-07 12:40:39,195 INFO Epoch 15 Step 150/224 Loss 0.3413
2025-09-07 12:40:52,264 INFO Epoch 15 Step 160/224 Loss 0.3397
2025-09-07 12:41:05,348 INFO Epoch 15 Step 170/224 Loss 0.3425
2025-09-07 12:41:18,584 INFO Epoch 15 Step 180/224 Loss 0.3411
2025-09-07 12:41:31,646 INFO Epoch 15 Step 190/224 Loss 0.3152
2025-09-07 12:41:44,717 INFO Epoch 15 Step 200/224 Loss 0.3300
2025-09-07 12:41:57,787 INFO Epoch 15 Step 210/224 Loss 0.3432
2025-09-07 12:42:10,855 INFO Epoch 15 Step 220/224 Loss 0.3439
2025-09-07 12:42:16,072 INFO Epoch 15 Step 224/224 Loss 0.3549
2025-09-07 12:42:16,072 INFO Epoch 15 Training Loss 0.3415
2025-09-07 12:42:32,974 INFO Epoch 16 Step 10/224 Loss 0.3514
2025-09-07 12:42:45,980 INFO Epoch 16 Step 20/224 Loss 0.3369
2025-09-07 12:42:59,021 INFO Epoch 16 Step 30/224 Loss 0.3473
2025-09-07 12:43:12,072 INFO Epoch 16 Step 40/224 Loss 0.3485
2025-09-07 12:43:25,146 INFO Epoch 16 Step 50/224 Loss 0.3385
2025-09-07 12:43:38,212 INFO Epoch 16 Step 60/224 Loss 0.3379
2025-09-07 12:43:51,429 INFO Epoch 16 Step 70/224 Loss 0.3310
2025-09-07 12:44:04,503 INFO Epoch 16 Step 80/224 Loss 0.3350
2025-09-07 12:44:17,579 INFO Epoch 16 Step 90/224 Loss 0.3472
2025-09-07 12:44:30,655 INFO Epoch 16 Step 100/224 Loss 0.3324
2025-09-07 12:44:43,740 INFO Epoch 16 Step 110/224 Loss 0.3274
2025-09-07 12:44:56,825 INFO Epoch 16 Step 120/224 Loss 0.3393
2025-09-07 12:45:09,892 INFO Epoch 16 Step 130/224 Loss 0.3312
2025-09-07 12:45:22,965 INFO Epoch 16 Step 140/224 Loss 0.3461
2025-09-07 12:45:36,037 INFO Epoch 16 Step 150/224 Loss 0.3429
2025-09-07 12:45:49,101 INFO Epoch 16 Step 160/224 Loss 0.3360
2025-09-07 12:46:02,170 INFO Epoch 16 Step 170/224 Loss 0.3268
2025-09-07 12:46:15,361 INFO Epoch 16 Step 180/224 Loss 0.3301
2025-09-07 12:46:28,433 INFO Epoch 16 Step 190/224 Loss 0.3192
2025-09-07 12:46:41,498 INFO Epoch 16 Step 200/224 Loss 0.3180
2025-09-07 12:46:54,574 INFO Epoch 16 Step 210/224 Loss 0.3347
2025-09-07 12:47:07,639 INFO Epoch 16 Step 220/224 Loss 0.3368
2025-09-07 12:47:12,861 INFO Epoch 16 Step 224/224 Loss 0.3278
2025-09-07 12:47:12,861 INFO Epoch 16 Training Loss 0.3360
2025-09-07 12:48:03,403 INFO Validation @ epoch 16: individual:
  Engagement:
    accuracy: 0.4804314970970154
    balanced_accuracy: 0.4804314970970154
    mcc: 0.24797841906547546
    f1_micro: 0.5997023582458496
    f1_macro: 0.4082878828048706
    precision_micro: 0.5997023582458496
    precision_macro: 0.4996219575405121
    recall_micro: 0.5997023582458496
    recall_macro: 0.4804314970970154
    f1_per_class: [0.11527377367019653, 0.7600753307342529, 0.34951457381248474]
    precision_per_class: [0.42553192377090454, 0.8380398750305176, 0.23529411852359772]
    recall_per_class: [0.06666667014360428, 0.6953824758529663, 0.6792452931404114]
    auroc_macro: 0.7298631072044373
    auprc_macro: 0.46358704566955566
    auprc_per_class: [0.27679556608200073, 0.8971895575523376, 0.216776043176651]
    specificity_per_class: [0.9842657446861267, 0.6548672318458557, 0.6659051775932312]
    ece: 0.13138729333877563
    confusion_matrix: [[  20,  114,  166],
       [  23, 1009,  419],
       [   4,   81,  180]]
  Lead:
    accuracy: 0.33309438824653625
    balanced_accuracy: 0.33309438824653625
    mcc: -0.010444880463182926
    f1_micro: 0.6914682388305664
    f1_macro: 0.27253177762031555
    precision_micro: 0.6914682388305664
    precision_macro: 0.23060381412506104
    recall_micro: 0.6914682388305664
    recall_macro: 0.33309438824653625
    f1_per_class: [0.0, 0.8175953030586243, 0.0]
    precision_per_class: [0.0, 0.6918114423751831, 0.0]
    recall_per_class: [0.0, 0.9992831349372864, 0.0]
    auroc_macro: 0.5962036848068237
    auprc_macro: 0.39671048521995544
    auprc_per_class: [0.23254209756851196, 0.7550385594367981, 0.20255079865455627]
    specificity_per_class: [1.0, 0.0, 0.9994176030158997]
    ece: 0.2537532448768616
    confusion_matrix: [[   0,  322,    0],
       [   0, 1394,    1],
       [   0,  299,    0]]
loss: 0.33309443791707355
2025-09-07 12:48:20,098 INFO Epoch 17 Step 10/224 Loss 0.3285
2025-09-07 12:48:33,054 INFO Epoch 17 Step 20/224 Loss 0.3333
2025-09-07 12:48:46,056 INFO Epoch 17 Step 30/224 Loss 0.3214
2025-09-07 12:48:59,116 INFO Epoch 17 Step 40/224 Loss 0.3429
2025-09-07 12:49:12,238 INFO Epoch 17 Step 50/224 Loss 0.3164
2025-09-07 12:49:25,364 INFO Epoch 17 Step 60/224 Loss 0.3239
2025-09-07 12:49:38,692 INFO Epoch 17 Step 70/224 Loss 0.3302
2025-09-07 12:49:51,834 INFO Epoch 17 Step 80/224 Loss 0.3400
2025-09-07 12:50:04,986 INFO Epoch 17 Step 90/224 Loss 0.3446
2025-09-07 12:50:18,111 INFO Epoch 17 Step 100/224 Loss 0.3366
2025-09-07 12:50:31,259 INFO Epoch 17 Step 110/224 Loss 0.3289
2025-09-07 12:50:44,393 INFO Epoch 17 Step 120/224 Loss 0.3139
2025-09-07 12:50:57,529 INFO Epoch 17 Step 130/224 Loss 0.3262
2025-09-07 12:51:10,653 INFO Epoch 17 Step 140/224 Loss 0.3250
2025-09-07 12:51:23,765 INFO Epoch 17 Step 150/224 Loss 0.3194
2025-09-07 12:51:36,873 INFO Epoch 17 Step 160/224 Loss 0.3264
2025-09-07 12:51:49,975 INFO Epoch 17 Step 170/224 Loss 0.3183
2025-09-07 12:52:03,262 INFO Epoch 17 Step 180/224 Loss 0.3340
2025-09-07 12:52:16,352 INFO Epoch 17 Step 190/224 Loss 0.3260
2025-09-07 12:52:29,441 INFO Epoch 17 Step 200/224 Loss 0.3307
2025-09-07 12:52:42,539 INFO Epoch 17 Step 210/224 Loss 0.3304
2025-09-07 12:52:55,613 INFO Epoch 17 Step 220/224 Loss 0.3339
2025-09-07 12:53:00,843 INFO Epoch 17 Step 224/224 Loss 0.3021
2025-09-07 12:53:00,843 INFO Epoch 17 Training Loss 0.3282
2025-09-07 12:53:18,043 INFO Epoch 18 Step 10/224 Loss 0.3276
2025-09-07 12:53:31,041 INFO Epoch 18 Step 20/224 Loss 0.3445
2025-09-07 12:53:44,080 INFO Epoch 18 Step 30/224 Loss 0.3311
2025-09-07 12:53:57,150 INFO Epoch 18 Step 40/224 Loss 0.3351
2025-09-07 12:54:10,219 INFO Epoch 18 Step 50/224 Loss 0.3262
2025-09-07 12:54:23,504 INFO Epoch 18 Step 60/224 Loss 0.3030
2025-09-07 12:54:36,582 INFO Epoch 18 Step 70/224 Loss 0.3019
2025-09-07 12:54:49,667 INFO Epoch 18 Step 80/224 Loss 0.3107
2025-09-07 12:55:02,756 INFO Epoch 18 Step 90/224 Loss 0.3293
2025-09-07 12:55:15,833 INFO Epoch 18 Step 100/224 Loss 0.3005
2025-09-07 12:55:28,929 INFO Epoch 18 Step 110/224 Loss 0.3208
2025-09-07 12:55:42,024 INFO Epoch 18 Step 120/224 Loss 0.3092
2025-09-07 12:55:55,102 INFO Epoch 18 Step 130/224 Loss 0.3264
2025-09-07 12:56:08,181 INFO Epoch 18 Step 140/224 Loss 0.3354
2025-09-07 12:56:21,273 INFO Epoch 18 Step 150/224 Loss 0.3223
2025-09-07 12:56:34,351 INFO Epoch 18 Step 160/224 Loss 0.3103
2025-09-07 12:56:47,440 INFO Epoch 18 Step 170/224 Loss 0.3284
2025-09-07 12:57:00,650 INFO Epoch 18 Step 180/224 Loss 0.3297
2025-09-07 12:57:13,715 INFO Epoch 18 Step 190/224 Loss 0.3377
2025-09-07 12:57:26,790 INFO Epoch 18 Step 200/224 Loss 0.3246
2025-09-07 12:57:39,863 INFO Epoch 18 Step 210/224 Loss 0.3294
2025-09-07 12:57:52,944 INFO Epoch 18 Step 220/224 Loss 0.3250
2025-09-07 12:57:58,165 INFO Epoch 18 Step 224/224 Loss 0.3391
2025-09-07 12:57:58,165 INFO Epoch 18 Training Loss 0.3234
2025-09-07 12:58:14,786 INFO Epoch 19 Step 10/224 Loss 0.3221
2025-09-07 12:58:27,777 INFO Epoch 19 Step 20/224 Loss 0.3173
2025-09-07 12:58:40,811 INFO Epoch 19 Step 30/224 Loss 0.3087
2025-09-07 12:58:53,855 INFO Epoch 19 Step 40/224 Loss 0.2999
2025-09-07 12:59:06,921 INFO Epoch 19 Step 50/224 Loss 0.3331
2025-09-07 12:59:20,110 INFO Epoch 19 Step 60/224 Loss 0.3113
2025-09-07 12:59:33,183 INFO Epoch 19 Step 70/224 Loss 0.3268
2025-09-07 12:59:46,357 INFO Epoch 19 Step 80/224 Loss 0.3045
2025-09-07 12:59:59,448 INFO Epoch 19 Step 90/224 Loss 0.3208
2025-09-07 13:00:12,523 INFO Epoch 19 Step 100/224 Loss 0.3327
2025-09-07 13:00:25,604 INFO Epoch 19 Step 110/224 Loss 0.3117
2025-09-07 13:00:38,690 INFO Epoch 19 Step 120/224 Loss 0.3272
2025-09-07 13:00:51,772 INFO Epoch 19 Step 130/224 Loss 0.3081
2025-09-07 13:01:04,856 INFO Epoch 19 Step 140/224 Loss 0.3040
2025-09-07 13:01:17,946 INFO Epoch 19 Step 150/224 Loss 0.3296
2025-09-07 13:01:31,027 INFO Epoch 19 Step 160/224 Loss 0.3130
2025-09-07 13:01:44,296 INFO Epoch 19 Step 170/224 Loss 0.3271
2025-09-07 13:01:57,368 INFO Epoch 19 Step 180/224 Loss 0.3370
2025-09-07 13:02:10,451 INFO Epoch 19 Step 190/224 Loss 0.3294
2025-09-07 13:02:23,531 INFO Epoch 19 Step 200/224 Loss 0.3198
2025-09-07 13:02:36,621 INFO Epoch 19 Step 210/224 Loss 0.3291
2025-09-07 13:02:49,687 INFO Epoch 19 Step 220/224 Loss 0.3320
2025-09-07 13:02:54,909 INFO Epoch 19 Step 224/224 Loss 0.3503
2025-09-07 13:02:54,909 INFO Epoch 19 Training Loss 0.3208
2025-09-07 13:03:11,624 INFO Epoch 20 Step 10/224 Loss 0.3143
2025-09-07 13:03:24,636 INFO Epoch 20 Step 20/224 Loss 0.3101
2025-09-07 13:03:37,675 INFO Epoch 20 Step 30/224 Loss 0.3241
2025-09-07 13:03:50,722 INFO Epoch 20 Step 40/224 Loss 0.3185
2025-09-07 13:04:03,788 INFO Epoch 20 Step 50/224 Loss 0.3286
2025-09-07 13:04:17,063 INFO Epoch 20 Step 60/224 Loss 0.3008
2025-09-07 13:04:30,145 INFO Epoch 20 Step 70/224 Loss 0.3213
2025-09-07 13:04:43,241 INFO Epoch 20 Step 80/224 Loss 0.3073
2025-09-07 13:04:56,328 INFO Epoch 20 Step 90/224 Loss 0.3150
2025-09-07 13:05:09,411 INFO Epoch 20 Step 100/224 Loss 0.3048
2025-09-07 13:05:22,492 INFO Epoch 20 Step 110/224 Loss 0.3154
2025-09-07 13:05:35,582 INFO Epoch 20 Step 120/224 Loss 0.3078
2025-09-07 13:05:48,661 INFO Epoch 20 Step 130/224 Loss 0.3131
2025-09-07 13:06:01,750 INFO Epoch 20 Step 140/224 Loss 0.3244
2025-09-07 13:06:14,840 INFO Epoch 20 Step 150/224 Loss 0.3117
2025-09-07 13:06:27,923 INFO Epoch 20 Step 160/224 Loss 0.3169
2025-09-07 13:06:41,210 INFO Epoch 20 Step 170/224 Loss 0.3092
2025-09-07 13:06:54,296 INFO Epoch 20 Step 180/224 Loss 0.3005
2025-09-07 13:07:07,394 INFO Epoch 20 Step 190/224 Loss 0.3116
2025-09-07 13:07:20,480 INFO Epoch 20 Step 200/224 Loss 0.3105
2025-09-07 13:07:33,566 INFO Epoch 20 Step 210/224 Loss 0.3147
2025-09-07 13:07:46,641 INFO Epoch 20 Step 220/224 Loss 0.3059
2025-09-07 13:07:51,866 INFO Epoch 20 Step 224/224 Loss 0.2994
2025-09-07 13:07:51,866 INFO Epoch 20 Training Loss 0.3128
2025-09-07 13:08:42,060 INFO Validation @ epoch 20: individual:
  Engagement:
    accuracy: 0.34310024976730347
    balanced_accuracy: 0.34310024976730347
    mcc: 0.061022527515888214
    f1_micro: 0.7157738208770752
    f1_macro: 0.30500271916389465
    precision_micro: 0.7157738208770752
    precision_macro: 0.39840489625930786
    recall_micro: 0.7157738208770752
    recall_macro: 0.34310024976730347
    f1_per_class: [0.07250755280256271, 0.8352803587913513, 0.007220216561108828]
    precision_per_class: [0.3870967626571655, 0.7247846126556396, 0.0833333358168602]
    recall_per_class: [0.03999999910593033, 0.9855272173881531, 0.0037735849618911743]
    auroc_macro: 0.7701048851013184
    auprc_macro: 0.4945729672908783
    auprc_per_class: [0.3037174344062805, 0.9187740087509155, 0.26122748851776123]
    specificity_per_class: [0.9889277219772339, 0.03893805295228958, 0.9937178492546082]
    ece: 0.08714243769645691
    confusion_matrix: [[  12,  284,    4],
       [  14, 1430,    7],
       [   5,  259,    1]]
  Lead:
    accuracy: 0.3779989778995514
    balanced_accuracy: 0.3779989778995514
    mcc: 0.10196664929389954
    f1_micro: 0.66567462682724
    f1_macro: 0.36452624201774597
    precision_micro: 0.66567462682724
    precision_macro: 0.5140239000320435
    recall_micro: 0.66567462682724
    recall_macro: 0.3779989778995514
    f1_per_class: [0.2350674420595169, 0.7956181764602661, 0.0628930851817131]
    precision_per_class: [0.3096446692943573, 0.7061111330986023, 0.5263158082962036]
    recall_per_class: [0.1894409954547882, 0.9111111164093018, 0.03344481438398361]
    auroc_macro: 0.6064426898956299
    auprc_macro: 0.4102739691734314
    auprc_per_class: [0.23811191320419312, 0.7659626007080078, 0.22674739360809326]
    specificity_per_class: [0.9197166562080383, 0.14814814925193787, 0.9947583079338074]
    ece: 0.20352043211460114
    confusion_matrix: [[  61,  260,    1],
       [ 116, 1271,    8],
       [  20,  269,   10]]
loss: 0.3314247131347656
2025-09-07 13:08:58,551 INFO Epoch 21 Step 10/224 Loss 0.2998
2025-09-07 13:09:11,492 INFO Epoch 21 Step 20/224 Loss 0.3054
2025-09-07 13:09:24,509 INFO Epoch 21 Step 30/224 Loss 0.3027
2025-09-07 13:09:37,582 INFO Epoch 21 Step 40/224 Loss 0.3065
2025-09-07 13:09:50,696 INFO Epoch 21 Step 50/224 Loss 0.2875
2025-09-07 13:10:04,022 INFO Epoch 21 Step 60/224 Loss 0.3207
2025-09-07 13:10:17,154 INFO Epoch 21 Step 70/224 Loss 0.3118
2025-09-07 13:10:30,312 INFO Epoch 21 Step 80/224 Loss 0.3303
2025-09-07 13:10:43,455 INFO Epoch 21 Step 90/224 Loss 0.3098
2025-09-07 13:10:56,606 INFO Epoch 21 Step 100/224 Loss 0.3113
2025-09-07 13:11:09,753 INFO Epoch 21 Step 110/224 Loss 0.3066
2025-09-07 13:11:22,879 INFO Epoch 21 Step 120/224 Loss 0.3089
2025-09-07 13:11:35,997 INFO Epoch 21 Step 130/224 Loss 0.3156
2025-09-07 13:11:49,116 INFO Epoch 21 Step 140/224 Loss 0.3030
2025-09-07 13:12:02,236 INFO Epoch 21 Step 150/224 Loss 0.2986
2025-09-07 13:12:15,352 INFO Epoch 21 Step 160/224 Loss 0.3056
2025-09-07 13:12:28,564 INFO Epoch 21 Step 170/224 Loss 0.3197
2025-09-07 13:12:41,674 INFO Epoch 21 Step 180/224 Loss 0.2932
2025-09-07 13:12:54,776 INFO Epoch 21 Step 190/224 Loss 0.3001
2025-09-07 13:13:07,885 INFO Epoch 21 Step 200/224 Loss 0.2970
2025-09-07 13:13:20,984 INFO Epoch 21 Step 210/224 Loss 0.3214
2025-09-07 13:13:34,074 INFO Epoch 21 Step 220/224 Loss 0.3262
2025-09-07 13:13:39,310 INFO Epoch 21 Step 224/224 Loss 0.2815
2025-09-07 13:13:39,310 INFO Epoch 21 Training Loss 0.3078
2025-09-07 13:13:55,997 INFO Epoch 22 Step 10/224 Loss 0.2933
2025-09-07 13:14:09,037 INFO Epoch 22 Step 20/224 Loss 0.2936
2025-09-07 13:14:22,099 INFO Epoch 22 Step 30/224 Loss 0.2987
2025-09-07 13:14:35,177 INFO Epoch 22 Step 40/224 Loss 0.2999
2025-09-07 13:14:48,443 INFO Epoch 22 Step 50/224 Loss 0.2847
2025-09-07 13:15:01,545 INFO Epoch 22 Step 60/224 Loss 0.2899
2025-09-07 13:15:14,631 INFO Epoch 22 Step 70/224 Loss 0.3246
2025-09-07 13:15:27,721 INFO Epoch 22 Step 80/224 Loss 0.2967
2025-09-07 13:15:40,818 INFO Epoch 22 Step 90/224 Loss 0.3213
2025-09-07 13:15:53,908 INFO Epoch 22 Step 100/224 Loss 0.2881
2025-09-07 13:16:06,996 INFO Epoch 22 Step 110/224 Loss 0.2814
2025-09-07 13:16:20,078 INFO Epoch 22 Step 120/224 Loss 0.3017
2025-09-07 13:16:33,166 INFO Epoch 22 Step 130/224 Loss 0.3122
2025-09-07 13:16:46,247 INFO Epoch 22 Step 140/224 Loss 0.3060
2025-09-07 13:16:59,338 INFO Epoch 22 Step 150/224 Loss 0.3178
2025-09-07 13:17:12,569 INFO Epoch 22 Step 160/224 Loss 0.3090
2025-09-07 13:17:25,662 INFO Epoch 22 Step 170/224 Loss 0.3065
2025-09-07 13:17:38,751 INFO Epoch 22 Step 180/224 Loss 0.3084
2025-09-07 13:17:51,832 INFO Epoch 22 Step 190/224 Loss 0.3086
2025-09-07 13:18:04,917 INFO Epoch 22 Step 200/224 Loss 0.2904
2025-09-07 13:18:18,023 INFO Epoch 22 Step 210/224 Loss 0.2995
2025-09-07 13:18:31,088 INFO Epoch 22 Step 220/224 Loss 0.3118
2025-09-07 13:18:36,304 INFO Epoch 22 Step 224/224 Loss 0.2960
2025-09-07 13:18:36,305 INFO Epoch 22 Training Loss 0.3019
2025-09-07 13:18:52,842 INFO Epoch 23 Step 10/224 Loss 0.2830
2025-09-07 13:19:05,861 INFO Epoch 23 Step 20/224 Loss 0.3170
2025-09-07 13:19:18,900 INFO Epoch 23 Step 30/224 Loss 0.2887
2025-09-07 13:19:31,957 INFO Epoch 23 Step 40/224 Loss 0.2935
2025-09-07 13:19:45,209 INFO Epoch 23 Step 50/224 Loss 0.3059
2025-09-07 13:19:58,283 INFO Epoch 23 Step 60/224 Loss 0.2772
2025-09-07 13:20:11,373 INFO Epoch 23 Step 70/224 Loss 0.3000
2025-09-07 13:20:24,451 INFO Epoch 23 Step 80/224 Loss 0.3035
2025-09-07 13:20:37,540 INFO Epoch 23 Step 90/224 Loss 0.2959
2025-09-07 13:20:50,630 INFO Epoch 23 Step 100/224 Loss 0.3201
2025-09-07 13:21:03,722 INFO Epoch 23 Step 110/224 Loss 0.3013
2025-09-07 13:21:16,814 INFO Epoch 23 Step 120/224 Loss 0.3144
2025-09-07 13:21:29,888 INFO Epoch 23 Step 130/224 Loss 0.2959
2025-09-07 13:21:42,975 INFO Epoch 23 Step 140/224 Loss 0.2968
2025-09-07 13:21:56,056 INFO Epoch 23 Step 150/224 Loss 0.3154
2025-09-07 13:22:09,334 INFO Epoch 23 Step 160/224 Loss 0.2834
2025-09-07 13:22:22,403 INFO Epoch 23 Step 170/224 Loss 0.3049
2025-09-07 13:22:35,479 INFO Epoch 23 Step 180/224 Loss 0.3090
2025-09-07 13:22:48,554 INFO Epoch 23 Step 190/224 Loss 0.3297
2025-09-07 13:23:01,635 INFO Epoch 23 Step 200/224 Loss 0.3004
2025-09-07 13:23:14,718 INFO Epoch 23 Step 210/224 Loss 0.3034
2025-09-07 13:23:27,785 INFO Epoch 23 Step 220/224 Loss 0.3045
2025-09-07 13:23:33,012 INFO Epoch 23 Step 224/224 Loss 0.3094
2025-09-07 13:23:33,017 INFO Epoch 23 Training Loss 0.3021
2025-09-07 13:23:49,731 INFO Epoch 24 Step 10/224 Loss 0.3292
2025-09-07 13:24:02,734 INFO Epoch 24 Step 20/224 Loss 0.2993
2025-09-07 13:24:15,788 INFO Epoch 24 Step 30/224 Loss 0.3095
2025-09-07 13:24:28,845 INFO Epoch 24 Step 40/224 Loss 0.3035
2025-09-07 13:24:42,167 INFO Epoch 24 Step 50/224 Loss 0.2844
2025-09-07 13:24:55,233 INFO Epoch 24 Step 60/224 Loss 0.2949
2025-09-07 13:25:08,298 INFO Epoch 24 Step 70/224 Loss 0.2900
2025-09-07 13:25:21,384 INFO Epoch 24 Step 80/224 Loss 0.2842
2025-09-07 13:25:34,482 INFO Epoch 24 Step 90/224 Loss 0.2695
2025-09-07 13:25:47,566 INFO Epoch 24 Step 100/224 Loss 0.2711
2025-09-07 13:26:00,657 INFO Epoch 24 Step 110/224 Loss 0.2705
2025-09-07 13:26:13,762 INFO Epoch 24 Step 120/224 Loss 0.2826
2025-09-07 13:26:26,846 INFO Epoch 24 Step 130/224 Loss 0.3165
2025-09-07 13:26:39,931 INFO Epoch 24 Step 140/224 Loss 0.2989
2025-09-07 13:26:53,021 INFO Epoch 24 Step 150/224 Loss 0.2991
2025-09-07 13:27:06,200 INFO Epoch 24 Step 160/224 Loss 0.2931
2025-09-07 13:27:19,273 INFO Epoch 24 Step 170/224 Loss 0.3077
2025-09-07 13:27:32,364 INFO Epoch 24 Step 180/224 Loss 0.2856
2025-09-07 13:27:45,438 INFO Epoch 24 Step 190/224 Loss 0.3048
2025-09-07 13:27:58,511 INFO Epoch 24 Step 200/224 Loss 0.3012
2025-09-07 13:28:11,587 INFO Epoch 24 Step 210/224 Loss 0.2914
2025-09-07 13:28:24,664 INFO Epoch 24 Step 220/224 Loss 0.2944
2025-09-07 13:28:29,891 INFO Epoch 24 Step 224/224 Loss 0.2915
2025-09-07 13:28:29,891 INFO Epoch 24 Training Loss 0.2945
2025-09-07 13:29:20,010 INFO Validation @ epoch 24: individual:
  Engagement:
    accuracy: 0.5500434041023254
    balanced_accuracy: 0.5500434041023254
    mcc: 0.33165472745895386
    f1_micro: 0.598710298538208
    f1_macro: 0.4890224039554596
    precision_micro: 0.598710298538208
    precision_macro: 0.5054973363876343
    recall_micro: 0.598710298538208
    recall_macro: 0.5500434041023254
    f1_per_class: [0.3565640151500702, 0.7549938559532166, 0.35550934076309204]
    precision_per_class: [0.34700316190719604, 0.9241517186164856, 0.24533715844154358]
    recall_per_class: [0.36666667461395264, 0.6381805539131165, 0.645283043384552]
    auroc_macro: 0.7766761779785156
    auprc_macro: 0.5053613185882568
    auprc_per_class: [0.3478280305862427, 0.9241067171096802, 0.24414926767349243]
    specificity_per_class: [0.8793706297874451, 0.865486741065979, 0.6996002197265625]
    ece: 0.07180850207805634
    confusion_matrix: [[110,  43, 147],
       [146, 926, 379],
       [ 61,  33, 171]]
  Lead:
    accuracy: 0.3999698758125305
    balanced_accuracy: 0.3999698758125305
    mcc: 0.11014381051063538
    f1_micro: 0.6269841194152832
    f1_macro: 0.40623047947883606
    precision_micro: 0.6269841194152832
    precision_macro: 0.4291571080684662
    recall_micro: 0.6269841194152832
    recall_macro: 0.3999698758125305
    f1_per_class: [0.24416516721248627, 0.7639999985694885, 0.21052631735801697]
    precision_per_class: [0.28936171531677246, 0.714018702507019, 0.28409090638160706]
    recall_per_class: [0.21118012070655823, 0.8215053677558899, 0.16722407937049866]
    auroc_macro: 0.6338332891464233
    auprc_macro: 0.4244304895401001
    auprc_per_class: [0.24231845140457153, 0.7963188886642456, 0.23465415835380554]
    specificity_per_class: [0.9014167785644531, 0.260869562625885, 0.9266161918640137]
    ece: 0.16045266389846802
    confusion_matrix: [[  68,  231,   23],
       [ 146, 1146,  103],
       [  21,  228,   50]]
loss: 0.31948559624808176
2025-09-07 13:29:37,049 INFO Epoch 25 Step 10/224 Loss 0.2811
2025-09-07 13:29:49,997 INFO Epoch 25 Step 20/224 Loss 0.2848
2025-09-07 13:30:03,004 INFO Epoch 25 Step 30/224 Loss 0.2936
2025-09-07 13:30:16,269 INFO Epoch 25 Step 40/224 Loss 0.2802
2025-09-07 13:30:29,379 INFO Epoch 25 Step 50/224 Loss 0.3073
2025-09-07 13:30:42,524 INFO Epoch 25 Step 60/224 Loss 0.2980
2025-09-07 13:30:55,685 INFO Epoch 25 Step 70/224 Loss 0.2940
2025-09-07 13:31:08,853 INFO Epoch 25 Step 80/224 Loss 0.2962
2025-09-07 13:31:22,002 INFO Epoch 25 Step 90/224 Loss 0.2856
2025-09-07 13:31:35,149 INFO Epoch 25 Step 100/224 Loss 0.2837
2025-09-07 13:31:48,314 INFO Epoch 25 Step 110/224 Loss 0.2927
2025-09-07 13:32:01,441 INFO Epoch 25 Step 120/224 Loss 0.2938
2025-09-07 13:32:14,582 INFO Epoch 25 Step 130/224 Loss 0.2828
2025-09-07 13:32:27,716 INFO Epoch 25 Step 140/224 Loss 0.2753
2025-09-07 13:32:41,030 INFO Epoch 25 Step 150/224 Loss 0.2921
2025-09-07 13:32:54,140 INFO Epoch 25 Step 160/224 Loss 0.2780
2025-09-07 13:33:07,265 INFO Epoch 25 Step 170/224 Loss 0.2856
2025-09-07 13:33:20,376 INFO Epoch 25 Step 180/224 Loss 0.2886
2025-09-07 13:33:33,490 INFO Epoch 25 Step 190/224 Loss 0.2798
2025-09-07 13:33:46,598 INFO Epoch 25 Step 200/224 Loss 0.2795
2025-09-07 13:33:59,711 INFO Epoch 25 Step 210/224 Loss 0.2918
2025-09-07 13:34:12,824 INFO Epoch 25 Step 220/224 Loss 0.3105
2025-09-07 13:34:18,051 INFO Epoch 25 Step 224/224 Loss 0.2658
2025-09-07 13:34:18,051 INFO Epoch 25 Training Loss 0.2884
2025-09-07 13:34:34,885 INFO Epoch 26 Step 10/224 Loss 0.2685
2025-09-07 13:34:47,895 INFO Epoch 26 Step 20/224 Loss 0.2712
2025-09-07 13:35:00,953 INFO Epoch 26 Step 30/224 Loss 0.2705
2025-09-07 13:35:14,229 INFO Epoch 26 Step 40/224 Loss 0.2756
2025-09-07 13:35:27,306 INFO Epoch 26 Step 50/224 Loss 0.2861
2025-09-07 13:35:40,391 INFO Epoch 26 Step 60/224 Loss 0.2664
2025-09-07 13:35:53,474 INFO Epoch 26 Step 70/224 Loss 0.2703
2025-09-07 13:36:06,546 INFO Epoch 26 Step 80/224 Loss 0.2842
2025-09-07 13:36:19,638 INFO Epoch 26 Step 90/224 Loss 0.2788
2025-09-07 13:36:32,728 INFO Epoch 26 Step 100/224 Loss 0.2628
2025-09-07 13:36:45,800 INFO Epoch 26 Step 110/224 Loss 0.2742
2025-09-07 13:36:58,894 INFO Epoch 26 Step 120/224 Loss 0.2881
2025-09-07 13:37:11,988 INFO Epoch 26 Step 130/224 Loss 0.2803
2025-09-07 13:37:25,093 INFO Epoch 26 Step 140/224 Loss 0.2974
2025-09-07 13:37:38,288 INFO Epoch 26 Step 150/224 Loss 0.3100
2025-09-07 13:37:51,369 INFO Epoch 26 Step 160/224 Loss 0.2737
2025-09-07 13:38:04,472 INFO Epoch 26 Step 170/224 Loss 0.2965
2025-09-07 13:38:17,565 INFO Epoch 26 Step 180/224 Loss 0.2904
2025-09-07 13:38:30,636 INFO Epoch 26 Step 190/224 Loss 0.2859
2025-09-07 13:38:43,720 INFO Epoch 26 Step 200/224 Loss 0.2821
2025-09-07 13:38:56,812 INFO Epoch 26 Step 210/224 Loss 0.2794
2025-09-07 13:39:09,886 INFO Epoch 26 Step 220/224 Loss 0.2929
2025-09-07 13:39:15,110 INFO Epoch 26 Step 224/224 Loss 0.3115
2025-09-07 13:39:15,110 INFO Epoch 26 Training Loss 0.2817
2025-09-07 13:39:32,046 INFO Epoch 27 Step 10/224 Loss 0.2686
2025-09-07 13:39:45,057 INFO Epoch 27 Step 20/224 Loss 0.2803
2025-09-07 13:39:58,119 INFO Epoch 27 Step 30/224 Loss 0.2462
2025-09-07 13:40:11,375 INFO Epoch 27 Step 40/224 Loss 0.2641
2025-09-07 13:40:24,434 INFO Epoch 27 Step 50/224 Loss 0.2858
2025-09-07 13:40:37,500 INFO Epoch 27 Step 60/224 Loss 0.2747
2025-09-07 13:40:50,575 INFO Epoch 27 Step 70/224 Loss 0.2993
2025-09-07 13:41:03,664 INFO Epoch 27 Step 80/224 Loss 0.2917
2025-09-07 13:41:16,743 INFO Epoch 27 Step 90/224 Loss 0.2793
2025-09-07 13:41:29,828 INFO Epoch 27 Step 100/224 Loss 0.2518
2025-09-07 13:41:42,910 INFO Epoch 27 Step 110/224 Loss 0.2745
2025-09-07 13:41:55,999 INFO Epoch 27 Step 120/224 Loss 0.2791
2025-09-07 13:42:09,093 INFO Epoch 27 Step 130/224 Loss 0.2876
2025-09-07 13:42:22,182 INFO Epoch 27 Step 140/224 Loss 0.2817
2025-09-07 13:42:35,450 INFO Epoch 27 Step 150/224 Loss 0.2849
2025-09-07 13:42:48,534 INFO Epoch 27 Step 160/224 Loss 0.2841
2025-09-07 13:43:01,614 INFO Epoch 27 Step 170/224 Loss 0.2918
2025-09-07 13:43:14,708 INFO Epoch 27 Step 180/224 Loss 0.2773
2025-09-07 13:43:27,795 INFO Epoch 27 Step 190/224 Loss 0.2894
2025-09-07 13:43:40,872 INFO Epoch 27 Step 200/224 Loss 0.2748
2025-09-07 13:43:53,963 INFO Epoch 27 Step 210/224 Loss 0.2806
2025-09-07 13:44:07,050 INFO Epoch 27 Step 220/224 Loss 0.2570
2025-09-07 13:44:12,278 INFO Epoch 27 Step 224/224 Loss 0.2934
2025-09-07 13:44:12,279 INFO Epoch 27 Training Loss 0.2778
2025-09-07 13:44:29,046 INFO Epoch 28 Step 10/224 Loss 0.2780
2025-09-07 13:44:42,047 INFO Epoch 28 Step 20/224 Loss 0.2387
2025-09-07 13:44:55,240 INFO Epoch 28 Step 30/224 Loss 0.2428
2025-09-07 13:45:08,314 INFO Epoch 28 Step 40/224 Loss 0.2811
2025-09-07 13:45:21,392 INFO Epoch 28 Step 50/224 Loss 0.2833
2025-09-07 13:45:34,471 INFO Epoch 28 Step 60/224 Loss 0.2708
2025-09-07 13:45:47,563 INFO Epoch 28 Step 70/224 Loss 0.2575
2025-09-07 13:46:00,651 INFO Epoch 28 Step 80/224 Loss 0.2726
2025-09-07 13:46:13,751 INFO Epoch 28 Step 90/224 Loss 0.2857
2025-09-07 13:46:26,835 INFO Epoch 28 Step 100/224 Loss 0.2664
2025-09-07 13:46:39,918 INFO Epoch 28 Step 110/224 Loss 0.2632
2025-09-07 13:46:53,009 INFO Epoch 28 Step 120/224 Loss 0.2682
2025-09-07 13:47:06,092 INFO Epoch 28 Step 130/224 Loss 0.2632
2025-09-07 13:47:19,182 INFO Epoch 28 Step 140/224 Loss 0.2681
2025-09-07 13:47:32,430 INFO Epoch 28 Step 150/224 Loss 0.2629
2025-09-07 13:47:45,504 INFO Epoch 28 Step 160/224 Loss 0.2890
2025-09-07 13:47:58,604 INFO Epoch 28 Step 170/224 Loss 0.2759
2025-09-07 13:48:11,692 INFO Epoch 28 Step 180/224 Loss 0.2556
2025-09-07 13:48:24,766 INFO Epoch 28 Step 190/224 Loss 0.2826
2025-09-07 13:48:37,847 INFO Epoch 28 Step 200/224 Loss 0.2848
2025-09-07 13:48:50,934 INFO Epoch 28 Step 210/224 Loss 0.2682
2025-09-07 13:49:04,012 INFO Epoch 28 Step 220/224 Loss 0.2801
2025-09-07 13:49:09,242 INFO Epoch 28 Step 224/224 Loss 0.2886
2025-09-07 13:49:09,242 INFO Epoch 28 Training Loss 0.2703
2025-09-07 13:49:59,651 INFO Validation @ epoch 28: individual:
  Engagement:
    accuracy: 0.5670999884605408
    balanced_accuracy: 0.5670999884605408
    mcc: 0.34225553274154663
    f1_micro: 0.5917658805847168
    f1_macro: 0.4971032738685608
    precision_micro: 0.5917658805847168
    precision_macro: 0.5096627473831177
    recall_micro: 0.5917658805847168
    recall_macro: 0.5670999884605408
    f1_per_class: [0.3921568691730499, 0.7412353754043579, 0.35791757702827454]
    precision_per_class: [0.33816424012184143, 0.9396825432777405, 0.2511415481567383]
    recall_per_class: [0.46666666865348816, 0.6119917035102844, 0.6226415038108826]
    auroc_macro: 0.7937418222427368
    auprc_macro: 0.5228501558303833
    auprc_per_class: [0.3688011169433594, 0.9283180832862854, 0.27143123745918274]
    specificity_per_class: [0.8403263688087463, 0.8991150259971619, 0.7190176844596863]
    ece: 0.06183763965964317
    confusion_matrix: [[140,  29, 131],
       [202, 888, 361],
       [ 72,  28, 165]]
  Lead:
    accuracy: 0.42354273796081543
    balanced_accuracy: 0.42354273796081543
    mcc: 0.16524788737297058
    f1_micro: 0.6532738208770752
    f1_macro: 0.4318411350250244
    precision_micro: 0.6532738208770752
    precision_macro: 0.46859294176101685
    recall_micro: 0.6532738208770752
    recall_macro: 0.42354273796081543
    f1_per_class: [0.2956521809101105, 0.7847682237625122, 0.21510297060012817]
    precision_per_class: [0.33596837520599365, 0.7292307615280151, 0.34057971835136414]
    recall_per_class: [0.2639751434326172, 0.8494623899459839, 0.15719063580036163]
    auroc_macro: 0.6706849932670593
    auprc_macro: 0.45465123653411865
    auprc_per_class: [0.2770024538040161, 0.8225336074829102, 0.2644176483154297]
    specificity_per_class: [0.9008264541625977, 0.2914653718471527, 0.9470005631446838]
    ece: 0.16395437717437744
    confusion_matrix: [[  85,  216,   21],
       [ 140, 1185,   70],
       [  28,  224,   47]]
loss: 0.33332113992600215
2025-09-07 13:50:16,204 INFO Epoch 29 Step 10/224 Loss 0.2648
2025-09-07 13:50:29,139 INFO Epoch 29 Step 20/224 Loss 0.2616
2025-09-07 13:50:42,351 INFO Epoch 29 Step 30/224 Loss 0.2675
2025-09-07 13:50:55,438 INFO Epoch 29 Step 40/224 Loss 0.2758
2025-09-07 13:51:08,555 INFO Epoch 29 Step 50/224 Loss 0.2560
2025-09-07 13:51:21,779 INFO Epoch 29 Step 60/224 Loss 0.2577
2025-09-07 13:51:34,932 INFO Epoch 29 Step 70/224 Loss 0.2672
2025-09-07 13:51:48,081 INFO Epoch 29 Step 80/224 Loss 0.2637
2025-09-07 13:52:01,249 INFO Epoch 29 Step 90/224 Loss 0.2425
2025-09-07 13:52:14,400 INFO Epoch 29 Step 100/224 Loss 0.2803
2025-09-07 13:52:27,531 INFO Epoch 29 Step 110/224 Loss 0.2825
2025-09-07 13:52:40,684 INFO Epoch 29 Step 120/224 Loss 0.2603
2025-09-07 13:52:53,817 INFO Epoch 29 Step 130/224 Loss 0.2650
2025-09-07 13:53:07,071 INFO Epoch 29 Step 140/224 Loss 0.2815
2025-09-07 13:53:20,211 INFO Epoch 29 Step 150/224 Loss 0.2767
2025-09-07 13:53:33,331 INFO Epoch 29 Step 160/224 Loss 0.2639
2025-09-07 13:53:46,448 INFO Epoch 29 Step 170/224 Loss 0.2630
2025-09-07 13:53:59,569 INFO Epoch 29 Step 180/224 Loss 0.2762
2025-09-07 13:54:12,684 INFO Epoch 29 Step 190/224 Loss 0.2471
2025-09-07 13:54:25,797 INFO Epoch 29 Step 200/224 Loss 0.2540
2025-09-07 13:54:38,919 INFO Epoch 29 Step 210/224 Loss 0.2685
2025-09-07 13:54:52,007 INFO Epoch 29 Step 220/224 Loss 0.2844
2025-09-07 13:54:57,242 INFO Epoch 29 Step 224/224 Loss 0.2766
2025-09-07 13:54:57,242 INFO Epoch 29 Training Loss 0.2666
2025-09-07 13:55:14,239 INFO Epoch 30 Step 10/224 Loss 0.2575
2025-09-07 13:55:27,265 INFO Epoch 30 Step 20/224 Loss 0.2409
2025-09-07 13:55:40,499 INFO Epoch 30 Step 30/224 Loss 0.2527
2025-09-07 13:55:53,572 INFO Epoch 30 Step 40/224 Loss 0.2501
2025-09-07 13:56:06,642 INFO Epoch 30 Step 50/224 Loss 0.2764
2025-09-07 13:56:19,749 INFO Epoch 30 Step 60/224 Loss 0.2677
2025-09-07 13:56:32,845 INFO Epoch 30 Step 70/224 Loss 0.2645
2025-09-07 13:56:45,937 INFO Epoch 30 Step 80/224 Loss 0.2775
2025-09-07 13:56:59,038 INFO Epoch 30 Step 90/224 Loss 0.2714
2025-09-07 13:57:12,143 INFO Epoch 30 Step 100/224 Loss 0.2806
2025-09-07 13:57:25,242 INFO Epoch 30 Step 110/224 Loss 0.2817
2025-09-07 13:57:38,358 INFO Epoch 30 Step 120/224 Loss 0.2795
2025-09-07 13:57:51,456 INFO Epoch 30 Step 130/224 Loss 0.2636
2025-09-07 13:58:04,706 INFO Epoch 30 Step 140/224 Loss 0.2671
2025-09-07 13:58:17,786 INFO Epoch 30 Step 150/224 Loss 0.2682
2025-09-07 13:58:30,883 INFO Epoch 30 Step 160/224 Loss 0.2565
2025-09-07 13:58:43,976 INFO Epoch 30 Step 170/224 Loss 0.2880
2025-09-07 13:58:57,081 INFO Epoch 30 Step 180/224 Loss 0.2469
2025-09-07 13:59:10,170 INFO Epoch 30 Step 190/224 Loss 0.2540
2025-09-07 13:59:23,253 INFO Epoch 30 Step 200/224 Loss 0.2401
2025-09-07 13:59:36,347 INFO Epoch 30 Step 210/224 Loss 0.2459
2025-09-07 13:59:49,424 INFO Epoch 30 Step 220/224 Loss 0.2604
2025-09-07 13:59:54,647 INFO Epoch 30 Step 224/224 Loss 0.2360
2025-09-07 13:59:54,647 INFO Epoch 30 Training Loss 0.2628
2025-09-07 14:00:11,714 INFO Epoch 31 Step 10/224 Loss 0.2522
2025-09-07 14:00:24,720 INFO Epoch 31 Step 20/224 Loss 0.2514
2025-09-07 14:00:37,908 INFO Epoch 31 Step 30/224 Loss 0.2573
2025-09-07 14:00:50,961 INFO Epoch 31 Step 40/224 Loss 0.2489
2025-09-07 14:01:04,037 INFO Epoch 31 Step 50/224 Loss 0.2242
2025-09-07 14:01:17,126 INFO Epoch 31 Step 60/224 Loss 0.2641
2025-09-07 14:01:30,210 INFO Epoch 31 Step 70/224 Loss 0.2289
2025-09-07 14:01:43,301 INFO Epoch 31 Step 80/224 Loss 0.2305
2025-09-07 14:01:56,400 INFO Epoch 31 Step 90/224 Loss 0.2555
2025-09-07 14:02:09,501 INFO Epoch 31 Step 100/224 Loss 0.2742
2025-09-07 14:02:22,600 INFO Epoch 31 Step 110/224 Loss 0.2691
2025-09-07 14:02:35,688 INFO Epoch 31 Step 120/224 Loss 0.2663
2025-09-07 14:02:48,783 INFO Epoch 31 Step 130/224 Loss 0.2523
2025-09-07 14:03:01,989 INFO Epoch 31 Step 140/224 Loss 0.2770
2025-09-07 14:03:15,085 INFO Epoch 31 Step 150/224 Loss 0.2562
2025-09-07 14:03:28,165 INFO Epoch 31 Step 160/224 Loss 0.2671
2025-09-07 14:03:41,255 INFO Epoch 31 Step 170/224 Loss 0.2608
2025-09-07 14:03:54,337 INFO Epoch 31 Step 180/224 Loss 0.2544
2025-09-07 14:04:07,418 INFO Epoch 31 Step 190/224 Loss 0.2616
2025-09-07 14:04:20,495 INFO Epoch 31 Step 200/224 Loss 0.2657
2025-09-07 14:04:33,587 INFO Epoch 31 Step 210/224 Loss 0.2543
2025-09-07 14:04:46,663 INFO Epoch 31 Step 220/224 Loss 0.2710
2025-09-07 14:04:51,892 INFO Epoch 31 Step 224/224 Loss 0.2569
2025-09-07 14:04:51,893 INFO Epoch 31 Training Loss 0.2565
2025-09-07 14:05:08,641 INFO Epoch 32 Step 10/224 Loss 0.2447
2025-09-07 14:05:21,845 INFO Epoch 32 Step 20/224 Loss 0.2638
2025-09-07 14:05:34,889 INFO Epoch 32 Step 30/224 Loss 0.2627
2025-09-07 14:05:47,949 INFO Epoch 32 Step 40/224 Loss 0.2451
2025-09-07 14:06:01,031 INFO Epoch 32 Step 50/224 Loss 0.2618
2025-09-07 14:06:14,126 INFO Epoch 32 Step 60/224 Loss 0.2501
2025-09-07 14:06:27,220 INFO Epoch 32 Step 70/224 Loss 0.2616
2025-09-07 14:06:40,301 INFO Epoch 32 Step 80/224 Loss 0.2586
2025-09-07 14:06:53,405 INFO Epoch 32 Step 90/224 Loss 0.2318
2025-09-07 14:07:06,499 INFO Epoch 32 Step 100/224 Loss 0.2547
2025-09-07 14:07:19,586 INFO Epoch 32 Step 110/224 Loss 0.2662
2025-09-07 14:07:32,674 INFO Epoch 32 Step 120/224 Loss 0.2460
2025-09-07 14:07:45,887 INFO Epoch 32 Step 130/224 Loss 0.2391
2025-09-07 14:07:58,965 INFO Epoch 32 Step 140/224 Loss 0.2677
2025-09-07 14:08:12,053 INFO Epoch 32 Step 150/224 Loss 0.2756
2025-09-07 14:08:25,134 INFO Epoch 32 Step 160/224 Loss 0.2559
2025-09-07 14:08:38,225 INFO Epoch 32 Step 170/224 Loss 0.2602
2025-09-07 14:08:51,322 INFO Epoch 32 Step 180/224 Loss 0.2587
2025-09-07 14:09:04,410 INFO Epoch 32 Step 190/224 Loss 0.2483
2025-09-07 14:09:17,498 INFO Epoch 32 Step 200/224 Loss 0.2668
2025-09-07 14:09:30,597 INFO Epoch 32 Step 210/224 Loss 0.2674
2025-09-07 14:09:43,663 INFO Epoch 32 Step 220/224 Loss 0.2512
2025-09-07 14:09:48,892 INFO Epoch 32 Step 224/224 Loss 0.2536
2025-09-07 14:09:48,892 INFO Epoch 32 Training Loss 0.2562
2025-09-07 14:10:40,196 INFO Validation @ epoch 32: individual:
  Engagement:
    accuracy: 0.5461350083351135
    balanced_accuracy: 0.5461350083351135
    mcc: 0.3425615727901459
    f1_micro: 0.65625
    f1_macro: 0.4945700764656067
    precision_micro: 0.65625
    precision_macro: 0.5471968650817871
    recall_micro: 0.65625
    recall_macro: 0.5461350083351135
    f1_per_class: [0.2802850306034088, 0.8034251928329468, 0.4000000059604645]
    precision_per_class: [0.4876033067703247, 0.8736842274665833, 0.280303031206131]
    recall_per_class: [0.1966666728258133, 0.7436251044273376, 0.698113203048706]
    auroc_macro: 0.8094322681427002
    auprc_macro: 0.5478013753890991
    auprc_per_class: [0.3864712119102478, 0.9296591281890869, 0.32727372646331787]
    specificity_per_class: [0.9638694524765015, 0.7238938212394714, 0.7287264466285706]
    ece: 0.046208810061216354
    confusion_matrix: [[  59,   91,  150],
       [  47, 1079,  325],
       [  15,   65,  185]]
  Lead:
    accuracy: 0.47537532448768616
    balanced_accuracy: 0.47537532448768616
    mcc: 0.21930256485939026
    f1_micro: 0.6304563283920288
    f1_macro: 0.4755794405937195
    precision_micro: 0.6304563283920288
    precision_macro: 0.47596654295921326
    recall_micro: 0.6304563283920288
    recall_macro: 0.47537532448768616
    f1_per_class: [0.3353658616542816, 0.7631673216819763, 0.3282051384449005]
    precision_per_class: [0.329341322183609, 0.7628939747810364, 0.3356643319129944]
    recall_per_class: [0.34161490201950073, 0.7634408473968506, 0.32107022404670715]
    auroc_macro: 0.6907476782798767
    auprc_macro: 0.4723096787929535
    auprc_per_class: [0.2936645448207855, 0.827385663986206, 0.2958788275718689]
    specificity_per_class: [0.8677685856819153, 0.466988742351532, 0.8893418908119202]
    ece: 0.09668643027544022
    confusion_matrix: [[ 110,  170,   42],
       [ 182, 1065,  148],
       [  42,  161,   96]]
loss: 0.3666206768580845
2025-09-07 14:10:56,774 INFO Epoch 33 Step 10/224 Loss 0.2474
2025-09-07 14:11:09,929 INFO Epoch 33 Step 20/224 Loss 0.2360
2025-09-07 14:11:22,951 INFO Epoch 33 Step 30/224 Loss 0.2502
2025-09-07 14:11:36,047 INFO Epoch 33 Step 40/224 Loss 0.2368
2025-09-07 14:11:49,163 INFO Epoch 33 Step 50/224 Loss 0.2337
2025-09-07 14:12:02,322 INFO Epoch 33 Step 60/224 Loss 0.2240
2025-09-07 14:12:15,474 INFO Epoch 33 Step 70/224 Loss 0.2407
2025-09-07 14:12:28,643 INFO Epoch 33 Step 80/224 Loss 0.2466
2025-09-07 14:12:41,810 INFO Epoch 33 Step 90/224 Loss 0.2499
2025-09-07 14:12:54,963 INFO Epoch 33 Step 100/224 Loss 0.2523
2025-09-07 14:13:08,131 INFO Epoch 33 Step 110/224 Loss 0.2421
2025-09-07 14:13:21,285 INFO Epoch 33 Step 120/224 Loss 0.2511
2025-09-07 14:13:34,603 INFO Epoch 33 Step 130/224 Loss 0.2615
2025-09-07 14:13:47,733 INFO Epoch 33 Step 140/224 Loss 0.2509
2025-09-07 14:14:00,879 INFO Epoch 33 Step 150/224 Loss 0.2552
2025-09-07 14:14:14,009 INFO Epoch 33 Step 160/224 Loss 0.2447
2025-09-07 14:14:27,129 INFO Epoch 33 Step 170/224 Loss 0.2479
2025-09-07 14:14:40,253 INFO Epoch 33 Step 180/224 Loss 0.2587
2025-09-07 14:14:53,372 INFO Epoch 33 Step 190/224 Loss 0.2425
2025-09-07 14:15:06,485 INFO Epoch 33 Step 200/224 Loss 0.2394
2025-09-07 14:15:19,597 INFO Epoch 33 Step 210/224 Loss 0.2319
2025-09-07 14:15:32,693 INFO Epoch 33 Step 220/224 Loss 0.2410
2025-09-07 14:15:37,922 INFO Epoch 33 Step 224/224 Loss 0.2437
2025-09-07 14:15:37,923 INFO Epoch 33 Training Loss 0.2447
2025-09-07 14:15:54,811 INFO Epoch 34 Step 10/224 Loss 0.2350
2025-09-07 14:16:08,082 INFO Epoch 34 Step 20/224 Loss 0.2349
2025-09-07 14:16:21,143 INFO Epoch 34 Step 30/224 Loss 0.2295
2025-09-07 14:16:34,199 INFO Epoch 34 Step 40/224 Loss 0.2591
2025-09-07 14:16:47,285 INFO Epoch 34 Step 50/224 Loss 0.2341
2025-09-07 14:17:00,402 INFO Epoch 34 Step 60/224 Loss 0.2464
2025-09-07 14:17:13,504 INFO Epoch 34 Step 70/224 Loss 0.2483
2025-09-07 14:17:26,611 INFO Epoch 34 Step 80/224 Loss 0.2087
2025-09-07 14:17:39,721 INFO Epoch 34 Step 90/224 Loss 0.2430
2025-09-07 14:17:52,834 INFO Epoch 34 Step 100/224 Loss 0.2625
2025-09-07 14:18:05,953 INFO Epoch 34 Step 110/224 Loss 0.2524
2025-09-07 14:18:19,069 INFO Epoch 34 Step 120/224 Loss 0.2293
2025-09-07 14:18:32,330 INFO Epoch 34 Step 130/224 Loss 0.2415
2025-09-07 14:18:45,425 INFO Epoch 34 Step 140/224 Loss 0.2234
2025-09-07 14:18:58,528 INFO Epoch 34 Step 150/224 Loss 0.2335
2025-09-07 14:19:11,625 INFO Epoch 34 Step 160/224 Loss 0.2225
2025-09-07 14:19:24,737 INFO Epoch 34 Step 170/224 Loss 0.2310
2025-09-07 14:19:37,847 INFO Epoch 34 Step 180/224 Loss 0.2378
2025-09-07 14:19:50,944 INFO Epoch 34 Step 190/224 Loss 0.2462
2025-09-07 14:20:04,043 INFO Epoch 34 Step 200/224 Loss 0.2307
2025-09-07 14:20:17,141 INFO Epoch 34 Step 210/224 Loss 0.2446
2025-09-07 14:20:30,219 INFO Epoch 34 Step 220/224 Loss 0.2433
2025-09-07 14:20:35,455 INFO Epoch 34 Step 224/224 Loss 0.2319
2025-09-07 14:20:35,455 INFO Epoch 34 Training Loss 0.2380
2025-09-07 14:20:52,319 INFO Epoch 35 Step 10/224 Loss 0.2235
2025-09-07 14:21:05,334 INFO Epoch 35 Step 20/224 Loss 0.2317
2025-09-07 14:21:18,386 INFO Epoch 35 Step 30/224 Loss 0.2293
2025-09-07 14:21:31,461 INFO Epoch 35 Step 40/224 Loss 0.2543
2025-09-07 14:21:44,546 INFO Epoch 35 Step 50/224 Loss 0.2288
2025-09-07 14:21:57,632 INFO Epoch 35 Step 60/224 Loss 0.2291
2025-09-07 14:22:10,725 INFO Epoch 35 Step 70/224 Loss 0.2308
2025-09-07 14:22:23,813 INFO Epoch 35 Step 80/224 Loss 0.2250
2025-09-07 14:22:36,914 INFO Epoch 35 Step 90/224 Loss 0.2390
2025-09-07 14:22:50,025 INFO Epoch 35 Step 100/224 Loss 0.2225
2025-09-07 14:23:03,117 INFO Epoch 35 Step 110/224 Loss 0.2377
2025-09-07 14:23:16,352 INFO Epoch 35 Step 120/224 Loss 0.2482
2025-09-07 14:23:29,436 INFO Epoch 35 Step 130/224 Loss 0.2387
2025-09-07 14:23:42,529 INFO Epoch 35 Step 140/224 Loss 0.2405
2025-09-07 14:23:55,619 INFO Epoch 35 Step 150/224 Loss 0.2474
2025-09-07 14:24:08,708 INFO Epoch 35 Step 160/224 Loss 0.2518
2025-09-07 14:24:21,811 INFO Epoch 35 Step 170/224 Loss 0.2354
2025-09-07 14:24:34,921 INFO Epoch 35 Step 180/224 Loss 0.2342
2025-09-07 14:24:47,996 INFO Epoch 35 Step 190/224 Loss 0.2421
2025-09-07 14:25:01,095 INFO Epoch 35 Step 200/224 Loss 0.2527
2025-09-07 14:25:14,206 INFO Epoch 35 Step 210/224 Loss 0.2322
2025-09-07 14:25:27,306 INFO Epoch 35 Step 220/224 Loss 0.2458
2025-09-07 14:25:32,536 INFO Epoch 35 Step 224/224 Loss 0.2307
2025-09-07 14:25:32,537 INFO Epoch 35 Training Loss 0.2372
2025-09-07 14:25:49,507 INFO Epoch 36 Step 10/224 Loss 0.2335
2025-09-07 14:26:02,511 INFO Epoch 36 Step 20/224 Loss 0.2217
2025-09-07 14:26:15,558 INFO Epoch 36 Step 30/224 Loss 0.1983
2025-09-07 14:26:28,627 INFO Epoch 36 Step 40/224 Loss 0.2365
2025-09-07 14:26:41,722 INFO Epoch 36 Step 50/224 Loss 0.2229
2025-09-07 14:26:54,844 INFO Epoch 36 Step 60/224 Loss 0.2353
2025-09-07 14:27:07,953 INFO Epoch 36 Step 70/224 Loss 0.2087
2025-09-07 14:27:21,049 INFO Epoch 36 Step 80/224 Loss 0.2264
2025-09-07 14:27:34,166 INFO Epoch 36 Step 90/224 Loss 0.2326
2025-09-07 14:27:47,251 INFO Epoch 36 Step 100/224 Loss 0.2282
2025-09-07 14:28:00,340 INFO Epoch 36 Step 110/224 Loss 0.2330
2025-09-07 14:28:13,550 INFO Epoch 36 Step 120/224 Loss 0.2233
2025-09-07 14:28:26,646 INFO Epoch 36 Step 130/224 Loss 0.2382
2025-09-07 14:28:39,736 INFO Epoch 36 Step 140/224 Loss 0.2223
2025-09-07 14:28:52,843 INFO Epoch 36 Step 150/224 Loss 0.2196
2025-09-07 14:29:05,916 INFO Epoch 36 Step 160/224 Loss 0.2512
2025-09-07 14:29:19,009 INFO Epoch 36 Step 170/224 Loss 0.2243
2025-09-07 14:29:32,107 INFO Epoch 36 Step 180/224 Loss 0.2186
2025-09-07 14:29:45,201 INFO Epoch 36 Step 190/224 Loss 0.2413
2025-09-07 14:29:58,293 INFO Epoch 36 Step 200/224 Loss 0.2542
2025-09-07 14:30:11,392 INFO Epoch 36 Step 210/224 Loss 0.2361
2025-09-07 14:30:24,486 INFO Epoch 36 Step 220/224 Loss 0.2128
2025-09-07 14:30:29,716 INFO Epoch 36 Step 224/224 Loss 0.2614
2025-09-07 14:30:29,716 INFO Epoch 36 Training Loss 0.2287
2025-09-07 14:31:19,744 INFO Validation @ epoch 36: individual:
  Engagement:
    accuracy: 0.5806183815002441
    balanced_accuracy: 0.5806183815002441
    mcc: 0.380083829164505
    f1_micro: 0.6498016119003296
    f1_macro: 0.5279791951179504
    precision_micro: 0.6498016119003296
    precision_macro: 0.5218564867973328
    recall_micro: 0.6498016119003296
    recall_macro: 0.5806183815002441
    f1_per_class: [0.43953487277030945, 0.7957497239112854, 0.3486529290676117]
    precision_per_class: [0.3375000059604645, 0.9275229573249817, 0.30054643750190735]
    recall_per_class: [0.6299999952316284, 0.6967608332633972, 0.4150943458080292]
    auroc_macro: 0.8186770677566528
    auprc_macro: 0.5576444864273071
    auprc_per_class: [0.411470890045166, 0.9347869753837585, 0.3266754746437073]
    specificity_per_class: [0.7837995290756226, 0.8601769804954529, 0.8537978529930115]
    ece: 0.06330221146345139
    confusion_matrix: [[ 189,   41,   70],
       [ 254, 1011,  186],
       [ 117,   38,  110]]
  Lead:
    accuracy: 0.507143497467041
    balanced_accuracy: 0.507143497467041
    mcc: 0.2458231896162033
    f1_micro: 0.6150793433189392
    f1_macro: 0.4925341010093689
    precision_micro: 0.6150793433189392
    precision_macro: 0.4852787256240845
    recall_micro: 0.6150793433189392
    recall_macro: 0.507143497467041
    f1_per_class: [0.3723723590373993, 0.7431365251541138, 0.36209335923194885]
    precision_per_class: [0.3604651093482971, 0.7816455960273743, 0.3137255012989044]
    recall_per_class: [0.38509318232536316, 0.708243727684021, 0.42809364199638367]
    auroc_macro: 0.7062898874282837
    auprc_macro: 0.49401944875717163
    auprc_per_class: [0.3250475525856018, 0.8362482786178589, 0.32076239585876465]
    specificity_per_class: [0.8701298832893372, 0.5555555820465088, 0.8369248509407043]
    ece: 0.06815402954816818
    confusion_matrix: [[124, 146,  52],
       [179, 988, 228],
       [ 41, 130, 128]]
loss: 0.37780135018484934
2025-09-07 14:31:36,440 INFO Epoch 37 Step 10/224 Loss 0.2050
2025-09-07 14:31:49,386 INFO Epoch 37 Step 20/224 Loss 0.2016
2025-09-07 14:32:02,414 INFO Epoch 37 Step 30/224 Loss 0.1993
2025-09-07 14:32:15,495 INFO Epoch 37 Step 40/224 Loss 0.2169
2025-09-07 14:32:28,623 INFO Epoch 37 Step 50/224 Loss 0.1999
2025-09-07 14:32:41,781 INFO Epoch 37 Step 60/224 Loss 0.2117
2025-09-07 14:32:54,929 INFO Epoch 37 Step 70/224 Loss 0.2222
2025-09-07 14:33:08,086 INFO Epoch 37 Step 80/224 Loss 0.2159
2025-09-07 14:33:21,240 INFO Epoch 37 Step 90/224 Loss 0.2249
2025-09-07 14:33:34,395 INFO Epoch 37 Step 100/224 Loss 0.2198
2025-09-07 14:33:47,542 INFO Epoch 37 Step 110/224 Loss 0.2403
2025-09-07 14:34:00,870 INFO Epoch 37 Step 120/224 Loss 0.2288
2025-09-07 14:34:14,018 INFO Epoch 37 Step 130/224 Loss 0.2328
2025-09-07 14:34:27,143 INFO Epoch 37 Step 140/224 Loss 0.2166
2025-09-07 14:34:40,274 INFO Epoch 37 Step 150/224 Loss 0.2184
2025-09-07 14:34:53,405 INFO Epoch 37 Step 160/224 Loss 0.2172
2025-09-07 14:35:06,533 INFO Epoch 37 Step 170/224 Loss 0.2210
2025-09-07 14:35:19,650 INFO Epoch 37 Step 180/224 Loss 0.2335
2025-09-07 14:35:32,773 INFO Epoch 37 Step 190/224 Loss 0.2310
2025-09-07 14:35:45,892 INFO Epoch 37 Step 200/224 Loss 0.2282
2025-09-07 14:35:59,009 INFO Epoch 37 Step 210/224 Loss 0.2257
2025-09-07 14:36:12,104 INFO Epoch 37 Step 220/224 Loss 0.2344
2025-09-07 14:36:17,396 INFO Epoch 37 Step 224/224 Loss 0.2257
2025-09-07 14:36:17,396 INFO Epoch 37 Training Loss 0.2203
2025-09-07 14:36:34,424 INFO Epoch 38 Step 10/224 Loss 0.2175
2025-09-07 14:36:47,461 INFO Epoch 38 Step 20/224 Loss 0.2174
2025-09-07 14:37:00,520 INFO Epoch 38 Step 30/224 Loss 0.2084
2025-09-07 14:37:13,613 INFO Epoch 38 Step 40/224 Loss 0.1875
2025-09-07 14:37:26,702 INFO Epoch 38 Step 50/224 Loss 0.1877
2025-09-07 14:37:39,814 INFO Epoch 38 Step 60/224 Loss 0.2028
2025-09-07 14:37:52,933 INFO Epoch 38 Step 70/224 Loss 0.2134
2025-09-07 14:38:06,037 INFO Epoch 38 Step 80/224 Loss 0.2281
2025-09-07 14:38:19,151 INFO Epoch 38 Step 90/224 Loss 0.2261
2025-09-07 14:38:32,269 INFO Epoch 38 Step 100/224 Loss 0.2125
2025-09-07 14:38:45,373 INFO Epoch 38 Step 110/224 Loss 0.2481
2025-09-07 14:38:58,665 INFO Epoch 38 Step 120/224 Loss 0.2134
2025-09-07 14:39:11,755 INFO Epoch 38 Step 130/224 Loss 0.2215
2025-09-07 14:39:24,861 INFO Epoch 38 Step 140/224 Loss 0.2292
2025-09-07 14:39:37,973 INFO Epoch 38 Step 150/224 Loss 0.2124
2025-09-07 14:39:51,074 INFO Epoch 38 Step 160/224 Loss 0.2150
2025-09-07 14:40:04,188 INFO Epoch 38 Step 170/224 Loss 0.2128
2025-09-07 14:40:17,295 INFO Epoch 38 Step 180/224 Loss 0.2363
2025-09-07 14:40:30,394 INFO Epoch 38 Step 190/224 Loss 0.2141
2025-09-07 14:40:43,494 INFO Epoch 38 Step 200/224 Loss 0.2260
2025-09-07 14:40:56,591 INFO Epoch 38 Step 210/224 Loss 0.2505
2025-09-07 14:41:09,676 INFO Epoch 38 Step 220/224 Loss 0.2136
2025-09-07 14:41:14,949 INFO Epoch 38 Step 224/224 Loss 0.2376
2025-09-07 14:41:14,949 INFO Epoch 38 Training Loss 0.2183
2025-09-07 14:41:31,961 INFO Epoch 39 Step 10/224 Loss 0.2188
2025-09-07 14:41:45,075 INFO Epoch 39 Step 20/224 Loss 0.2093
2025-09-07 14:41:58,138 INFO Epoch 39 Step 30/224 Loss 0.2268
2025-09-07 14:42:11,235 INFO Epoch 39 Step 40/224 Loss 0.2057
2025-09-07 14:42:24,340 INFO Epoch 39 Step 50/224 Loss 0.2128
2025-09-07 14:42:37,439 INFO Epoch 39 Step 60/224 Loss 0.1935
2025-09-07 14:42:50,527 INFO Epoch 39 Step 70/224 Loss 0.2191
2025-09-07 14:43:03,628 INFO Epoch 39 Step 80/224 Loss 0.2398
2025-09-07 14:43:16,735 INFO Epoch 39 Step 90/224 Loss 0.2285
2025-09-07 14:43:29,832 INFO Epoch 39 Step 100/224 Loss 0.2191
2025-09-07 14:43:43,122 INFO Epoch 39 Step 110/224 Loss 0.2149
2025-09-07 14:43:56,222 INFO Epoch 39 Step 120/224 Loss 0.2362
2025-09-07 14:44:09,327 INFO Epoch 39 Step 130/224 Loss 0.2090
2025-09-07 14:44:22,432 INFO Epoch 39 Step 140/224 Loss 0.2073
2025-09-07 14:44:35,539 INFO Epoch 39 Step 150/224 Loss 0.2026
2025-09-07 14:44:48,642 INFO Epoch 39 Step 160/224 Loss 0.1818
2025-09-07 14:45:01,738 INFO Epoch 39 Step 170/224 Loss 0.2196
2025-09-07 14:45:14,832 INFO Epoch 39 Step 180/224 Loss 0.1855
2025-09-07 14:45:27,924 INFO Epoch 39 Step 190/224 Loss 0.2148
2025-09-07 14:45:41,034 INFO Epoch 39 Step 200/224 Loss 0.2123
2025-09-07 14:45:54,138 INFO Epoch 39 Step 210/224 Loss 0.2256
2025-09-07 14:46:07,274 INFO Epoch 39 Step 220/224 Loss 0.2291
2025-09-07 14:46:12,499 INFO Epoch 39 Step 224/224 Loss 0.2270
2025-09-07 14:46:12,499 INFO Epoch 39 Training Loss 0.2144
2025-09-07 14:46:28,887 INFO Epoch 40 Step 10/224 Loss 0.1905
2025-09-07 14:46:41,914 INFO Epoch 40 Step 20/224 Loss 0.2041
2025-09-07 14:46:54,982 INFO Epoch 40 Step 30/224 Loss 0.2129
2025-09-07 14:47:08,069 INFO Epoch 40 Step 40/224 Loss 0.2167
2025-09-07 14:47:21,161 INFO Epoch 40 Step 50/224 Loss 0.2115
2025-09-07 14:47:34,256 INFO Epoch 40 Step 60/224 Loss 0.1990
2025-09-07 14:47:47,354 INFO Epoch 40 Step 70/224 Loss 0.2046
2025-09-07 14:48:00,450 INFO Epoch 40 Step 80/224 Loss 0.2013
2025-09-07 14:48:13,570 INFO Epoch 40 Step 90/224 Loss 0.1970
2025-09-07 14:48:26,666 INFO Epoch 40 Step 100/224 Loss 0.2278
2025-09-07 14:48:39,882 INFO Epoch 40 Step 110/224 Loss 0.1935
2025-09-07 14:48:52,985 INFO Epoch 40 Step 120/224 Loss 0.2213
2025-09-07 14:49:06,084 INFO Epoch 40 Step 130/224 Loss 0.2013
2025-09-07 14:49:19,170 INFO Epoch 40 Step 140/224 Loss 0.1960
2025-09-07 14:49:32,275 INFO Epoch 40 Step 150/224 Loss 0.2222
2025-09-07 14:49:45,387 INFO Epoch 40 Step 160/224 Loss 0.2187
2025-09-07 14:49:58,474 INFO Epoch 40 Step 170/224 Loss 0.2150
2025-09-07 14:50:11,571 INFO Epoch 40 Step 180/224 Loss 0.2289
2025-09-07 14:50:24,667 INFO Epoch 40 Step 190/224 Loss 0.2084
2025-09-07 14:50:37,775 INFO Epoch 40 Step 200/224 Loss 0.2172
2025-09-07 14:50:50,871 INFO Epoch 40 Step 210/224 Loss 0.2072
2025-09-07 14:51:04,122 INFO Epoch 40 Step 220/224 Loss 0.2121
2025-09-07 14:51:09,361 INFO Epoch 40 Step 224/224 Loss 0.2355
2025-09-07 14:51:09,361 INFO Epoch 40 Training Loss 0.2099
2025-09-07 14:51:59,802 INFO Validation @ epoch 40: individual:
  Engagement:
    accuracy: 0.5854259133338928
    balanced_accuracy: 0.5854259133338928
    mcc: 0.38644522428512573
    f1_micro: 0.6671627163887024
    f1_macro: 0.5406357049942017
    precision_micro: 0.6671627163887024
    precision_macro: 0.5290106534957886
    recall_micro: 0.6671627163887024
    recall_macro: 0.5854259133338928
    f1_per_class: [0.4450063109397888, 0.8081507086753845, 0.3687500059604645]
    precision_per_class: [0.3584521412849426, 0.9139130711555481, 0.31466665863990784]
    recall_per_class: [0.5866666436195374, 0.7243280410766602, 0.44528302550315857]
    auroc_macro: 0.8204103708267212
    auprc_macro: 0.5721203684806824
    auprc_per_class: [0.431601345539093, 0.9333359003067017, 0.3514237403869629]
    specificity_per_class: [0.8164335489273071, 0.8247787356376648, 0.8532267212867737]
    ece: 0.05688793212175369
    confusion_matrix: [[ 176,   51,   73],
       [ 216, 1051,  184],
       [  99,   48,  118]]
  Lead:
    accuracy: 0.5255343914031982
    balanced_accuracy: 0.5255343914031982
    mcc: 0.2716900706291199
    f1_micro: 0.5997023582458496
    f1_macro: 0.4926339387893677
    precision_micro: 0.5997023582458496
    precision_macro: 0.48833948373794556
    recall_micro: 0.5997023582458496
    recall_macro: 0.5255343914031982
    f1_per_class: [0.414333701133728, 0.7291419506072998, 0.33442622423171997]
    precision_per_class: [0.3239929974079132, 0.813051164150238, 0.3279742896556854]
    recall_per_class: [0.5745341777801514, 0.6609318852424622, 0.3411371111869812]
    auroc_macro: 0.7218005061149597
    auprc_macro: 0.502501904964447
    auprc_per_class: [0.3493756055831909, 0.8466368913650513, 0.3114930987358093]
    specificity_per_class: [0.772136926651001, 0.6586151123046875, 0.8782760500907898]
    ece: 0.019933894276618958
    confusion_matrix: [[185, 106,  31],
       [295, 922, 178],
       [ 91, 106, 102]]
loss: 0.39758377983456566
2025-09-07 14:52:16,386 INFO Epoch 41 Step 10/224 Loss 0.2188
2025-09-07 14:52:29,332 INFO Epoch 41 Step 20/224 Loss 0.2018
2025-09-07 14:52:42,352 INFO Epoch 41 Step 30/224 Loss 0.1938
2025-09-07 14:52:55,429 INFO Epoch 41 Step 40/224 Loss 0.1973
2025-09-07 14:53:08,561 INFO Epoch 41 Step 50/224 Loss 0.1837
2025-09-07 14:53:21,720 INFO Epoch 41 Step 60/224 Loss 0.1856
2025-09-07 14:53:34,881 INFO Epoch 41 Step 70/224 Loss 0.2088
2025-09-07 14:53:48,041 INFO Epoch 41 Step 80/224 Loss 0.1970
2025-09-07 14:54:01,205 INFO Epoch 41 Step 90/224 Loss 0.1799
2025-09-07 14:54:14,347 INFO Epoch 41 Step 100/224 Loss 0.2129
2025-09-07 14:54:27,652 INFO Epoch 41 Step 110/224 Loss 0.2198
2025-09-07 14:54:40,821 INFO Epoch 41 Step 120/224 Loss 0.2016
2025-09-07 14:54:53,960 INFO Epoch 41 Step 130/224 Loss 0.2068
2025-09-07 14:55:07,108 INFO Epoch 41 Step 140/224 Loss 0.2183
2025-09-07 14:55:20,231 INFO Epoch 41 Step 150/224 Loss 0.1995
2025-09-07 14:55:33,372 INFO Epoch 41 Step 160/224 Loss 0.2093
2025-09-07 14:55:46,498 INFO Epoch 41 Step 170/224 Loss 0.2096
2025-09-07 14:55:59,623 INFO Epoch 41 Step 180/224 Loss 0.2146
2025-09-07 14:56:12,734 INFO Epoch 41 Step 190/224 Loss 0.2029
2025-09-07 14:56:25,859 INFO Epoch 41 Step 200/224 Loss 0.2210
2025-09-07 14:56:38,984 INFO Epoch 41 Step 210/224 Loss 0.1900
2025-09-07 14:56:52,288 INFO Epoch 41 Step 220/224 Loss 0.1893
2025-09-07 14:56:57,525 INFO Epoch 41 Step 224/224 Loss 0.2043
2025-09-07 14:56:57,525 INFO Epoch 41 Training Loss 0.2029
2025-09-07 14:57:14,984 INFO Epoch 42 Step 10/224 Loss 0.1976
2025-09-07 14:57:28,000 INFO Epoch 42 Step 20/224 Loss 0.2078
2025-09-07 14:57:41,072 INFO Epoch 42 Step 30/224 Loss 0.1784
2025-09-07 14:57:54,181 INFO Epoch 42 Step 40/224 Loss 0.1930
2025-09-07 14:58:07,287 INFO Epoch 42 Step 50/224 Loss 0.1885
2025-09-07 14:58:20,396 INFO Epoch 42 Step 60/224 Loss 0.2085
2025-09-07 14:58:33,513 INFO Epoch 42 Step 70/224 Loss 0.1888
2025-09-07 14:58:46,619 INFO Epoch 42 Step 80/224 Loss 0.1684
2025-09-07 14:58:59,754 INFO Epoch 42 Step 90/224 Loss 0.2013
2025-09-07 14:59:13,058 INFO Epoch 42 Step 100/224 Loss 0.2021
2025-09-07 14:59:26,175 INFO Epoch 42 Step 110/224 Loss 0.2104
2025-09-07 14:59:39,289 INFO Epoch 42 Step 120/224 Loss 0.2104
2025-09-07 14:59:52,395 INFO Epoch 42 Step 130/224 Loss 0.1896
2025-09-07 15:00:05,506 INFO Epoch 42 Step 140/224 Loss 0.1938
2025-09-07 15:00:18,630 INFO Epoch 42 Step 150/224 Loss 0.2001
2025-09-07 15:00:31,726 INFO Epoch 42 Step 160/224 Loss 0.2048
2025-09-07 15:00:44,827 INFO Epoch 42 Step 170/224 Loss 0.2191
2025-09-07 15:00:57,926 INFO Epoch 42 Step 180/224 Loss 0.1875
2025-09-07 15:01:11,030 INFO Epoch 42 Step 190/224 Loss 0.1833
2025-09-07 15:01:24,126 INFO Epoch 42 Step 200/224 Loss 0.2035
2025-09-07 15:01:37,404 INFO Epoch 42 Step 210/224 Loss 0.1883
2025-09-07 15:01:50,500 INFO Epoch 42 Step 220/224 Loss 0.1997
2025-09-07 15:01:55,727 INFO Epoch 42 Step 224/224 Loss 0.1787
2025-09-07 15:01:55,727 INFO Epoch 42 Training Loss 0.1963
2025-09-07 15:02:12,279 INFO Epoch 43 Step 10/224 Loss 0.1974
2025-09-07 15:02:25,312 INFO Epoch 43 Step 20/224 Loss 0.1946
2025-09-07 15:02:38,383 INFO Epoch 43 Step 30/224 Loss 0.1653
2025-09-07 15:02:51,476 INFO Epoch 43 Step 40/224 Loss 0.2107
2025-09-07 15:03:04,585 INFO Epoch 43 Step 50/224 Loss 0.1875
2025-09-07 15:03:17,702 INFO Epoch 43 Step 60/224 Loss 0.2026
2025-09-07 15:03:30,812 INFO Epoch 43 Step 70/224 Loss 0.2175
2025-09-07 15:03:43,904 INFO Epoch 43 Step 80/224 Loss 0.1892
2025-09-07 15:03:57,012 INFO Epoch 43 Step 90/224 Loss 0.1914
2025-09-07 15:04:10,293 INFO Epoch 43 Step 100/224 Loss 0.1916
2025-09-07 15:04:23,388 INFO Epoch 43 Step 110/224 Loss 0.2157
2025-09-07 15:04:36,494 INFO Epoch 43 Step 120/224 Loss 0.1788
2025-09-07 15:04:49,597 INFO Epoch 43 Step 130/224 Loss 0.2060
2025-09-07 15:05:02,692 INFO Epoch 43 Step 140/224 Loss 0.1684
2025-09-07 15:05:15,788 INFO Epoch 43 Step 150/224 Loss 0.1608
2025-09-07 15:05:28,881 INFO Epoch 43 Step 160/224 Loss 0.2041
2025-09-07 15:05:41,988 INFO Epoch 43 Step 170/224 Loss 0.2081
2025-09-07 15:05:55,091 INFO Epoch 43 Step 180/224 Loss 0.1998
2025-09-07 15:06:08,192 INFO Epoch 43 Step 190/224 Loss 0.2023
2025-09-07 15:06:21,288 INFO Epoch 43 Step 200/224 Loss 0.1989
2025-09-07 15:06:34,674 INFO Epoch 43 Step 210/224 Loss 0.1893
2025-09-07 15:06:47,768 INFO Epoch 43 Step 220/224 Loss 0.1895
2025-09-07 15:06:53,000 INFO Epoch 43 Step 224/224 Loss 0.1839
2025-09-07 15:06:53,000 INFO Epoch 43 Training Loss 0.1939
2025-09-07 15:07:09,875 INFO Epoch 44 Step 10/224 Loss 0.1903
2025-09-07 15:07:22,905 INFO Epoch 44 Step 20/224 Loss 0.1872
2025-09-07 15:07:35,985 INFO Epoch 44 Step 30/224 Loss 0.1892
2025-09-07 15:07:49,083 INFO Epoch 44 Step 40/224 Loss 0.2040
2025-09-07 15:08:02,184 INFO Epoch 44 Step 50/224 Loss 0.1824
2025-09-07 15:08:15,288 INFO Epoch 44 Step 60/224 Loss 0.1998
2025-09-07 15:08:28,400 INFO Epoch 44 Step 70/224 Loss 0.1637
2025-09-07 15:08:41,509 INFO Epoch 44 Step 80/224 Loss 0.1932
2025-09-07 15:08:54,623 INFO Epoch 44 Step 90/224 Loss 0.2135
2025-09-07 15:09:07,876 INFO Epoch 44 Step 100/224 Loss 0.1739
2025-09-07 15:09:20,983 INFO Epoch 44 Step 110/224 Loss 0.2026
2025-09-07 15:09:34,087 INFO Epoch 44 Step 120/224 Loss 0.1990
2025-09-07 15:09:47,199 INFO Epoch 44 Step 130/224 Loss 0.2087
2025-09-07 15:10:00,301 INFO Epoch 44 Step 140/224 Loss 0.2043
2025-09-07 15:10:13,416 INFO Epoch 44 Step 150/224 Loss 0.1997
2025-09-07 15:10:26,526 INFO Epoch 44 Step 160/224 Loss 0.2046
2025-09-07 15:10:39,631 INFO Epoch 44 Step 170/224 Loss 0.1878
2025-09-07 15:10:52,730 INFO Epoch 44 Step 180/224 Loss 0.2044
2025-09-07 15:11:05,836 INFO Epoch 44 Step 190/224 Loss 0.1943
2025-09-07 15:11:18,944 INFO Epoch 44 Step 200/224 Loss 0.1884
2025-09-07 15:11:32,159 INFO Epoch 44 Step 210/224 Loss 0.2092
2025-09-07 15:11:45,250 INFO Epoch 44 Step 220/224 Loss 0.1978
2025-09-07 15:11:50,484 INFO Epoch 44 Step 224/224 Loss 0.2240
2025-09-07 15:11:50,485 INFO Epoch 44 Training Loss 0.1959
2025-09-07 15:12:40,401 INFO Validation @ epoch 44: individual:
  Engagement:
    accuracy: 0.6100528836250305
    balanced_accuracy: 0.6100528836250305
    mcc: 0.3934774398803711
    f1_micro: 0.680059552192688
    f1_macro: 0.5655282735824585
    precision_micro: 0.680059552192688
    precision_macro: 0.547648549079895
    recall_micro: 0.680059552192688
    recall_macro: 0.6100528836250305
    f1_per_class: [0.4965893626213074, 0.8006053566932678, 0.39939025044441223]
    precision_per_class: [0.42032331228256226, 0.8875839114189148, 0.33503836393356323]
    recall_per_class: [0.6066666841506958, 0.7291523218154907, 0.49433961510658264]
    auroc_macro: 0.8201853632926941
    auprc_macro: 0.5708602666854858
    auprc_per_class: [0.450207382440567, 0.9292868375778198, 0.3330865502357483]
    specificity_per_class: [0.8537296056747437, 0.7628318667411804, 0.8515134453773499]
    ece: 0.020794665440917015
    confusion_matrix: [[ 182,   59,   59],
       [ 192, 1058,  201],
       [  59,   75,  131]]
  Lead:
    accuracy: 0.5530881881713867
    balanced_accuracy: 0.5530881881713867
    mcc: 0.3041616678237915
    f1_micro: 0.6235119104385376
    f1_macro: 0.5187287330627441
    precision_micro: 0.6235119104385376
    precision_macro: 0.5138747692108154
    recall_micro: 0.6235119104385376
    recall_macro: 0.5530881881713867
    f1_per_class: [0.45566779375076294, 0.741897702217102, 0.35862070322036743]
    precision_per_class: [0.3567662537097931, 0.8147512674331665, 0.3701067566871643]
    recall_per_class: [0.6304348111152649, 0.6810035705566406, 0.3478260934352875]
    auroc_macro: 0.7415001392364502
    auprc_macro: 0.520844578742981
    auprc_per_class: [0.3651067614555359, 0.8578834533691406, 0.33954334259033203]
    specificity_per_class: [0.7839433550834656, 0.6521739363670349, 0.8969132304191589]
    ece: 0.03503933176398277
    confusion_matrix: [[203,  95,  24],
       [292, 950, 153],
       [ 74, 121, 104]]
loss: 0.3983695620582217
2025-09-07 15:12:57,190 INFO Epoch 45 Step 10/224 Loss 0.1878
2025-09-07 15:13:10,142 INFO Epoch 45 Step 20/224 Loss 0.1779
2025-09-07 15:13:23,182 INFO Epoch 45 Step 30/224 Loss 0.1899
2025-09-07 15:13:36,274 INFO Epoch 45 Step 40/224 Loss 0.1844
2025-09-07 15:13:49,427 INFO Epoch 45 Step 50/224 Loss 0.1650
2025-09-07 15:14:02,605 INFO Epoch 45 Step 60/224 Loss 0.2064
2025-09-07 15:14:15,753 INFO Epoch 45 Step 70/224 Loss 0.1898
2025-09-07 15:14:28,923 INFO Epoch 45 Step 80/224 Loss 0.1786
2025-09-07 15:14:42,216 INFO Epoch 45 Step 90/224 Loss 0.1609
2025-09-07 15:14:55,372 INFO Epoch 45 Step 100/224 Loss 0.1655
2025-09-07 15:15:08,533 INFO Epoch 45 Step 110/224 Loss 0.1915
2025-09-07 15:15:21,702 INFO Epoch 45 Step 120/224 Loss 0.1812
2025-09-07 15:15:34,850 INFO Epoch 45 Step 130/224 Loss 0.1819
2025-09-07 15:15:48,009 INFO Epoch 45 Step 140/224 Loss 0.2031
2025-09-07 15:16:01,150 INFO Epoch 45 Step 150/224 Loss 0.1823
2025-09-07 15:16:14,278 INFO Epoch 45 Step 160/224 Loss 0.1777
2025-09-07 15:16:27,412 INFO Epoch 45 Step 170/224 Loss 0.2029
2025-09-07 15:16:40,562 INFO Epoch 45 Step 180/224 Loss 0.1983
2025-09-07 15:16:53,691 INFO Epoch 45 Step 190/224 Loss 0.1834
2025-09-07 15:17:06,814 INFO Epoch 45 Step 200/224 Loss 0.2075
2025-09-07 15:17:20,038 INFO Epoch 45 Step 210/224 Loss 0.1714
2025-09-07 15:17:33,151 INFO Epoch 45 Step 220/224 Loss 0.2132
2025-09-07 15:17:38,397 INFO Epoch 45 Step 224/224 Loss 0.1818
2025-09-07 15:17:38,398 INFO Epoch 45 Training Loss 0.1863
2025-09-07 15:17:54,998 INFO Epoch 46 Step 10/224 Loss 0.1613
2025-09-07 15:18:08,038 INFO Epoch 46 Step 20/224 Loss 0.1693
2025-09-07 15:18:21,126 INFO Epoch 46 Step 30/224 Loss 0.1839
2025-09-07 15:18:34,226 INFO Epoch 46 Step 40/224 Loss 0.1762
2025-09-07 15:18:47,338 INFO Epoch 46 Step 50/224 Loss 0.1793
2025-09-07 15:19:00,458 INFO Epoch 46 Step 60/224 Loss 0.1842
2025-09-07 15:19:13,577 INFO Epoch 46 Step 70/224 Loss 0.2028
2025-09-07 15:19:26,682 INFO Epoch 46 Step 80/224 Loss 0.1883
2025-09-07 15:19:40,005 INFO Epoch 46 Step 90/224 Loss 0.1854
2025-09-07 15:19:53,115 INFO Epoch 46 Step 100/224 Loss 0.1819
2025-09-07 15:20:06,242 INFO Epoch 46 Step 110/224 Loss 0.1600
2025-09-07 15:20:19,359 INFO Epoch 46 Step 120/224 Loss 0.2035
2025-09-07 15:20:32,477 INFO Epoch 46 Step 130/224 Loss 0.1927
2025-09-07 15:20:45,603 INFO Epoch 46 Step 140/224 Loss 0.1785
2025-09-07 15:20:58,724 INFO Epoch 46 Step 150/224 Loss 0.1847
2025-09-07 15:21:11,841 INFO Epoch 46 Step 160/224 Loss 0.2040
2025-09-07 15:21:24,946 INFO Epoch 46 Step 170/224 Loss 0.1793
2025-09-07 15:21:38,061 INFO Epoch 46 Step 180/224 Loss 0.1828
2025-09-07 15:21:51,184 INFO Epoch 46 Step 190/224 Loss 0.1878
2025-09-07 15:22:04,467 INFO Epoch 46 Step 200/224 Loss 0.1822
2025-09-07 15:22:17,581 INFO Epoch 46 Step 210/224 Loss 0.1798
2025-09-07 15:22:30,673 INFO Epoch 46 Step 220/224 Loss 0.1591
2025-09-07 15:22:35,907 INFO Epoch 46 Step 224/224 Loss 0.1921
2025-09-07 15:22:35,907 INFO Epoch 46 Training Loss 0.1823
2025-09-07 15:22:52,759 INFO Epoch 47 Step 10/224 Loss 0.1725
2025-09-07 15:23:05,801 INFO Epoch 47 Step 20/224 Loss 0.1788
2025-09-07 15:23:18,879 INFO Epoch 47 Step 30/224 Loss 0.1672
2025-09-07 15:23:31,977 INFO Epoch 47 Step 40/224 Loss 0.1983
2025-09-07 15:23:45,096 INFO Epoch 47 Step 50/224 Loss 0.1901
2025-09-07 15:23:58,226 INFO Epoch 47 Step 60/224 Loss 0.1693
2025-09-07 15:24:11,346 INFO Epoch 47 Step 70/224 Loss 0.1816
2025-09-07 15:24:24,471 INFO Epoch 47 Step 80/224 Loss 0.1546
2025-09-07 15:24:37,774 INFO Epoch 47 Step 90/224 Loss 0.1787
2025-09-07 15:24:50,880 INFO Epoch 47 Step 100/224 Loss 0.1928
2025-09-07 15:25:03,991 INFO Epoch 47 Step 110/224 Loss 0.1682
2025-09-07 15:25:17,119 INFO Epoch 47 Step 120/224 Loss 0.1602
2025-09-07 15:25:30,238 INFO Epoch 47 Step 130/224 Loss 0.2024
2025-09-07 15:25:43,359 INFO Epoch 47 Step 140/224 Loss 0.1653
2025-09-07 15:25:56,487 INFO Epoch 47 Step 150/224 Loss 0.1854
2025-09-07 15:26:09,598 INFO Epoch 47 Step 160/224 Loss 0.1832
2025-09-07 15:26:22,711 INFO Epoch 47 Step 170/224 Loss 0.1749
2025-09-07 15:26:35,830 INFO Epoch 47 Step 180/224 Loss 0.1801
2025-09-07 15:26:48,940 INFO Epoch 47 Step 190/224 Loss 0.1739
2025-09-07 15:27:02,153 INFO Epoch 47 Step 200/224 Loss 0.1769
2025-09-07 15:27:15,272 INFO Epoch 47 Step 210/224 Loss 0.1748
2025-09-07 15:27:28,373 INFO Epoch 47 Step 220/224 Loss 0.1643
2025-09-07 15:27:33,606 INFO Epoch 47 Step 224/224 Loss 0.2423
2025-09-07 15:27:33,606 INFO Epoch 47 Training Loss 0.1781
2025-09-07 15:27:50,367 INFO Epoch 48 Step 10/224 Loss 0.1595
2025-09-07 15:28:03,416 INFO Epoch 48 Step 20/224 Loss 0.1482
2025-09-07 15:28:16,493 INFO Epoch 48 Step 30/224 Loss 0.1648
2025-09-07 15:28:29,579 INFO Epoch 48 Step 40/224 Loss 0.1852
2025-09-07 15:28:42,688 INFO Epoch 48 Step 50/224 Loss 0.1631
2025-09-07 15:28:55,806 INFO Epoch 48 Step 60/224 Loss 0.1725
2025-09-07 15:29:08,920 INFO Epoch 48 Step 70/224 Loss 0.1558
2025-09-07 15:29:22,028 INFO Epoch 48 Step 80/224 Loss 0.1636
2025-09-07 15:29:35,345 INFO Epoch 48 Step 90/224 Loss 0.1914
2025-09-07 15:29:48,464 INFO Epoch 48 Step 100/224 Loss 0.1934
2025-09-07 15:30:01,584 INFO Epoch 48 Step 110/224 Loss 0.1701
2025-09-07 15:30:14,715 INFO Epoch 48 Step 120/224 Loss 0.1853
2025-09-07 15:30:27,837 INFO Epoch 48 Step 130/224 Loss 0.1964
2025-09-07 15:30:40,962 INFO Epoch 48 Step 140/224 Loss 0.1705
2025-09-07 15:30:54,077 INFO Epoch 48 Step 150/224 Loss 0.1970
2025-09-07 15:31:07,190 INFO Epoch 48 Step 160/224 Loss 0.1690
2025-09-07 15:31:20,317 INFO Epoch 48 Step 170/224 Loss 0.1850
2025-09-07 15:31:33,432 INFO Epoch 48 Step 180/224 Loss 0.1827
2025-09-07 15:31:46,659 INFO Epoch 48 Step 190/224 Loss 0.1702
2025-09-07 15:31:59,956 INFO Epoch 48 Step 200/224 Loss 0.1695
2025-09-07 15:32:13,059 INFO Epoch 48 Step 210/224 Loss 0.1593
2025-09-07 15:32:26,173 INFO Epoch 48 Step 220/224 Loss 0.1807
2025-09-07 15:32:31,418 INFO Epoch 48 Step 224/224 Loss 0.1964
2025-09-07 15:32:31,418 INFO Epoch 48 Training Loss 0.1746
2025-09-07 15:33:21,539 INFO Validation @ epoch 48: individual:
  Engagement:
    accuracy: 0.6302975416183472
    balanced_accuracy: 0.6302975416183472
    mcc: 0.42778441309928894
    f1_micro: 0.682539701461792
    f1_macro: 0.5727272629737854
    precision_micro: 0.682539701461792
    precision_macro: 0.5563391447067261
    recall_micro: 0.682539701461792
    recall_macro: 0.6302975416183472
    f1_per_class: [0.5031605362892151, 0.8090062141418457, 0.4060150384902954]
    precision_per_class: [0.40529531240463257, 0.9262222051620483, 0.3375000059604645]
    recall_per_class: [0.6633333563804626, 0.7181254029273987, 0.5094339847564697]
    auroc_macro: 0.8241803050041199
    auprc_macro: 0.5751087665557861
    auprc_per_class: [0.4707595705986023, 0.9300409555435181, 0.3245256543159485]
    specificity_per_class: [0.8298368453979492, 0.8530973196029663, 0.8486579060554504]
    ece: 0.04085570573806763
    confusion_matrix: [[ 199,   35,   66],
       [ 210, 1042,  199],
       [  82,   48,  135]]
  Lead:
    accuracy: 0.5614476203918457
    balanced_accuracy: 0.5614476203918457
    mcc: 0.31606408953666687
    f1_micro: 0.6150793433189392
    f1_macro: 0.5206614136695862
    precision_micro: 0.6150793433189392
    precision_macro: 0.5102990865707397
    recall_micro: 0.6150793433189392
    recall_macro: 0.5614476203918457
    f1_per_class: [0.4470588266849518, 0.738659143447876, 0.3762662708759308]
    precision_per_class: [0.3598484992980957, 0.8394160866737366, 0.3316326439380646]
    recall_per_class: [0.590062141418457, 0.6594982147216797, 0.43478259444236755]
    auroc_macro: 0.7497946619987488
    auprc_macro: 0.5238370299339294
    auprc_per_class: [0.3613715171813965, 0.8684732913970947, 0.34166625142097473]
    specificity_per_class: [0.8004722595214844, 0.716586172580719, 0.8474082946777344]
    ece: 0.04094571992754936
    confusion_matrix: [[190,  90,  42],
       [255, 920, 220],
       [ 83,  86, 130]]
loss: 0.41715749104817706
2025-09-07 15:33:38,296 INFO Epoch 49 Step 10/224 Loss 0.1694
2025-09-07 15:33:51,253 INFO Epoch 49 Step 20/224 Loss 0.1531
2025-09-07 15:34:04,310 INFO Epoch 49 Step 30/224 Loss 0.1752
2025-09-07 15:34:17,421 INFO Epoch 49 Step 40/224 Loss 0.1641
2025-09-07 15:34:30,555 INFO Epoch 49 Step 50/224 Loss 0.1665
2025-09-07 15:34:43,730 INFO Epoch 49 Step 60/224 Loss 0.1642
2025-09-07 15:34:56,908 INFO Epoch 49 Step 70/224 Loss 0.1640
2025-09-07 15:35:10,220 INFO Epoch 49 Step 80/224 Loss 0.1761
2025-09-07 15:35:23,384 INFO Epoch 49 Step 90/224 Loss 0.1632
2025-09-07 15:35:36,545 INFO Epoch 49 Step 100/224 Loss 0.1570
2025-09-07 15:35:49,713 INFO Epoch 49 Step 110/224 Loss 0.1642
2025-09-07 15:36:02,892 INFO Epoch 49 Step 120/224 Loss 0.1472
2025-09-07 15:36:16,047 INFO Epoch 49 Step 130/224 Loss 0.1516
2025-09-07 15:36:29,213 INFO Epoch 49 Step 140/224 Loss 0.1642
2025-09-07 15:36:42,359 INFO Epoch 49 Step 150/224 Loss 0.1862
2025-09-07 15:36:55,506 INFO Epoch 49 Step 160/224 Loss 0.1881
2025-09-07 15:37:08,649 INFO Epoch 49 Step 170/224 Loss 0.1696
2025-09-07 15:37:21,788 INFO Epoch 49 Step 180/224 Loss 0.1701
2025-09-07 15:37:35,124 INFO Epoch 49 Step 190/224 Loss 0.1659
2025-09-07 15:37:48,245 INFO Epoch 49 Step 200/224 Loss 0.1818
2025-09-07 15:38:01,365 INFO Epoch 49 Step 210/224 Loss 0.1605
2025-09-07 15:38:14,490 INFO Epoch 49 Step 220/224 Loss 0.1648
2025-09-07 15:38:19,740 INFO Epoch 49 Step 224/224 Loss 0.1743
2025-09-07 15:38:19,740 INFO Epoch 49 Training Loss 0.1668
2025-09-07 15:38:36,803 INFO Epoch 50 Step 10/224 Loss 0.1343
2025-09-07 15:38:49,844 INFO Epoch 50 Step 20/224 Loss 0.1508
2025-09-07 15:39:02,924 INFO Epoch 50 Step 30/224 Loss 0.1519
2025-09-07 15:39:16,032 INFO Epoch 50 Step 40/224 Loss 0.1715
2025-09-07 15:39:29,142 INFO Epoch 50 Step 50/224 Loss 0.1591
2025-09-07 15:39:42,270 INFO Epoch 50 Step 60/224 Loss 0.1621
2025-09-07 15:39:55,394 INFO Epoch 50 Step 70/224 Loss 0.1502
2025-09-07 15:40:08,709 INFO Epoch 50 Step 80/224 Loss 0.1637
2025-09-07 15:40:21,834 INFO Epoch 50 Step 90/224 Loss 0.1630
2025-09-07 15:40:34,953 INFO Epoch 50 Step 100/224 Loss 0.1803
2025-09-07 15:40:48,079 INFO Epoch 50 Step 110/224 Loss 0.1588
2025-09-07 15:41:01,197 INFO Epoch 50 Step 120/224 Loss 0.1718
2025-09-07 15:41:14,323 INFO Epoch 50 Step 130/224 Loss 0.1535
2025-09-07 15:41:27,440 INFO Epoch 50 Step 140/224 Loss 0.1619
2025-09-07 15:41:40,563 INFO Epoch 50 Step 150/224 Loss 0.1804
2025-09-07 15:41:53,685 INFO Epoch 50 Step 160/224 Loss 0.1790
2025-09-07 15:42:06,790 INFO Epoch 50 Step 170/224 Loss 0.1661
2025-09-07 15:42:19,921 INFO Epoch 50 Step 180/224 Loss 0.1851
2025-09-07 15:42:33,142 INFO Epoch 50 Step 190/224 Loss 0.1832
2025-09-07 15:42:46,251 INFO Epoch 50 Step 200/224 Loss 0.1731
2025-09-07 15:42:59,353 INFO Epoch 50 Step 210/224 Loss 0.1711
2025-09-07 15:43:12,469 INFO Epoch 50 Step 220/224 Loss 0.1734
2025-09-07 15:43:17,715 INFO Epoch 50 Step 224/224 Loss 0.1495
2025-09-07 15:43:17,715 INFO Epoch 50 Training Loss 0.1654
2025-09-07 15:43:34,227 INFO Epoch 51 Step 10/224 Loss 0.1355
2025-09-07 15:43:47,264 INFO Epoch 51 Step 20/224 Loss 0.1698
2025-09-07 15:44:00,345 INFO Epoch 51 Step 30/224 Loss 0.1535
2025-09-07 15:44:13,430 INFO Epoch 51 Step 40/224 Loss 0.1460
2025-09-07 15:44:26,544 INFO Epoch 51 Step 50/224 Loss 0.1406
2025-09-07 15:44:39,660 INFO Epoch 51 Step 60/224 Loss 0.1745
2025-09-07 15:44:52,774 INFO Epoch 51 Step 70/224 Loss 0.1466
2025-09-07 15:45:06,042 INFO Epoch 51 Step 80/224 Loss 0.1683
2025-09-07 15:45:19,168 INFO Epoch 51 Step 90/224 Loss 0.1558
2025-09-07 15:45:32,283 INFO Epoch 51 Step 100/224 Loss 0.1590
2025-09-07 15:45:45,407 INFO Epoch 51 Step 110/224 Loss 0.1683
2025-09-07 15:45:58,530 INFO Epoch 51 Step 120/224 Loss 0.1582
2025-09-07 15:46:11,642 INFO Epoch 51 Step 130/224 Loss 0.1733
2025-09-07 15:46:24,765 INFO Epoch 51 Step 140/224 Loss 0.1566
2025-09-07 15:46:37,896 INFO Epoch 51 Step 150/224 Loss 0.1488
2025-09-07 15:46:51,009 INFO Epoch 51 Step 160/224 Loss 0.1785
2025-09-07 15:47:04,125 INFO Epoch 51 Step 170/224 Loss 0.1795
2025-09-07 15:47:17,244 INFO Epoch 51 Step 180/224 Loss 0.1534
2025-09-07 15:47:30,555 INFO Epoch 51 Step 190/224 Loss 0.1708
2025-09-07 15:47:43,658 INFO Epoch 51 Step 200/224 Loss 0.1646
2025-09-07 15:47:56,777 INFO Epoch 51 Step 210/224 Loss 0.1663
2025-09-07 15:48:09,895 INFO Epoch 51 Step 220/224 Loss 0.1855
2025-09-07 15:48:15,145 INFO Epoch 51 Step 224/224 Loss 0.1803
2025-09-07 15:48:15,145 INFO Epoch 51 Training Loss 0.1619
2025-09-07 15:48:32,128 INFO Epoch 52 Step 10/224 Loss 0.1474
2025-09-07 15:48:45,173 INFO Epoch 52 Step 20/224 Loss 0.1682
2025-09-07 15:48:58,258 INFO Epoch 52 Step 30/224 Loss 0.1704
2025-09-07 15:49:11,370 INFO Epoch 52 Step 40/224 Loss 0.1498
2025-09-07 15:49:24,487 INFO Epoch 52 Step 50/224 Loss 0.1404
2025-09-07 15:49:37,605 INFO Epoch 52 Step 60/224 Loss 0.1469
2025-09-07 15:49:50,889 INFO Epoch 52 Step 70/224 Loss 0.1621
2025-09-07 15:50:04,017 INFO Epoch 52 Step 80/224 Loss 0.1529
2025-09-07 15:50:17,149 INFO Epoch 52 Step 90/224 Loss 0.1627
2025-09-07 15:50:30,269 INFO Epoch 52 Step 100/224 Loss 0.1403
2025-09-07 15:50:43,394 INFO Epoch 52 Step 110/224 Loss 0.1586
2025-09-07 15:50:56,524 INFO Epoch 52 Step 120/224 Loss 0.1558
2025-09-07 15:51:09,659 INFO Epoch 52 Step 130/224 Loss 0.1366
2025-09-07 15:51:22,796 INFO Epoch 52 Step 140/224 Loss 0.1535
2025-09-07 15:51:35,915 INFO Epoch 52 Step 150/224 Loss 0.1505
2025-09-07 15:51:49,039 INFO Epoch 52 Step 160/224 Loss 0.1686
2025-09-07 15:52:02,149 INFO Epoch 52 Step 170/224 Loss 0.1505
2025-09-07 15:52:15,449 INFO Epoch 52 Step 180/224 Loss 0.1466
2025-09-07 15:52:28,578 INFO Epoch 52 Step 190/224 Loss 0.1415
2025-09-07 15:52:41,701 INFO Epoch 52 Step 200/224 Loss 0.1602
2025-09-07 15:52:54,827 INFO Epoch 52 Step 210/224 Loss 0.1630
2025-09-07 15:53:07,927 INFO Epoch 52 Step 220/224 Loss 0.1690
2025-09-07 15:53:13,167 INFO Epoch 52 Step 224/224 Loss 0.1814
2025-09-07 15:53:13,167 INFO Epoch 52 Training Loss 0.1548
2025-09-07 15:54:03,317 INFO Validation @ epoch 52: individual:
  Engagement:
    accuracy: 0.6362162232398987
    balanced_accuracy: 0.6362162232398987
    mcc: 0.4358842670917511
    f1_micro: 0.7003968358039856
    f1_macro: 0.5879600048065186
    precision_micro: 0.7003968358039856
    precision_macro: 0.5684406757354736
    recall_micro: 0.7003968358039856
    recall_macro: 0.6362162232398987
    f1_per_class: [0.5144429206848145, 0.8200075626373291, 0.42942944169044495]
    precision_per_class: [0.4379391074180603, 0.9107744097709656, 0.35660848021507263]
    recall_per_class: [0.6233333349227905, 0.7456926107406616, 0.5396226644515991]
    auroc_macro: 0.8295938968658447
    auprc_macro: 0.5855408906936646
    auprc_per_class: [0.47378918528556824, 0.9266265630722046, 0.3562069535255432]
    specificity_per_class: [0.8601398468017578, 0.8123893737792969, 0.8526556491851807]
    ece: 0.05917423218488693
    confusion_matrix: [[ 187,   50,   63],
       [ 174, 1082,  195],
       [  66,   56,  143]]
  Lead:
    accuracy: 0.5830252170562744
    balanced_accuracy: 0.5830252170562744
    mcc: 0.33058610558509827
    f1_micro: 0.6091269850730896
    f1_macro: 0.530462920665741
    precision_micro: 0.6091269850730896
    precision_macro: 0.5194500684738159
    recall_micro: 0.6091269850730896
    recall_macro: 0.5830252170562744
    f1_per_class: [0.4624697268009186, 0.7242798209190369, 0.40463918447494507]
    precision_per_class: [0.3789682686328888, 0.8502415418624878, 0.32914045453071594]
    recall_per_class: [0.5931677222251892, 0.6308243870735168, 0.525083601474762]
    auroc_macro: 0.7456228733062744
    auprc_macro: 0.5164134502410889
    auprc_per_class: [0.3654407262802124, 0.8606049418449402, 0.32319459319114685]
    specificity_per_class: [0.8152302503585815, 0.750402569770813, 0.8136284351348877]
    ece: 0.07411936670541763
    confusion_matrix: [[191,  79,  52],
       [247, 880, 268],
       [ 66,  76, 157]]
loss: 0.495745477222261
2025-09-07 15:54:20,118 INFO Epoch 53 Step 10/224 Loss 0.1386
2025-09-07 15:54:33,072 INFO Epoch 53 Step 20/224 Loss 0.1403
2025-09-07 15:54:46,120 INFO Epoch 53 Step 30/224 Loss 0.1337
2025-09-07 15:54:59,218 INFO Epoch 53 Step 40/224 Loss 0.1321
2025-09-07 15:55:12,377 INFO Epoch 53 Step 50/224 Loss 0.1316
2025-09-07 15:55:25,563 INFO Epoch 53 Step 60/224 Loss 0.1337
2025-09-07 15:55:38,934 INFO Epoch 53 Step 70/224 Loss 0.1389
2025-09-07 15:55:52,110 INFO Epoch 53 Step 80/224 Loss 0.1602
2025-09-07 15:56:05,284 INFO Epoch 53 Step 90/224 Loss 0.1643
2025-09-07 15:56:18,461 INFO Epoch 53 Step 100/224 Loss 0.1430
2025-09-07 15:56:31,634 INFO Epoch 53 Step 110/224 Loss 0.1528
2025-09-07 15:56:44,819 INFO Epoch 53 Step 120/224 Loss 0.1566
2025-09-07 15:56:57,978 INFO Epoch 53 Step 130/224 Loss 0.1533
2025-09-07 15:57:11,132 INFO Epoch 53 Step 140/224 Loss 0.1341
2025-09-07 15:57:24,386 INFO Epoch 53 Step 150/224 Loss 0.1669
2025-09-07 15:57:37,521 INFO Epoch 53 Step 160/224 Loss 0.1673
2025-09-07 15:57:50,681 INFO Epoch 53 Step 170/224 Loss 0.1492
2025-09-07 15:58:04,007 INFO Epoch 53 Step 180/224 Loss 0.1455
2025-09-07 15:58:17,154 INFO Epoch 53 Step 190/224 Loss 0.1550
2025-09-07 15:58:30,286 INFO Epoch 53 Step 200/224 Loss 0.1632
2025-09-07 15:58:43,412 INFO Epoch 53 Step 210/224 Loss 0.1800
2025-09-07 15:58:56,546 INFO Epoch 53 Step 220/224 Loss 0.1599
2025-09-07 15:59:01,794 INFO Epoch 53 Step 224/224 Loss 0.1770
2025-09-07 15:59:01,794 INFO Epoch 53 Training Loss 0.1505
2025-09-07 15:59:18,682 INFO Epoch 54 Step 10/224 Loss 0.1644
2025-09-07 15:59:31,727 INFO Epoch 54 Step 20/224 Loss 0.1470
2025-09-07 15:59:44,810 INFO Epoch 54 Step 30/224 Loss 0.1352
2025-09-07 15:59:57,918 INFO Epoch 54 Step 40/224 Loss 0.1252
2025-09-07 16:00:11,045 INFO Epoch 54 Step 50/224 Loss 0.1466
2025-09-07 16:00:24,175 INFO Epoch 54 Step 60/224 Loss 0.1351
2025-09-07 16:00:37,493 INFO Epoch 54 Step 70/224 Loss 0.1786
2025-09-07 16:00:50,637 INFO Epoch 54 Step 80/224 Loss 0.1616
2025-09-07 16:01:03,769 INFO Epoch 54 Step 90/224 Loss 0.1608
2025-09-07 16:01:16,916 INFO Epoch 54 Step 100/224 Loss 0.1480
2025-09-07 16:01:30,043 INFO Epoch 54 Step 110/224 Loss 0.1433
2025-09-07 16:01:43,186 INFO Epoch 54 Step 120/224 Loss 0.1558
2025-09-07 16:01:56,318 INFO Epoch 54 Step 130/224 Loss 0.1618
2025-09-07 16:02:09,444 INFO Epoch 54 Step 140/224 Loss 0.1503
2025-09-07 16:02:22,580 INFO Epoch 54 Step 150/224 Loss 0.1413
2025-09-07 16:02:35,705 INFO Epoch 54 Step 160/224 Loss 0.1449
2025-09-07 16:02:48,831 INFO Epoch 54 Step 170/224 Loss 0.1763
2025-09-07 16:03:02,163 INFO Epoch 54 Step 180/224 Loss 0.1646
2025-09-07 16:03:15,289 INFO Epoch 54 Step 190/224 Loss 0.1516
2025-09-07 16:03:28,426 INFO Epoch 54 Step 200/224 Loss 0.1485
2025-09-07 16:03:41,548 INFO Epoch 54 Step 210/224 Loss 0.1543
2025-09-07 16:03:54,668 INFO Epoch 54 Step 220/224 Loss 0.1408
2025-09-07 16:03:59,912 INFO Epoch 54 Step 224/224 Loss 0.1469
2025-09-07 16:03:59,912 INFO Epoch 54 Training Loss 0.1515
2025-09-07 16:04:16,748 INFO Epoch 55 Step 10/224 Loss 0.1270
2025-09-07 16:04:29,795 INFO Epoch 55 Step 20/224 Loss 0.1314
2025-09-07 16:04:42,885 INFO Epoch 55 Step 30/224 Loss 0.1221
2025-09-07 16:04:55,980 INFO Epoch 55 Step 40/224 Loss 0.1478
2025-09-07 16:05:09,090 INFO Epoch 55 Step 50/224 Loss 0.1334
2025-09-07 16:05:22,400 INFO Epoch 55 Step 60/224 Loss 0.1479
2025-09-07 16:05:35,529 INFO Epoch 55 Step 70/224 Loss 0.1408
2025-09-07 16:05:48,651 INFO Epoch 55 Step 80/224 Loss 0.1352
2025-09-07 16:06:01,786 INFO Epoch 55 Step 90/224 Loss 0.1438
2025-09-07 16:06:14,904 INFO Epoch 55 Step 100/224 Loss 0.1420
2025-09-07 16:06:28,022 INFO Epoch 55 Step 110/224 Loss 0.1493
2025-09-07 16:06:41,175 INFO Epoch 55 Step 120/224 Loss 0.1451
2025-09-07 16:06:54,308 INFO Epoch 55 Step 130/224 Loss 0.1392
2025-09-07 16:07:07,429 INFO Epoch 55 Step 140/224 Loss 0.1498
2025-09-07 16:07:20,573 INFO Epoch 55 Step 150/224 Loss 0.1596
2025-09-07 16:07:33,697 INFO Epoch 55 Step 160/224 Loss 0.1498
2025-09-07 16:07:46,814 INFO Epoch 55 Step 170/224 Loss 0.1523
2025-09-07 16:08:00,044 INFO Epoch 55 Step 180/224 Loss 0.1619
2025-09-07 16:08:13,160 INFO Epoch 55 Step 190/224 Loss 0.1535
2025-09-07 16:08:26,277 INFO Epoch 55 Step 200/224 Loss 0.1528
2025-09-07 16:08:39,403 INFO Epoch 55 Step 210/224 Loss 0.1465
2025-09-07 16:08:52,513 INFO Epoch 55 Step 220/224 Loss 0.1532
2025-09-07 16:08:57,760 INFO Epoch 55 Step 224/224 Loss 0.1646
2025-09-07 16:08:57,760 INFO Epoch 55 Training Loss 0.1451
2025-09-07 16:09:14,523 INFO Epoch 56 Step 10/224 Loss 0.1392
2025-09-07 16:09:27,581 INFO Epoch 56 Step 20/224 Loss 0.1284
2025-09-07 16:09:40,670 INFO Epoch 56 Step 30/224 Loss 0.1252
2025-09-07 16:09:53,776 INFO Epoch 56 Step 40/224 Loss 0.1220
2025-09-07 16:10:06,882 INFO Epoch 56 Step 50/224 Loss 0.1124
2025-09-07 16:10:20,126 INFO Epoch 56 Step 60/224 Loss 0.1416
2025-09-07 16:10:33,266 INFO Epoch 56 Step 70/224 Loss 0.1385
2025-09-07 16:10:46,386 INFO Epoch 56 Step 80/224 Loss 0.1554
2025-09-07 16:10:59,517 INFO Epoch 56 Step 90/224 Loss 0.1369
2025-09-07 16:11:12,660 INFO Epoch 56 Step 100/224 Loss 0.1498
2025-09-07 16:11:25,789 INFO Epoch 56 Step 110/224 Loss 0.1430
2025-09-07 16:11:38,934 INFO Epoch 56 Step 120/224 Loss 0.1388
2025-09-07 16:11:52,060 INFO Epoch 56 Step 130/224 Loss 0.1319
2025-09-07 16:12:05,211 INFO Epoch 56 Step 140/224 Loss 0.1544
2025-09-07 16:12:18,353 INFO Epoch 56 Step 150/224 Loss 0.1586
2025-09-07 16:12:31,481 INFO Epoch 56 Step 160/224 Loss 0.1404
2025-09-07 16:12:44,800 INFO Epoch 56 Step 170/224 Loss 0.1554
2025-09-07 16:12:57,942 INFO Epoch 56 Step 180/224 Loss 0.1546
2025-09-07 16:13:11,080 INFO Epoch 56 Step 190/224 Loss 0.1701
2025-09-07 16:13:24,200 INFO Epoch 56 Step 200/224 Loss 0.1538
2025-09-07 16:13:37,320 INFO Epoch 56 Step 210/224 Loss 0.1708
2025-09-07 16:13:50,438 INFO Epoch 56 Step 220/224 Loss 0.1517
2025-09-07 16:13:55,684 INFO Epoch 56 Step 224/224 Loss 0.1392
2025-09-07 16:13:55,684 INFO Epoch 56 Training Loss 0.1441
2025-09-07 16:14:45,649 INFO Validation @ epoch 56: individual:
  Engagement:
    accuracy: 0.6391743421554565
    balanced_accuracy: 0.6391743421554565
    mcc: 0.43047472834587097
    f1_micro: 0.6820436716079712
    f1_macro: 0.5784409046173096
    precision_micro: 0.6820436716079712
    precision_macro: 0.5609228610992432
    recall_micro: 0.6820436716079712
    recall_macro: 0.6391743421554565
    f1_per_class: [0.5194805264472961, 0.8037382960319519, 0.4121037423610687]
    precision_per_class: [0.42553192377090454, 0.9239032864570618, 0.3333333432674408]
    recall_per_class: [0.6666666865348816, 0.7112336158752441, 0.5396226644515991]
    auroc_macro: 0.8285192251205444
    auprc_macro: 0.5858626365661621
    auprc_per_class: [0.482433557510376, 0.9291039705276489, 0.3460502326488495]
    specificity_per_class: [0.8426573276519775, 0.8495575189590454, 0.8366647362709045]
    ece: 0.055303528904914856
    confusion_matrix: [[ 200,   39,   61],
       [ 194, 1032,  225],
       [  76,   46,  143]]
  Lead:
    accuracy: 0.5859752893447876
    balanced_accuracy: 0.5859752893447876
    mcc: 0.3428570330142975
    f1_micro: 0.6359127163887024
    f1_macro: 0.545731246471405
    precision_micro: 0.6359127163887024
    precision_macro: 0.5307748317718506
    recall_micro: 0.6359127163887024
    recall_macro: 0.5859752893447876
    f1_per_class: [0.4930467903614044, 0.749702513217926, 0.39444443583488464]
    precision_per_class: [0.415778249502182, 0.8392540216445923, 0.3372921645641327]
    recall_per_class: [0.6055900454521179, 0.6774193644523621, 0.47491639852523804]
    auroc_macro: 0.7590216398239136
    auprc_macro: 0.5331428050994873
    auprc_per_class: [0.3923351764678955, 0.8655673861503601, 0.34152573347091675]
    specificity_per_class: [0.8382526636123657, 0.7085345983505249, 0.8375073075294495]
    ece: 0.05138774216175079
    confusion_matrix: [[195,  87,  40],
       [211, 945, 239],
       [ 63,  94, 142]]
loss: 0.4445311228434245
2025-09-07 16:15:02,532 INFO Epoch 57 Step 10/224 Loss 0.1506
2025-09-07 16:15:15,504 INFO Epoch 57 Step 20/224 Loss 0.1605
2025-09-07 16:15:28,568 INFO Epoch 57 Step 30/224 Loss 0.1381
2025-09-07 16:15:41,693 INFO Epoch 57 Step 40/224 Loss 0.1237
2025-09-07 16:15:54,840 INFO Epoch 57 Step 50/224 Loss 0.1435
2025-09-07 16:16:08,147 INFO Epoch 57 Step 60/224 Loss 0.1239
2025-09-07 16:16:21,323 INFO Epoch 57 Step 70/224 Loss 0.1498
2025-09-07 16:16:34,522 INFO Epoch 57 Step 80/224 Loss 0.1399
2025-09-07 16:16:47,711 INFO Epoch 57 Step 90/224 Loss 0.1516
2025-09-07 16:17:00,883 INFO Epoch 57 Step 100/224 Loss 0.1693
2025-09-07 16:17:14,065 INFO Epoch 57 Step 110/224 Loss 0.1260
2025-09-07 16:17:27,253 INFO Epoch 57 Step 120/224 Loss 0.1542
2025-09-07 16:17:40,438 INFO Epoch 57 Step 130/224 Loss 0.1464
2025-09-07 16:17:53,606 INFO Epoch 57 Step 140/224 Loss 0.1469
2025-09-07 16:18:06,772 INFO Epoch 57 Step 150/224 Loss 0.1597
2025-09-07 16:18:19,917 INFO Epoch 57 Step 160/224 Loss 0.1414
2025-09-07 16:18:33,208 INFO Epoch 57 Step 170/224 Loss 0.1463
2025-09-07 16:18:46,355 INFO Epoch 57 Step 180/224 Loss 0.1350
2025-09-07 16:18:59,490 INFO Epoch 57 Step 190/224 Loss 0.1265
2025-09-07 16:19:12,648 INFO Epoch 57 Step 200/224 Loss 0.1361
2025-09-07 16:19:25,794 INFO Epoch 57 Step 210/224 Loss 0.1462
2025-09-07 16:19:38,922 INFO Epoch 57 Step 220/224 Loss 0.1294
2025-09-07 16:19:44,183 INFO Epoch 57 Step 224/224 Loss 0.1268
2025-09-07 16:19:44,183 INFO Epoch 57 Training Loss 0.1427
2025-09-07 16:20:01,621 INFO Epoch 58 Step 10/224 Loss 0.1377
2025-09-07 16:20:14,677 INFO Epoch 58 Step 20/224 Loss 0.1404
2025-09-07 16:20:27,780 INFO Epoch 58 Step 30/224 Loss 0.1189
2025-09-07 16:20:40,875 INFO Epoch 58 Step 40/224 Loss 0.1501
2025-09-07 16:20:54,000 INFO Epoch 58 Step 50/224 Loss 0.1270
2025-09-07 16:21:07,292 INFO Epoch 58 Step 60/224 Loss 0.1307
2025-09-07 16:21:20,399 INFO Epoch 58 Step 70/224 Loss 0.1351
2025-09-07 16:21:33,529 INFO Epoch 58 Step 80/224 Loss 0.1438
2025-09-07 16:21:46,746 INFO Epoch 58 Step 90/224 Loss 0.1384
2025-09-07 16:21:59,856 INFO Epoch 58 Step 100/224 Loss 0.1330
2025-09-07 16:22:12,992 INFO Epoch 58 Step 110/224 Loss 0.1382
2025-09-07 16:22:26,112 INFO Epoch 58 Step 120/224 Loss 0.1335
2025-09-07 16:22:39,237 INFO Epoch 58 Step 130/224 Loss 0.1597
2025-09-07 16:22:52,362 INFO Epoch 58 Step 140/224 Loss 0.1276
2025-09-07 16:23:05,505 INFO Epoch 58 Step 150/224 Loss 0.1400
2025-09-07 16:23:18,633 INFO Epoch 58 Step 160/224 Loss 0.1235
2025-09-07 16:23:31,937 INFO Epoch 58 Step 170/224 Loss 0.1397
2025-09-07 16:23:45,070 INFO Epoch 58 Step 180/224 Loss 0.1482
2025-09-07 16:23:58,193 INFO Epoch 58 Step 190/224 Loss 0.1418
2025-09-07 16:24:11,314 INFO Epoch 58 Step 200/224 Loss 0.1268
2025-09-07 16:24:24,439 INFO Epoch 58 Step 210/224 Loss 0.1482
2025-09-07 16:24:37,570 INFO Epoch 58 Step 220/224 Loss 0.1396
2025-09-07 16:24:42,817 INFO Epoch 58 Step 224/224 Loss 0.1413
2025-09-07 16:24:42,817 INFO Epoch 58 Training Loss 0.1374
2025-09-07 16:24:59,842 INFO Epoch 59 Step 10/224 Loss 0.1282
2025-09-07 16:25:12,891 INFO Epoch 59 Step 20/224 Loss 0.1466
2025-09-07 16:25:25,976 INFO Epoch 59 Step 30/224 Loss 0.1182
2025-09-07 16:25:39,072 INFO Epoch 59 Step 40/224 Loss 0.1368
2025-09-07 16:25:52,292 INFO Epoch 59 Step 50/224 Loss 0.1242
2025-09-07 16:26:05,413 INFO Epoch 59 Step 60/224 Loss 0.1256
2025-09-07 16:26:18,521 INFO Epoch 59 Step 70/224 Loss 0.1167
2025-09-07 16:26:31,638 INFO Epoch 59 Step 80/224 Loss 0.1232
2025-09-07 16:26:44,757 INFO Epoch 59 Step 90/224 Loss 0.1417
2025-09-07 16:26:57,886 INFO Epoch 59 Step 100/224 Loss 0.1580
2025-09-07 16:27:11,009 INFO Epoch 59 Step 110/224 Loss 0.1353
2025-09-07 16:27:24,125 INFO Epoch 59 Step 120/224 Loss 0.1186
2025-09-07 16:27:37,243 INFO Epoch 59 Step 130/224 Loss 0.1591
2025-09-07 16:27:50,372 INFO Epoch 59 Step 140/224 Loss 0.1229
2025-09-07 16:28:03,487 INFO Epoch 59 Step 150/224 Loss 0.1443
2025-09-07 16:28:16,753 INFO Epoch 59 Step 160/224 Loss 0.1454
2025-09-07 16:28:29,864 INFO Epoch 59 Step 170/224 Loss 0.1397
2025-09-07 16:28:42,986 INFO Epoch 59 Step 180/224 Loss 0.1492
2025-09-07 16:28:56,100 INFO Epoch 59 Step 190/224 Loss 0.1281
2025-09-07 16:29:09,225 INFO Epoch 59 Step 200/224 Loss 0.1387
2025-09-07 16:29:22,329 INFO Epoch 59 Step 210/224 Loss 0.1424
2025-09-07 16:29:35,425 INFO Epoch 59 Step 220/224 Loss 0.1587
2025-09-07 16:29:40,671 INFO Epoch 59 Step 224/224 Loss 0.1324
2025-09-07 16:29:40,671 INFO Epoch 59 Training Loss 0.1364
2025-09-07 16:29:57,793 INFO Epoch 60 Step 10/224 Loss 0.1194
2025-09-07 16:30:10,837 INFO Epoch 60 Step 20/224 Loss 0.1149
2025-09-07 16:30:23,919 INFO Epoch 60 Step 30/224 Loss 0.1086
2025-09-07 16:30:37,019 INFO Epoch 60 Step 40/224 Loss 0.1284
2025-09-07 16:30:50,272 INFO Epoch 60 Step 50/224 Loss 0.1271
2025-09-07 16:31:03,379 INFO Epoch 60 Step 60/224 Loss 0.1241
2025-09-07 16:31:16,500 INFO Epoch 60 Step 70/224 Loss 0.1468
2025-09-07 16:31:29,632 INFO Epoch 60 Step 80/224 Loss 0.1420
2025-09-07 16:31:42,742 INFO Epoch 60 Step 90/224 Loss 0.1471
2025-09-07 16:31:55,865 INFO Epoch 60 Step 100/224 Loss 0.1189
2025-09-07 16:32:08,994 INFO Epoch 60 Step 110/224 Loss 0.1342
2025-09-07 16:32:22,112 INFO Epoch 60 Step 120/224 Loss 0.1238
2025-09-07 16:32:35,233 INFO Epoch 60 Step 130/224 Loss 0.1181
2025-09-07 16:32:48,353 INFO Epoch 60 Step 140/224 Loss 0.1170
2025-09-07 16:33:01,470 INFO Epoch 60 Step 150/224 Loss 0.1412
2025-09-07 16:33:14,749 INFO Epoch 60 Step 160/224 Loss 0.1271
2025-09-07 16:33:27,852 INFO Epoch 60 Step 170/224 Loss 0.1360
2025-09-07 16:33:40,974 INFO Epoch 60 Step 180/224 Loss 0.1288
2025-09-07 16:33:54,100 INFO Epoch 60 Step 190/224 Loss 0.1237
2025-09-07 16:34:07,241 INFO Epoch 60 Step 200/224 Loss 0.1558
2025-09-07 16:34:20,359 INFO Epoch 60 Step 210/224 Loss 0.1445
2025-09-07 16:34:33,480 INFO Epoch 60 Step 220/224 Loss 0.1524
2025-09-07 16:34:38,732 INFO Epoch 60 Step 224/224 Loss 0.1373
2025-09-07 16:34:38,732 INFO Epoch 60 Training Loss 0.1310
2025-09-07 16:35:28,643 INFO Validation @ epoch 60: individual:
  Engagement:
    accuracy: 0.6450834274291992
    balanced_accuracy: 0.6450834274291992
    mcc: 0.43570607900619507
    f1_micro: 0.6954365372657776
    f1_macro: 0.5902790427207947
    precision_micro: 0.6954365372657776
    precision_macro: 0.5696467161178589
    recall_micro: 0.6954365372657776
    recall_macro: 0.6450834274291992
    f1_per_class: [0.5239948034286499, 0.8096330165863037, 0.4372093081474304]
    precision_per_class: [0.4288747310638428, 0.9090128540992737, 0.371052622795105]
    recall_per_class: [0.6733333468437195, 0.7298414707183838, 0.5320754647254944]
    auroc_macro: 0.8364326357841492
    auprc_macro: 0.5989415645599365
    auprc_per_class: [0.4855785369873047, 0.9335010647773743, 0.37774500250816345]
    specificity_per_class: [0.8432400822639465, 0.8123893737792969, 0.863506555557251]
    ece: 0.07538314163684845
    confusion_matrix: [[ 202,   52,   46],
       [ 199, 1059,  193],
       [  70,   54,  141]]
  Lead:
    accuracy: 0.5908359885215759
    balanced_accuracy: 0.5908359885215759
    mcc: 0.3587188720703125
    f1_micro: 0.6602182388305664
    f1_macro: 0.5608731508255005
    precision_micro: 0.6602182388305664
    precision_macro: 0.5470901727676392
    recall_micro: 0.6602182388305664
    recall_macro: 0.5908359885215759
    f1_per_class: [0.4849246144294739, 0.7713626027107239, 0.4263322949409485]
    precision_per_class: [0.4071730077266693, 0.8329176902770996, 0.4011799395084381]
    recall_per_class: [0.5993788838386536, 0.7182795405387878, 0.454849511384964]
    auroc_macro: 0.7627863883972168
    auprc_macro: 0.5484691858291626
    auprc_per_class: [0.3993855118751526, 0.8685275316238403, 0.37749433517456055]
    specificity_per_class: [0.8341204524040222, 0.6763284802436829, 0.8817705512046814]
    ece: 0.0853205993771553
    confusion_matrix: [[ 193,   96,   33],
       [ 223, 1002,  170],
       [  58,  105,  136]]
loss: 0.5268866675240653
2025-09-07 16:35:45,663 INFO Epoch 61 Step 10/224 Loss 0.1039
2025-09-07 16:35:58,637 INFO Epoch 61 Step 20/224 Loss 0.1226
2025-09-07 16:36:11,698 INFO Epoch 61 Step 30/224 Loss 0.1048
2025-09-07 16:36:24,820 INFO Epoch 61 Step 40/224 Loss 0.1264
2025-09-07 16:36:38,113 INFO Epoch 61 Step 50/224 Loss 0.1315
2025-09-07 16:36:51,293 INFO Epoch 61 Step 60/224 Loss 0.1213
2025-09-07 16:37:04,468 INFO Epoch 61 Step 70/224 Loss 0.1249
2025-09-07 16:37:17,659 INFO Epoch 61 Step 80/224 Loss 0.1017
2025-09-07 16:37:30,832 INFO Epoch 61 Step 90/224 Loss 0.1207
2025-09-07 16:37:44,029 INFO Epoch 61 Step 100/224 Loss 0.1373
2025-09-07 16:37:57,222 INFO Epoch 61 Step 110/224 Loss 0.1291
2025-09-07 16:38:10,410 INFO Epoch 61 Step 120/224 Loss 0.1285
2025-09-07 16:38:23,585 INFO Epoch 61 Step 130/224 Loss 0.1173
2025-09-07 16:38:36,759 INFO Epoch 61 Step 140/224 Loss 0.1447
2025-09-07 16:38:49,916 INFO Epoch 61 Step 150/224 Loss 0.1129
2025-09-07 16:39:03,178 INFO Epoch 61 Step 160/224 Loss 0.1586
2025-09-07 16:39:16,328 INFO Epoch 61 Step 170/224 Loss 0.1436
2025-09-07 16:39:29,481 INFO Epoch 61 Step 180/224 Loss 0.1350
2025-09-07 16:39:42,637 INFO Epoch 61 Step 190/224 Loss 0.1426
2025-09-07 16:39:55,777 INFO Epoch 61 Step 200/224 Loss 0.1596
2025-09-07 16:40:08,929 INFO Epoch 61 Step 210/224 Loss 0.1223
2025-09-07 16:40:22,074 INFO Epoch 61 Step 220/224 Loss 0.1289
2025-09-07 16:40:27,327 INFO Epoch 61 Step 224/224 Loss 0.1389
2025-09-07 16:40:27,327 INFO Epoch 61 Training Loss 0.1283
2025-09-07 16:40:44,363 INFO Epoch 62 Step 10/224 Loss 0.1247
2025-09-07 16:40:57,416 INFO Epoch 62 Step 20/224 Loss 0.1062
2025-09-07 16:41:10,524 INFO Epoch 62 Step 30/224 Loss 0.1399
2025-09-07 16:41:23,819 INFO Epoch 62 Step 40/224 Loss 0.1402
2025-09-07 16:41:36,942 INFO Epoch 62 Step 50/224 Loss 0.1141
2025-09-07 16:41:50,067 INFO Epoch 62 Step 60/224 Loss 0.1189
2025-09-07 16:42:03,194 INFO Epoch 62 Step 70/224 Loss 0.1220
2025-09-07 16:42:16,309 INFO Epoch 62 Step 80/224 Loss 0.1371
2025-09-07 16:42:29,432 INFO Epoch 62 Step 90/224 Loss 0.1193
2025-09-07 16:42:42,551 INFO Epoch 62 Step 100/224 Loss 0.1109
2025-09-07 16:42:55,669 INFO Epoch 62 Step 110/224 Loss 0.1410
2025-09-07 16:43:08,784 INFO Epoch 62 Step 120/224 Loss 0.1217
2025-09-07 16:43:21,907 INFO Epoch 62 Step 130/224 Loss 0.1286
2025-09-07 16:43:35,024 INFO Epoch 62 Step 140/224 Loss 0.1268
2025-09-07 16:43:48,276 INFO Epoch 62 Step 150/224 Loss 0.0984
2025-09-07 16:44:01,373 INFO Epoch 62 Step 160/224 Loss 0.1213
2025-09-07 16:44:14,477 INFO Epoch 62 Step 170/224 Loss 0.1224
2025-09-07 16:44:27,609 INFO Epoch 62 Step 180/224 Loss 0.1266
2025-09-07 16:44:40,731 INFO Epoch 62 Step 190/224 Loss 0.1343
2025-09-07 16:44:53,849 INFO Epoch 62 Step 200/224 Loss 0.1494
2025-09-07 16:45:06,950 INFO Epoch 62 Step 210/224 Loss 0.1213
2025-09-07 16:45:20,063 INFO Epoch 62 Step 220/224 Loss 0.1428
2025-09-07 16:45:25,310 INFO Epoch 62 Step 224/224 Loss 0.1676
2025-09-07 16:45:25,310 INFO Epoch 62 Training Loss 0.1266
2025-09-07 16:45:42,618 INFO Epoch 63 Step 10/224 Loss 0.1213
2025-09-07 16:45:55,654 INFO Epoch 63 Step 20/224 Loss 0.1217
2025-09-07 16:46:08,752 INFO Epoch 63 Step 30/224 Loss 0.1257
2025-09-07 16:46:22,062 INFO Epoch 63 Step 40/224 Loss 0.1254
2025-09-07 16:46:35,161 INFO Epoch 63 Step 50/224 Loss 0.0992
2025-09-07 16:46:48,276 INFO Epoch 63 Step 60/224 Loss 0.1156
2025-09-07 16:47:01,394 INFO Epoch 63 Step 70/224 Loss 0.1346
2025-09-07 16:47:14,628 INFO Epoch 63 Step 80/224 Loss 0.1343
2025-09-07 16:47:27,767 INFO Epoch 63 Step 90/224 Loss 0.1366
2025-09-07 16:47:40,893 INFO Epoch 63 Step 100/224 Loss 0.1297
2025-09-07 16:47:54,016 INFO Epoch 63 Step 110/224 Loss 0.1280
2025-09-07 16:48:07,154 INFO Epoch 63 Step 120/224 Loss 0.1340
2025-09-07 16:48:20,295 INFO Epoch 63 Step 130/224 Loss 0.1143
2025-09-07 16:48:33,408 INFO Epoch 63 Step 140/224 Loss 0.1203
2025-09-07 16:48:46,702 INFO Epoch 63 Step 150/224 Loss 0.1211
2025-09-07 16:48:59,823 INFO Epoch 63 Step 160/224 Loss 0.1199
2025-09-07 16:49:12,938 INFO Epoch 63 Step 170/224 Loss 0.1248
2025-09-07 16:49:26,066 INFO Epoch 63 Step 180/224 Loss 0.1416
2025-09-07 16:49:39,194 INFO Epoch 63 Step 190/224 Loss 0.1085
2025-09-07 16:49:52,328 INFO Epoch 63 Step 200/224 Loss 0.1201
2025-09-07 16:50:05,464 INFO Epoch 63 Step 210/224 Loss 0.1284
2025-09-07 16:50:18,579 INFO Epoch 63 Step 220/224 Loss 0.1343
2025-09-07 16:50:23,826 INFO Epoch 63 Step 224/224 Loss 0.0977
2025-09-07 16:50:23,832 INFO Epoch 63 Training Loss 0.1240
2025-09-07 16:50:40,629 INFO Epoch 64 Step 10/224 Loss 0.1077
2025-09-07 16:50:53,675 INFO Epoch 64 Step 20/224 Loss 0.1177
2025-09-07 16:51:06,761 INFO Epoch 64 Step 30/224 Loss 0.1122
2025-09-07 16:51:20,013 INFO Epoch 64 Step 40/224 Loss 0.1338
2025-09-07 16:51:33,107 INFO Epoch 64 Step 50/224 Loss 0.1105
2025-09-07 16:51:46,226 INFO Epoch 64 Step 60/224 Loss 0.1304
2025-09-07 16:51:59,357 INFO Epoch 64 Step 70/224 Loss 0.1105
2025-09-07 16:52:12,470 INFO Epoch 64 Step 80/224 Loss 0.1406
2025-09-07 16:52:25,598 INFO Epoch 64 Step 90/224 Loss 0.1243
2025-09-07 16:52:38,724 INFO Epoch 64 Step 100/224 Loss 0.1125
2025-09-07 16:52:51,846 INFO Epoch 64 Step 110/224 Loss 0.1421
2025-09-07 16:53:04,966 INFO Epoch 64 Step 120/224 Loss 0.1130
2025-09-07 16:53:18,089 INFO Epoch 64 Step 130/224 Loss 0.1295
2025-09-07 16:53:31,224 INFO Epoch 64 Step 140/224 Loss 0.1054
2025-09-07 16:53:44,552 INFO Epoch 64 Step 150/224 Loss 0.1258
2025-09-07 16:53:57,677 INFO Epoch 64 Step 160/224 Loss 0.1341
2025-09-07 16:54:10,799 INFO Epoch 64 Step 170/224 Loss 0.1327
2025-09-07 16:54:23,920 INFO Epoch 64 Step 180/224 Loss 0.1113
2025-09-07 16:54:37,034 INFO Epoch 64 Step 190/224 Loss 0.1144
2025-09-07 16:54:50,163 INFO Epoch 64 Step 200/224 Loss 0.1177
2025-09-07 16:55:03,288 INFO Epoch 64 Step 210/224 Loss 0.1367
2025-09-07 16:55:16,389 INFO Epoch 64 Step 220/224 Loss 0.1252
2025-09-07 16:55:21,639 INFO Epoch 64 Step 224/224 Loss 0.1383
2025-09-07 16:55:21,639 INFO Epoch 64 Training Loss 0.1225
2025-09-07 16:56:11,667 INFO Validation @ epoch 64: individual:
  Engagement:
    accuracy: 0.6350879669189453
    balanced_accuracy: 0.6350879669189453
    mcc: 0.43969669938087463
    f1_micro: 0.726190447807312
    f1_macro: 0.6067395210266113
    precision_micro: 0.726190447807312
    precision_macro: 0.589110255241394
    recall_micro: 0.726190447807312
    recall_macro: 0.6350879669189453
    f1_per_class: [0.5229358077049255, 0.8335146903991699, 0.4637681245803833]
    precision_per_class: [0.4830508530139923, 0.8797855973243713, 0.40449437499046326]
    recall_per_class: [0.5699999928474426, 0.7918676733970642, 0.5433962345123291]
    auroc_macro: 0.840855598449707
    auprc_macro: 0.6143648028373718
    auprc_per_class: [0.5031404495239258, 0.9322929382324219, 0.4076610207557678]
    specificity_per_class: [0.8933566212654114, 0.722123920917511, 0.8789263367652893]
    ece: 0.07822954654693604
    confusion_matrix: [[ 171,   86,   43],
       [ 133, 1149,  169],
       [  50,   71,  144]]
  Lead:
    accuracy: 0.5929036140441895
    balanced_accuracy: 0.5929036140441895
    mcc: 0.3524751365184784
    f1_micro: 0.641865074634552
    f1_macro: 0.5525554418563843
    precision_micro: 0.641865074634552
    precision_macro: 0.5372227430343628
    recall_micro: 0.641865074634552
    recall_macro: 0.5929036140441895
    f1_per_class: [0.4699999988079071, 0.7548514604568481, 0.43281471729278564]
    precision_per_class: [0.3933054506778717, 0.8433628082275391, 0.375]
    recall_per_class: [0.5838509202003479, 0.6831541061401367, 0.5117056965827942]
    auroc_macro: 0.7644001245498657
    auprc_macro: 0.5476561784744263
    auprc_per_class: [0.4058324098587036, 0.8688584566116333, 0.3682776093482971]
    specificity_per_class: [0.828807532787323, 0.7149758338928223, 0.8514851331710815]
    ece: 0.10220411419868469
    confusion_matrix: [[188,  92,  42],
       [229, 953, 213],
       [ 61,  85, 153]]
loss: 0.5671034767514184
2025-09-07 16:56:28,183 INFO Epoch 65 Step 10/224 Loss 0.1053
2025-09-07 16:56:41,154 INFO Epoch 65 Step 20/224 Loss 0.1014
2025-09-07 16:56:54,420 INFO Epoch 65 Step 30/224 Loss 0.1085
2025-09-07 16:57:07,532 INFO Epoch 65 Step 40/224 Loss 0.1053
2025-09-07 16:57:20,694 INFO Epoch 65 Step 50/224 Loss 0.0990
2025-09-07 16:57:33,867 INFO Epoch 65 Step 60/224 Loss 0.1239
2025-09-07 16:57:47,049 INFO Epoch 65 Step 70/224 Loss 0.1055
2025-09-07 16:58:00,238 INFO Epoch 65 Step 80/224 Loss 0.1156
2025-09-07 16:58:13,438 INFO Epoch 65 Step 90/224 Loss 0.1097
2025-09-07 16:58:26,634 INFO Epoch 65 Step 100/224 Loss 0.1297
2025-09-07 16:58:39,814 INFO Epoch 65 Step 110/224 Loss 0.1214
2025-09-07 16:58:52,997 INFO Epoch 65 Step 120/224 Loss 0.1271
2025-09-07 16:59:06,176 INFO Epoch 65 Step 130/224 Loss 0.1178
2025-09-07 16:59:19,327 INFO Epoch 65 Step 140/224 Loss 0.1161
2025-09-07 16:59:32,655 INFO Epoch 65 Step 150/224 Loss 0.1259
2025-09-07 16:59:45,809 INFO Epoch 65 Step 160/224 Loss 0.1155
2025-09-07 16:59:58,950 INFO Epoch 65 Step 170/224 Loss 0.1158
2025-09-07 17:00:12,103 INFO Epoch 65 Step 180/224 Loss 0.1033
2025-09-07 17:00:25,249 INFO Epoch 65 Step 190/224 Loss 0.1103
2025-09-07 17:00:38,403 INFO Epoch 65 Step 200/224 Loss 0.1136
2025-09-07 17:00:51,555 INFO Epoch 65 Step 210/224 Loss 0.1282
2025-09-07 17:01:04,681 INFO Epoch 65 Step 220/224 Loss 0.1176
2025-09-07 17:01:09,927 INFO Epoch 65 Step 224/224 Loss 0.1641
2025-09-07 17:01:09,928 INFO Epoch 65 Training Loss 0.1153
2025-09-07 17:01:26,528 INFO Epoch 66 Step 10/224 Loss 0.1280
2025-09-07 17:01:39,594 INFO Epoch 66 Step 20/224 Loss 0.1279
2025-09-07 17:01:52,865 INFO Epoch 66 Step 30/224 Loss 0.1071
2025-09-07 17:02:05,982 INFO Epoch 66 Step 40/224 Loss 0.1077
2025-09-07 17:02:19,109 INFO Epoch 66 Step 50/224 Loss 0.1180
2025-09-07 17:02:32,259 INFO Epoch 66 Step 60/224 Loss 0.1151
2025-09-07 17:02:45,385 INFO Epoch 66 Step 70/224 Loss 0.1142
2025-09-07 17:02:58,508 INFO Epoch 66 Step 80/224 Loss 0.1118
2025-09-07 17:03:11,643 INFO Epoch 66 Step 90/224 Loss 0.1267
2025-09-07 17:03:24,799 INFO Epoch 66 Step 100/224 Loss 0.1240
2025-09-07 17:03:37,927 INFO Epoch 66 Step 110/224 Loss 0.1214
2025-09-07 17:03:51,054 INFO Epoch 66 Step 120/224 Loss 0.1175
2025-09-07 17:04:04,177 INFO Epoch 66 Step 130/224 Loss 0.1194
2025-09-07 17:04:17,493 INFO Epoch 66 Step 140/224 Loss 0.0991
2025-09-07 17:04:30,616 INFO Epoch 66 Step 150/224 Loss 0.1377
2025-09-07 17:04:43,738 INFO Epoch 66 Step 160/224 Loss 0.1131
2025-09-07 17:04:56,865 INFO Epoch 66 Step 170/224 Loss 0.1170
2025-09-07 17:05:10,013 INFO Epoch 66 Step 180/224 Loss 0.1079
2025-09-07 17:05:23,205 INFO Epoch 66 Step 190/224 Loss 0.1069
2025-09-07 17:05:36,345 INFO Epoch 66 Step 200/224 Loss 0.1135
2025-09-07 17:05:49,473 INFO Epoch 66 Step 210/224 Loss 0.1138
2025-09-07 17:06:02,597 INFO Epoch 66 Step 220/224 Loss 0.1207
2025-09-07 17:06:07,838 INFO Epoch 66 Step 224/224 Loss 0.1220
2025-09-07 17:06:07,839 INFO Epoch 66 Training Loss 0.1168
2025-09-07 17:06:24,461 INFO Epoch 67 Step 10/224 Loss 0.1080
2025-09-07 17:06:37,521 INFO Epoch 67 Step 20/224 Loss 0.0877
2025-09-07 17:06:50,786 INFO Epoch 67 Step 30/224 Loss 0.1091
2025-09-07 17:07:03,897 INFO Epoch 67 Step 40/224 Loss 0.1087
2025-09-07 17:07:17,024 INFO Epoch 67 Step 50/224 Loss 0.0908
2025-09-07 17:07:30,143 INFO Epoch 67 Step 60/224 Loss 0.1067
2025-09-07 17:07:43,262 INFO Epoch 67 Step 70/224 Loss 0.1229
2025-09-07 17:07:56,385 INFO Epoch 67 Step 80/224 Loss 0.0954
2025-09-07 17:08:09,515 INFO Epoch 67 Step 90/224 Loss 0.0864
2025-09-07 17:08:22,633 INFO Epoch 67 Step 100/224 Loss 0.1017
2025-09-07 17:08:35,752 INFO Epoch 67 Step 110/224 Loss 0.0983
2025-09-07 17:08:48,883 INFO Epoch 67 Step 120/224 Loss 0.1080
2025-09-07 17:09:02,009 INFO Epoch 67 Step 130/224 Loss 0.1110
2025-09-07 17:09:15,322 INFO Epoch 67 Step 140/224 Loss 0.1037
2025-09-07 17:09:28,458 INFO Epoch 67 Step 150/224 Loss 0.1006
2025-09-07 17:09:41,589 INFO Epoch 67 Step 160/224 Loss 0.1026
2025-09-07 17:09:54,713 INFO Epoch 67 Step 170/224 Loss 0.1168
2025-09-07 17:10:07,845 INFO Epoch 67 Step 180/224 Loss 0.1117
2025-09-07 17:10:20,956 INFO Epoch 67 Step 190/224 Loss 0.0970
2025-09-07 17:10:34,076 INFO Epoch 67 Step 200/224 Loss 0.1024
2025-09-07 17:10:47,196 INFO Epoch 67 Step 210/224 Loss 0.1385
2025-09-07 17:11:00,313 INFO Epoch 67 Step 220/224 Loss 0.1176
2025-09-07 17:11:05,565 INFO Epoch 67 Step 224/224 Loss 0.1294
2025-09-07 17:11:05,565 INFO Epoch 67 Training Loss 0.1061
2025-09-07 17:11:22,668 INFO Epoch 68 Step 10/224 Loss 0.1270
2025-09-07 17:11:35,724 INFO Epoch 68 Step 20/224 Loss 0.1085
2025-09-07 17:11:48,996 INFO Epoch 68 Step 30/224 Loss 0.1042
2025-09-07 17:12:02,111 INFO Epoch 68 Step 40/224 Loss 0.1069
2025-09-07 17:12:15,231 INFO Epoch 68 Step 50/224 Loss 0.1103
2025-09-07 17:12:28,372 INFO Epoch 68 Step 60/224 Loss 0.1020
2025-09-07 17:12:41,499 INFO Epoch 68 Step 70/224 Loss 0.1094
2025-09-07 17:12:54,635 INFO Epoch 68 Step 80/224 Loss 0.1309
2025-09-07 17:13:07,884 INFO Epoch 68 Step 90/224 Loss 0.1037
2025-09-07 17:13:21,012 INFO Epoch 68 Step 100/224 Loss 0.1171
2025-09-07 17:13:34,145 INFO Epoch 68 Step 110/224 Loss 0.1219
2025-09-07 17:13:47,290 INFO Epoch 68 Step 120/224 Loss 0.1166
2025-09-07 17:14:00,411 INFO Epoch 68 Step 130/224 Loss 0.1151
2025-09-07 17:14:13,716 INFO Epoch 68 Step 140/224 Loss 0.1099
2025-09-07 17:14:26,842 INFO Epoch 68 Step 150/224 Loss 0.1139
2025-09-07 17:14:39,969 INFO Epoch 68 Step 160/224 Loss 0.0926
2025-09-07 17:14:53,091 INFO Epoch 68 Step 170/224 Loss 0.1139
2025-09-07 17:15:06,215 INFO Epoch 68 Step 180/224 Loss 0.1002
2025-09-07 17:15:19,333 INFO Epoch 68 Step 190/224 Loss 0.1101
2025-09-07 17:15:32,456 INFO Epoch 68 Step 200/224 Loss 0.1080
2025-09-07 17:15:45,583 INFO Epoch 68 Step 210/224 Loss 0.1096
2025-09-07 17:15:58,707 INFO Epoch 68 Step 220/224 Loss 0.1048
2025-09-07 17:16:03,955 INFO Epoch 68 Step 224/224 Loss 0.1091
2025-09-07 17:16:03,955 INFO Epoch 68 Training Loss 0.1107
2025-09-07 17:16:54,357 INFO Validation @ epoch 68: individual:
  Engagement:
    accuracy: 0.6520057320594788
    balanced_accuracy: 0.6520057320594788
    mcc: 0.4481554925441742
    f1_micro: 0.7157738208770752
    f1_macro: 0.607475757598877
    precision_micro: 0.7157738208770752
    precision_macro: 0.5861346125602722
    recall_micro: 0.7157738208770752
    recall_macro: 0.6520057320594788
    f1_per_class: [0.5430463552474976, 0.8214685320854187, 0.4579124450683594]
    precision_per_class: [0.450549453496933, 0.8944805264472961, 0.4133738577365875]
    recall_per_class: [0.6833333373069763, 0.7594762444496155, 0.5132075548171997]
    auroc_macro: 0.8388497829437256
    auprc_macro: 0.6135069131851196
    auprc_per_class: [0.5128577351570129, 0.9290310740470886, 0.39863187074661255]
    specificity_per_class: [0.8543123602867126, 0.769911527633667, 0.8897772431373596]
    ece: 0.08345908671617508
    confusion_matrix: [[ 205,   58,   37],
       [ 193, 1102,  156],
       [  57,   72,  136]]
  Lead:
    accuracy: 0.6066024303436279
    balanced_accuracy: 0.6066024303436279
    mcc: 0.3714708685874939
    f1_micro: 0.6641865372657776
    f1_macro: 0.5732839107513428
    precision_micro: 0.6641865372657776
    precision_macro: 0.5562674403190613
    recall_micro: 0.6641865372657776
    recall_macro: 0.6066024303436279
    f1_per_class: [0.4993215799331665, 0.7698259353637695, 0.4507042169570923]
    precision_per_class: [0.44337350130081177, 0.8361344337463379, 0.38929441571235657]
    recall_per_class: [0.5714285969734192, 0.7132616639137268, 0.5351170301437378]
    auroc_macro: 0.7683722376823425
    auprc_macro: 0.5596151351928711
    auprc_per_class: [0.40433400869369507, 0.871172308921814, 0.4033390283584595]
    specificity_per_class: [0.8636363744735718, 0.6859903335571289, 0.8538147807121277]
    ece: 0.11763633787631989
    confusion_matrix: [[184, 102,  36],
       [185, 995, 215],
       [ 46,  93, 160]]
loss: 0.596024649483817
2025-09-07 17:17:11,154 INFO Epoch 69 Step 10/224 Loss 0.1050
2025-09-07 17:17:24,230 INFO Epoch 69 Step 20/224 Loss 0.1038
2025-09-07 17:17:37,293 INFO Epoch 69 Step 30/224 Loss 0.0958
2025-09-07 17:17:50,424 INFO Epoch 69 Step 40/224 Loss 0.1103
2025-09-07 17:18:03,577 INFO Epoch 69 Step 50/224 Loss 0.0926
2025-09-07 17:18:16,761 INFO Epoch 69 Step 60/224 Loss 0.0869
2025-09-07 17:18:29,956 INFO Epoch 69 Step 70/224 Loss 0.1074
2025-09-07 17:18:43,149 INFO Epoch 69 Step 80/224 Loss 0.1002
2025-09-07 17:18:56,344 INFO Epoch 69 Step 90/224 Loss 0.0904
2025-09-07 17:19:09,533 INFO Epoch 69 Step 100/224 Loss 0.1123
2025-09-07 17:19:22,692 INFO Epoch 69 Step 110/224 Loss 0.0840
2025-09-07 17:19:35,863 INFO Epoch 69 Step 120/224 Loss 0.0990
2025-09-07 17:19:49,212 INFO Epoch 69 Step 130/224 Loss 0.1208
2025-09-07 17:20:02,402 INFO Epoch 69 Step 140/224 Loss 0.0951
2025-09-07 17:20:15,569 INFO Epoch 69 Step 150/224 Loss 0.1092
2025-09-07 17:20:28,732 INFO Epoch 69 Step 160/224 Loss 0.0971
2025-09-07 17:20:41,890 INFO Epoch 69 Step 170/224 Loss 0.1311
2025-09-07 17:20:55,042 INFO Epoch 69 Step 180/224 Loss 0.1082
2025-09-07 17:21:08,170 INFO Epoch 69 Step 190/224 Loss 0.1072
2025-09-07 17:21:21,337 INFO Epoch 69 Step 200/224 Loss 0.1146
2025-09-07 17:21:34,482 INFO Epoch 69 Step 210/224 Loss 0.1017
2025-09-07 17:21:47,630 INFO Epoch 69 Step 220/224 Loss 0.1181
2025-09-07 17:21:52,874 INFO Epoch 69 Step 224/224 Loss 0.1140
2025-09-07 17:21:52,874 INFO Epoch 69 Training Loss 0.1043
2025-09-07 17:22:09,771 INFO Epoch 70 Step 10/224 Loss 0.1070
2025-09-07 17:22:23,021 INFO Epoch 70 Step 20/224 Loss 0.0861
2025-09-07 17:22:36,115 INFO Epoch 70 Step 30/224 Loss 0.0902
2025-09-07 17:22:49,231 INFO Epoch 70 Step 40/224 Loss 0.0957
2025-09-07 17:23:02,353 INFO Epoch 70 Step 50/224 Loss 0.0980
2025-09-07 17:23:15,487 INFO Epoch 70 Step 60/224 Loss 0.0935
2025-09-07 17:23:28,622 INFO Epoch 70 Step 70/224 Loss 0.1036
2025-09-07 17:23:41,778 INFO Epoch 70 Step 80/224 Loss 0.0897
2025-09-07 17:23:54,923 INFO Epoch 70 Step 90/224 Loss 0.1153
2025-09-07 17:24:08,065 INFO Epoch 70 Step 100/224 Loss 0.0940
2025-09-07 17:24:21,199 INFO Epoch 70 Step 110/224 Loss 0.1079
2025-09-07 17:24:34,345 INFO Epoch 70 Step 120/224 Loss 0.0945
2025-09-07 17:24:47,594 INFO Epoch 70 Step 130/224 Loss 0.0864
2025-09-07 17:25:00,720 INFO Epoch 70 Step 140/224 Loss 0.0850
2025-09-07 17:25:13,858 INFO Epoch 70 Step 150/224 Loss 0.1114
2025-09-07 17:25:26,992 INFO Epoch 70 Step 160/224 Loss 0.1005
2025-09-07 17:25:40,120 INFO Epoch 70 Step 170/224 Loss 0.1194
2025-09-07 17:25:53,259 INFO Epoch 70 Step 180/224 Loss 0.1078
2025-09-07 17:26:06,391 INFO Epoch 70 Step 190/224 Loss 0.1105
2025-09-07 17:26:19,515 INFO Epoch 70 Step 200/224 Loss 0.1119
2025-09-07 17:26:32,643 INFO Epoch 70 Step 210/224 Loss 0.1158
2025-09-07 17:26:45,769 INFO Epoch 70 Step 220/224 Loss 0.1123
2025-09-07 17:26:51,013 INFO Epoch 70 Step 224/224 Loss 0.0942
2025-09-07 17:26:51,013 INFO Epoch 70 Training Loss 0.1015
2025-09-07 17:27:08,416 INFO Epoch 71 Step 10/224 Loss 0.0923
2025-09-07 17:27:21,641 INFO Epoch 71 Step 20/224 Loss 0.0932
2025-09-07 17:27:34,723 INFO Epoch 71 Step 30/224 Loss 0.0923
2025-09-07 17:27:47,820 INFO Epoch 71 Step 40/224 Loss 0.1067
2025-09-07 17:28:00,929 INFO Epoch 71 Step 50/224 Loss 0.1036
2025-09-07 17:28:14,038 INFO Epoch 71 Step 60/224 Loss 0.0861
2025-09-07 17:28:27,151 INFO Epoch 71 Step 70/224 Loss 0.0987
2025-09-07 17:28:40,286 INFO Epoch 71 Step 80/224 Loss 0.0975
2025-09-07 17:28:53,428 INFO Epoch 71 Step 90/224 Loss 0.1102
2025-09-07 17:29:06,561 INFO Epoch 71 Step 100/224 Loss 0.1119
2025-09-07 17:29:19,681 INFO Epoch 71 Step 110/224 Loss 0.1103
2025-09-07 17:29:32,831 INFO Epoch 71 Step 120/224 Loss 0.0978
2025-09-07 17:29:46,160 INFO Epoch 71 Step 130/224 Loss 0.0990
2025-09-07 17:29:59,304 INFO Epoch 71 Step 140/224 Loss 0.0952
2025-09-07 17:30:12,447 INFO Epoch 71 Step 150/224 Loss 0.1000
2025-09-07 17:30:25,579 INFO Epoch 71 Step 160/224 Loss 0.1252
2025-09-07 17:30:38,722 INFO Epoch 71 Step 170/224 Loss 0.1064
2025-09-07 17:30:51,853 INFO Epoch 71 Step 180/224 Loss 0.0870
2025-09-07 17:31:04,973 INFO Epoch 71 Step 190/224 Loss 0.0983
2025-09-07 17:31:18,098 INFO Epoch 71 Step 200/224 Loss 0.0806
2025-09-07 17:31:31,246 INFO Epoch 71 Step 210/224 Loss 0.1239
2025-09-07 17:31:44,370 INFO Epoch 71 Step 220/224 Loss 0.1058
2025-09-07 17:31:49,611 INFO Epoch 71 Step 224/224 Loss 0.0993
2025-09-07 17:31:49,611 INFO Epoch 71 Training Loss 0.1010
2025-09-07 17:32:06,367 INFO Epoch 72 Step 10/224 Loss 0.1049
2025-09-07 17:32:19,416 INFO Epoch 72 Step 20/224 Loss 0.1067
2025-09-07 17:32:32,515 INFO Epoch 72 Step 30/224 Loss 0.1046
2025-09-07 17:32:45,611 INFO Epoch 72 Step 40/224 Loss 0.0968
2025-09-07 17:32:58,744 INFO Epoch 72 Step 50/224 Loss 0.0929
2025-09-07 17:33:11,877 INFO Epoch 72 Step 60/224 Loss 0.0885
2025-09-07 17:33:25,011 INFO Epoch 72 Step 70/224 Loss 0.1124
2025-09-07 17:33:38,138 INFO Epoch 72 Step 80/224 Loss 0.1023
2025-09-07 17:33:51,286 INFO Epoch 72 Step 90/224 Loss 0.0879
2025-09-07 17:34:04,418 INFO Epoch 72 Step 100/224 Loss 0.0951
2025-09-07 17:34:17,540 INFO Epoch 72 Step 110/224 Loss 0.0994
2025-09-07 17:34:30,783 INFO Epoch 72 Step 120/224 Loss 0.0993
2025-09-07 17:34:43,904 INFO Epoch 72 Step 130/224 Loss 0.1145
2025-09-07 17:34:57,026 INFO Epoch 72 Step 140/224 Loss 0.1213
2025-09-07 17:35:10,161 INFO Epoch 72 Step 150/224 Loss 0.1153
2025-09-07 17:35:23,305 INFO Epoch 72 Step 160/224 Loss 0.0977
2025-09-07 17:35:36,418 INFO Epoch 72 Step 170/224 Loss 0.0941
2025-09-07 17:35:49,574 INFO Epoch 72 Step 180/224 Loss 0.0942
2025-09-07 17:36:02,697 INFO Epoch 72 Step 190/224 Loss 0.0955
2025-09-07 17:36:15,817 INFO Epoch 72 Step 200/224 Loss 0.0980
2025-09-07 17:36:28,949 INFO Epoch 72 Step 210/224 Loss 0.1155
2025-09-07 17:36:42,058 INFO Epoch 72 Step 220/224 Loss 0.1150
2025-09-07 17:36:47,311 INFO Epoch 72 Step 224/224 Loss 0.0871
2025-09-07 17:36:47,311 INFO Epoch 72 Training Loss 0.1021
2025-09-07 17:37:37,353 INFO Validation @ epoch 72: individual:
  Engagement:
    accuracy: 0.6483457088470459
    balanced_accuracy: 0.6483457088470459
    mcc: 0.43923529982566833
    f1_micro: 0.7088293433189392
    f1_macro: 0.6026740074157715
    precision_micro: 0.7088293433189392
    precision_macro: 0.5815110206604004
    recall_micro: 0.7088293433189392
    recall_macro: 0.6483457088470459
    f1_per_class: [0.524781346321106, 0.817365288734436, 0.4658753573894501]
    precision_per_class: [0.4663212299346924, 0.8943489193916321, 0.38386309146881104]
    recall_per_class: [0.6000000238418579, 0.7525843977928162, 0.5924528241157532]
    auroc_macro: 0.8381392359733582
    auprc_macro: 0.6118518114089966
    auprc_per_class: [0.5007885694503784, 0.9304537773132324, 0.40431293845176697]
    specificity_per_class: [0.8799533843994141, 0.7716814279556274, 0.8560822606086731]
    ece: 0.10731424391269684
    confusion_matrix: [[ 180,   70,   50],
       [ 157, 1092,  202],
       [  49,   59,  157]]
  Lead:
    accuracy: 0.5810402035713196
    balanced_accuracy: 0.5810402035713196
    mcc: 0.34312984347343445
    f1_micro: 0.64682537317276
    f1_macro: 0.5496158599853516
    precision_micro: 0.64682537317276
    precision_macro: 0.5358888506889343
    recall_micro: 0.64682537317276
    recall_macro: 0.5810402035713196
    f1_per_class: [0.4700973629951477, 0.7625340223312378, 0.4162162244319916]
    precision_per_class: [0.42569270730018616, 0.8327674269676208, 0.3492063581943512]
    recall_per_class: [0.5248447060585022, 0.7032257914543152, 0.5150501728057861]
    auroc_macro: 0.7609774470329285
    auprc_macro: 0.5483850240707397
    auprc_per_class: [0.40949004888534546, 0.8657271265983582, 0.36993786692619324]
    specificity_per_class: [0.8654073476791382, 0.6827697157859802, 0.8328480124473572]
    ece: 0.14754849672317505
    confusion_matrix: [[169, 105,  48],
       [175, 981, 239],
       [ 53,  92, 154]]
loss: 0.6879532223656064
2025-09-07 17:37:53,816 INFO Epoch 73 Step 10/224 Loss 0.1139
2025-09-07 17:38:06,792 INFO Epoch 73 Step 20/224 Loss 0.1054
2025-09-07 17:38:19,874 INFO Epoch 73 Step 30/224 Loss 0.0971
2025-09-07 17:38:33,000 INFO Epoch 73 Step 40/224 Loss 0.0947
2025-09-07 17:38:46,162 INFO Epoch 73 Step 50/224 Loss 0.0845
2025-09-07 17:38:59,350 INFO Epoch 73 Step 60/224 Loss 0.0881
2025-09-07 17:39:12,538 INFO Epoch 73 Step 70/224 Loss 0.0978
2025-09-07 17:39:25,717 INFO Epoch 73 Step 80/224 Loss 0.0785
2025-09-07 17:39:38,908 INFO Epoch 73 Step 90/224 Loss 0.1069
2025-09-07 17:39:52,093 INFO Epoch 73 Step 100/224 Loss 0.0879
2025-09-07 17:40:05,284 INFO Epoch 73 Step 110/224 Loss 0.0819
2025-09-07 17:40:18,764 INFO Epoch 73 Step 120/224 Loss 0.0964
2025-09-07 17:40:31,963 INFO Epoch 73 Step 130/224 Loss 0.1199
2025-09-07 17:40:45,132 INFO Epoch 73 Step 140/224 Loss 0.0960
2025-09-07 17:40:58,286 INFO Epoch 73 Step 150/224 Loss 0.1300
2025-09-07 17:41:11,445 INFO Epoch 73 Step 160/224 Loss 0.1099
2025-09-07 17:41:24,613 INFO Epoch 73 Step 170/224 Loss 0.1055
2025-09-07 17:41:37,785 INFO Epoch 73 Step 180/224 Loss 0.1015
2025-09-07 17:41:50,943 INFO Epoch 73 Step 190/224 Loss 0.1079
2025-09-07 17:42:04,097 INFO Epoch 73 Step 200/224 Loss 0.1075
2025-09-07 17:42:17,223 INFO Epoch 73 Step 210/224 Loss 0.1137
2025-09-07 17:42:30,372 INFO Epoch 73 Step 220/224 Loss 0.0975
2025-09-07 17:42:35,622 INFO Epoch 73 Step 224/224 Loss 0.1019
2025-09-07 17:42:35,623 INFO Epoch 73 Training Loss 0.1010
2025-09-07 17:42:52,710 INFO Epoch 74 Step 10/224 Loss 0.1037
2025-09-07 17:43:05,767 INFO Epoch 74 Step 20/224 Loss 0.0832
2025-09-07 17:43:18,862 INFO Epoch 74 Step 30/224 Loss 0.0932
2025-09-07 17:43:31,966 INFO Epoch 74 Step 40/224 Loss 0.0778
2025-09-07 17:43:45,107 INFO Epoch 74 Step 50/224 Loss 0.0796
2025-09-07 17:43:58,256 INFO Epoch 74 Step 60/224 Loss 0.0839
2025-09-07 17:44:11,381 INFO Epoch 74 Step 70/224 Loss 0.0903
2025-09-07 17:44:24,529 INFO Epoch 74 Step 80/224 Loss 0.0816
2025-09-07 17:44:37,693 INFO Epoch 74 Step 90/224 Loss 0.0800
2025-09-07 17:44:50,821 INFO Epoch 74 Step 100/224 Loss 0.1014
2025-09-07 17:45:03,965 INFO Epoch 74 Step 110/224 Loss 0.1047
2025-09-07 17:45:17,203 INFO Epoch 74 Step 120/224 Loss 0.1013
2025-09-07 17:45:30,334 INFO Epoch 74 Step 130/224 Loss 0.1097
2025-09-07 17:45:43,461 INFO Epoch 74 Step 140/224 Loss 0.0931
2025-09-07 17:45:56,605 INFO Epoch 74 Step 150/224 Loss 0.0923
2025-09-07 17:46:09,734 INFO Epoch 74 Step 160/224 Loss 0.0813
2025-09-07 17:46:22,880 INFO Epoch 74 Step 170/224 Loss 0.1107
2025-09-07 17:46:36,013 INFO Epoch 74 Step 180/224 Loss 0.1071
2025-09-07 17:46:49,156 INFO Epoch 74 Step 190/224 Loss 0.1113
2025-09-07 17:47:02,285 INFO Epoch 74 Step 200/224 Loss 0.1100
2025-09-07 17:47:15,417 INFO Epoch 74 Step 210/224 Loss 0.1199
2025-09-07 17:47:28,554 INFO Epoch 74 Step 220/224 Loss 0.0981
2025-09-07 17:47:33,842 INFO Epoch 74 Step 224/224 Loss 0.0620
2025-09-07 17:47:33,842 INFO Epoch 74 Training Loss 0.0955
2025-09-07 17:47:50,759 INFO Epoch 75 Step 10/224 Loss 0.0934
2025-09-07 17:48:03,811 INFO Epoch 75 Step 20/224 Loss 0.0797
2025-09-07 17:48:16,907 INFO Epoch 75 Step 30/224 Loss 0.1037
2025-09-07 17:48:30,014 INFO Epoch 75 Step 40/224 Loss 0.1021
2025-09-07 17:48:43,151 INFO Epoch 75 Step 50/224 Loss 0.0944
2025-09-07 17:48:56,267 INFO Epoch 75 Step 60/224 Loss 0.0805
2025-09-07 17:49:09,396 INFO Epoch 75 Step 70/224 Loss 0.0921
2025-09-07 17:49:22,529 INFO Epoch 75 Step 80/224 Loss 0.0831
2025-09-07 17:49:35,701 INFO Epoch 75 Step 90/224 Loss 0.0939
2025-09-07 17:49:48,851 INFO Epoch 75 Step 100/224 Loss 0.0855
2025-09-07 17:50:01,998 INFO Epoch 75 Step 110/224 Loss 0.0882
2025-09-07 17:50:15,335 INFO Epoch 75 Step 120/224 Loss 0.1029
2025-09-07 17:50:28,459 INFO Epoch 75 Step 130/224 Loss 0.0857
2025-09-07 17:50:41,620 INFO Epoch 75 Step 140/224 Loss 0.0800
2025-09-07 17:50:54,757 INFO Epoch 75 Step 150/224 Loss 0.0867
2025-09-07 17:51:07,910 INFO Epoch 75 Step 160/224 Loss 0.1030
2025-09-07 17:51:21,046 INFO Epoch 75 Step 170/224 Loss 0.1138
2025-09-07 17:51:34,193 INFO Epoch 75 Step 180/224 Loss 0.0997
2025-09-07 17:51:47,338 INFO Epoch 75 Step 190/224 Loss 0.1004
2025-09-07 17:52:00,469 INFO Epoch 75 Step 200/224 Loss 0.1046
2025-09-07 17:52:13,613 INFO Epoch 75 Step 210/224 Loss 0.0886
2025-09-07 17:52:26,746 INFO Epoch 75 Step 220/224 Loss 0.0852
2025-09-07 17:52:32,025 INFO Epoch 75 Step 224/224 Loss 0.1095
2025-09-07 17:52:32,026 INFO Epoch 75 Training Loss 0.0934
2025-09-07 17:52:48,787 INFO Epoch 76 Step 10/224 Loss 0.0966
2025-09-07 17:53:01,865 INFO Epoch 76 Step 20/224 Loss 0.0822
2025-09-07 17:53:14,973 INFO Epoch 76 Step 30/224 Loss 0.0929
2025-09-07 17:53:28,087 INFO Epoch 76 Step 40/224 Loss 0.0817
2025-09-07 17:53:41,205 INFO Epoch 76 Step 50/224 Loss 0.0825
2025-09-07 17:53:54,328 INFO Epoch 76 Step 60/224 Loss 0.0859
2025-09-07 17:54:07,464 INFO Epoch 76 Step 70/224 Loss 0.0885
2025-09-07 17:54:20,608 INFO Epoch 76 Step 80/224 Loss 0.0934
2025-09-07 17:54:33,754 INFO Epoch 76 Step 90/224 Loss 0.0936
2025-09-07 17:54:46,884 INFO Epoch 76 Step 100/224 Loss 0.0840
2025-09-07 17:55:00,202 INFO Epoch 76 Step 110/224 Loss 0.0917
2025-09-07 17:55:13,346 INFO Epoch 76 Step 120/224 Loss 0.0708
2025-09-07 17:55:26,476 INFO Epoch 76 Step 130/224 Loss 0.0929
2025-09-07 17:55:39,595 INFO Epoch 76 Step 140/224 Loss 0.0831
2025-09-07 17:55:52,739 INFO Epoch 76 Step 150/224 Loss 0.1006
2025-09-07 17:56:05,874 INFO Epoch 76 Step 160/224 Loss 0.0920
2025-09-07 17:56:19,015 INFO Epoch 76 Step 170/224 Loss 0.0812
2025-09-07 17:56:32,144 INFO Epoch 76 Step 180/224 Loss 0.1039
2025-09-07 17:56:45,256 INFO Epoch 76 Step 190/224 Loss 0.0875
2025-09-07 17:56:58,400 INFO Epoch 76 Step 200/224 Loss 0.1237
2025-09-07 17:57:11,541 INFO Epoch 76 Step 210/224 Loss 0.1252
2025-09-07 17:57:24,711 INFO Epoch 76 Step 220/224 Loss 0.1135
2025-09-07 17:57:29,966 INFO Epoch 76 Step 224/224 Loss 0.1330
2025-09-07 17:57:29,966 INFO Epoch 76 Training Loss 0.0938
2025-09-07 17:58:22,097 INFO Validation @ epoch 76: individual:
  Engagement:
    accuracy: 0.6365689039230347
    balanced_accuracy: 0.6365689039230347
    mcc: 0.43002429604530334
    f1_micro: 0.711309552192688
    f1_macro: 0.5984166860580444
    precision_micro: 0.711309552192688
    precision_macro: 0.5779255628585815
    recall_micro: 0.711309552192688
    recall_macro: 0.6365689039230347
    f1_per_class: [0.5086206793785095, 0.8207023739814758, 0.4659270942211151]
    precision_per_class: [0.4469696879386902, 0.8851674795150757, 0.40163934230804443]
    recall_per_class: [0.5899999737739563, 0.7649896740913391, 0.5547170042991638]
    auroc_macro: 0.8381708860397339
    auprc_macro: 0.6101686358451843
    auprc_per_class: [0.4965706467628479, 0.9271080493927002, 0.4068272113800049]
    specificity_per_class: [0.8723776340484619, 0.7451327443122864, 0.8749285936355591]
    ece: 0.10399053990840912
    confusion_matrix: [[ 177,   81,   42],
       [ 164, 1110,  177],
       [  55,   63,  147]]
  Lead:
    accuracy: 0.5851013660430908
    balanced_accuracy: 0.5851013660430908
    mcc: 0.3404388427734375
    f1_micro: 0.648809552192688
    f1_macro: 0.554064154624939
    precision_micro: 0.648809552192688
    precision_macro: 0.53849858045578
    recall_micro: 0.648809552192688
    recall_macro: 0.5851013660430908
    f1_per_class: [0.48239895701408386, 0.7573415637016296, 0.42245200276374817]
    precision_per_class: [0.4157303273677826, 0.8214585185050964, 0.37830686569213867]
    recall_per_class: [0.5745341777801514, 0.7025089859962463, 0.47826087474823]
    auroc_macro: 0.7678372263908386
    auprc_macro: 0.5513068437576294
    auprc_per_class: [0.4194883704185486, 0.8674750328063965, 0.3669569492340088]
    specificity_per_class: [0.8465171456336975, 0.6570048332214355, 0.8631333708763123]
    ece: 0.13451574742794037
    confusion_matrix: [[185, 104,  33],
       [213, 980, 202],
       [ 47, 109, 143]]
loss: 0.6371178854079473
2025-09-07 17:58:38,922 INFO Epoch 77 Step 10/224 Loss 0.0989
2025-09-07 17:58:51,884 INFO Epoch 77 Step 20/224 Loss 0.0813
2025-09-07 17:59:04,947 INFO Epoch 77 Step 30/224 Loss 0.0982
2025-09-07 17:59:18,060 INFO Epoch 77 Step 40/224 Loss 0.0771
2025-09-07 17:59:31,228 INFO Epoch 77 Step 50/224 Loss 0.0985
2025-09-07 17:59:44,415 INFO Epoch 77 Step 60/224 Loss 0.0969
2025-09-07 17:59:57,592 INFO Epoch 77 Step 70/224 Loss 0.0861
2025-09-07 18:00:10,795 INFO Epoch 77 Step 80/224 Loss 0.0838
2025-09-07 18:00:23,988 INFO Epoch 77 Step 90/224 Loss 0.0935
2025-09-07 18:00:37,191 INFO Epoch 77 Step 100/224 Loss 0.0843
2025-09-07 18:00:50,557 INFO Epoch 77 Step 110/224 Loss 0.0816
2025-09-07 18:01:03,744 INFO Epoch 77 Step 120/224 Loss 0.0803
2025-09-07 18:01:16,930 INFO Epoch 77 Step 130/224 Loss 0.0829
2025-09-07 18:01:30,107 INFO Epoch 77 Step 140/224 Loss 0.1157
2025-09-07 18:01:43,280 INFO Epoch 77 Step 150/224 Loss 0.0808
2025-09-07 18:01:56,462 INFO Epoch 77 Step 160/224 Loss 0.0828
2025-09-07 18:02:09,618 INFO Epoch 77 Step 170/224 Loss 0.1053
2025-09-07 18:02:22,799 INFO Epoch 77 Step 180/224 Loss 0.0946
2025-09-07 18:02:35,971 INFO Epoch 77 Step 190/224 Loss 0.0877
2025-09-07 18:02:49,123 INFO Epoch 77 Step 200/224 Loss 0.0913
2025-09-07 18:03:02,283 INFO Epoch 77 Step 210/224 Loss 0.1012
2025-09-07 18:03:15,609 INFO Epoch 77 Step 220/224 Loss 0.0988
2025-09-07 18:03:20,862 INFO Epoch 77 Step 224/224 Loss 0.0726
2025-09-07 18:03:20,862 INFO Epoch 77 Training Loss 0.0907
2025-09-07 18:03:37,762 INFO Epoch 78 Step 10/224 Loss 0.0944
2025-09-07 18:03:50,839 INFO Epoch 78 Step 20/224 Loss 0.0781
2025-09-07 18:04:03,958 INFO Epoch 78 Step 30/224 Loss 0.0937
2025-09-07 18:04:17,081 INFO Epoch 78 Step 40/224 Loss 0.0852
2025-09-07 18:04:30,209 INFO Epoch 78 Step 50/224 Loss 0.0809
2025-09-07 18:04:43,353 INFO Epoch 78 Step 60/224 Loss 0.0971
2025-09-07 18:04:56,504 INFO Epoch 78 Step 70/224 Loss 0.0820
2025-09-07 18:05:09,660 INFO Epoch 78 Step 80/224 Loss 0.0900
2025-09-07 18:05:22,800 INFO Epoch 78 Step 90/224 Loss 0.0863
2025-09-07 18:05:35,957 INFO Epoch 78 Step 100/224 Loss 0.0778
2025-09-07 18:05:49,274 INFO Epoch 78 Step 110/224 Loss 0.0817
2025-09-07 18:06:02,423 INFO Epoch 78 Step 120/224 Loss 0.0931
2025-09-07 18:06:15,575 INFO Epoch 78 Step 130/224 Loss 0.0855
2025-09-07 18:06:28,711 INFO Epoch 78 Step 140/224 Loss 0.0832
2025-09-07 18:06:41,949 INFO Epoch 78 Step 150/224 Loss 0.1009
2025-09-07 18:06:55,102 INFO Epoch 78 Step 160/224 Loss 0.0990
2025-09-07 18:07:08,255 INFO Epoch 78 Step 170/224 Loss 0.1104
2025-09-07 18:07:21,408 INFO Epoch 78 Step 180/224 Loss 0.0978
2025-09-07 18:07:34,549 INFO Epoch 78 Step 190/224 Loss 0.0893
2025-09-07 18:07:47,687 INFO Epoch 78 Step 200/224 Loss 0.0852
2025-09-07 18:08:00,829 INFO Epoch 78 Step 210/224 Loss 0.0797
2025-09-07 18:08:14,129 INFO Epoch 78 Step 220/224 Loss 0.0897
2025-09-07 18:08:19,370 INFO Epoch 78 Step 224/224 Loss 0.1030
2025-09-07 18:08:19,370 INFO Epoch 78 Training Loss 0.0894
2025-09-07 18:08:36,237 INFO Epoch 79 Step 10/224 Loss 0.0756
2025-09-07 18:08:49,302 INFO Epoch 79 Step 20/224 Loss 0.0917
2025-09-07 18:09:02,398 INFO Epoch 79 Step 30/224 Loss 0.0776
2025-09-07 18:09:15,521 INFO Epoch 79 Step 40/224 Loss 0.0930
2025-09-07 18:09:28,644 INFO Epoch 79 Step 50/224 Loss 0.0860
2025-09-07 18:09:41,780 INFO Epoch 79 Step 60/224 Loss 0.0786
2025-09-07 18:09:54,908 INFO Epoch 79 Step 70/224 Loss 0.1033
2025-09-07 18:10:08,030 INFO Epoch 79 Step 80/224 Loss 0.0885
2025-09-07 18:10:21,184 INFO Epoch 79 Step 90/224 Loss 0.0918
2025-09-07 18:10:34,523 INFO Epoch 79 Step 100/224 Loss 0.0699
2025-09-07 18:10:47,653 INFO Epoch 79 Step 110/224 Loss 0.0849
2025-09-07 18:11:00,807 INFO Epoch 79 Step 120/224 Loss 0.1056
2025-09-07 18:11:13,961 INFO Epoch 79 Step 130/224 Loss 0.0785
2025-09-07 18:11:27,091 INFO Epoch 79 Step 140/224 Loss 0.0768
2025-09-07 18:11:40,273 INFO Epoch 79 Step 150/224 Loss 0.0930
2025-09-07 18:11:53,409 INFO Epoch 79 Step 160/224 Loss 0.0890
2025-09-07 18:12:06,546 INFO Epoch 79 Step 170/224 Loss 0.0940
2025-09-07 18:12:19,704 INFO Epoch 79 Step 180/224 Loss 0.0764
2025-09-07 18:12:32,821 INFO Epoch 79 Step 190/224 Loss 0.0730
2025-09-07 18:12:45,972 INFO Epoch 79 Step 200/224 Loss 0.0822
2025-09-07 18:12:59,228 INFO Epoch 79 Step 210/224 Loss 0.0823
2025-09-07 18:13:12,342 INFO Epoch 79 Step 220/224 Loss 0.0914
2025-09-07 18:13:17,582 INFO Epoch 79 Step 224/224 Loss 0.0970
2025-09-07 18:13:17,582 INFO Epoch 79 Training Loss 0.0858
2025-09-07 18:13:40,991 INFO Epoch 80 Step 10/224 Loss 0.0898
2025-09-07 18:13:53,949 INFO Epoch 80 Step 20/224 Loss 0.0570
2025-09-07 18:14:06,989 INFO Epoch 80 Step 30/224 Loss 0.0861
2025-09-07 18:14:20,081 INFO Epoch 80 Step 40/224 Loss 0.0826
2025-09-07 18:14:33,210 INFO Epoch 80 Step 50/224 Loss 0.0763
2025-09-07 18:14:46,389 INFO Epoch 80 Step 60/224 Loss 0.0674
2025-09-07 18:14:59,548 INFO Epoch 80 Step 70/224 Loss 0.0932
2025-09-07 18:15:12,723 INFO Epoch 80 Step 80/224 Loss 0.0756
2025-09-07 18:15:25,896 INFO Epoch 80 Step 90/224 Loss 0.0890
2025-09-07 18:15:39,182 INFO Epoch 80 Step 100/224 Loss 0.0795
2025-09-07 18:15:52,340 INFO Epoch 80 Step 110/224 Loss 0.0907
2025-09-07 18:16:05,492 INFO Epoch 80 Step 120/224 Loss 0.0698
2025-09-07 18:16:18,664 INFO Epoch 80 Step 130/224 Loss 0.0979
2025-09-07 18:16:31,826 INFO Epoch 80 Step 140/224 Loss 0.0657
2025-09-07 18:16:44,997 INFO Epoch 80 Step 150/224 Loss 0.0930
2025-09-07 18:16:58,155 INFO Epoch 80 Step 160/224 Loss 0.0855
2025-09-07 18:17:11,316 INFO Epoch 80 Step 170/224 Loss 0.0682
2025-09-07 18:17:24,472 INFO Epoch 80 Step 180/224 Loss 0.0849
2025-09-07 18:17:37,630 INFO Epoch 80 Step 190/224 Loss 0.0869
2025-09-07 18:17:50,789 INFO Epoch 80 Step 200/224 Loss 0.0738
2025-09-07 18:18:04,128 INFO Epoch 80 Step 210/224 Loss 0.0921
2025-09-07 18:18:17,253 INFO Epoch 80 Step 220/224 Loss 0.0665
2025-09-07 18:18:22,502 INFO Epoch 80 Step 224/224 Loss 0.0984
2025-09-07 18:18:22,502 INFO Epoch 80 Training Loss 0.0808
2025-09-07 18:19:15,832 INFO Validation @ epoch 80: individual:
  Engagement:
    accuracy: 0.6516299247741699
    balanced_accuracy: 0.6516299247741699
    mcc: 0.4531509578227997
    f1_micro: 0.7232142686843872
    f1_macro: 0.6123857498168945
    precision_micro: 0.7232142686843872
    precision_macro: 0.5908823609352112
    recall_micro: 0.7232142686843872
    recall_macro: 0.6516299247741699
    f1_per_class: [0.52601158618927, 0.8301329612731934, 0.4810126721858978]
    precision_per_class: [0.4642857015132904, 0.8941925168037415, 0.41416892409324646]
    recall_per_class: [0.6066666841506958, 0.7746381759643555, 0.5735849142074585]
    auroc_macro: 0.8414663076400757
    auprc_macro: 0.6192511320114136
    auprc_per_class: [0.5064554810523987, 0.9310290813446045, 0.420268714427948]
    specificity_per_class: [0.8776223659515381, 0.7646017670631409, 0.8772130012512207]
    ece: 0.11617385596036911
    confusion_matrix: [[ 182,   73,   45],
       [ 157, 1124,  170],
       [  53,   60,  152]]
  Lead:
    accuracy: 0.6152809858322144
    balanced_accuracy: 0.6152809858322144
    mcc: 0.3815133273601532
    f1_micro: 0.6607142686843872
    f1_macro: 0.5743412375450134
    precision_micro: 0.6607142686843872
    precision_macro: 0.5565021634101868
    recall_micro: 0.6607142686843872
    recall_macro: 0.6152809858322144
    f1_per_class: [0.5077319741249084, 0.7671124935150146, 0.4481792747974396]
    precision_per_class: [0.4339207112789154, 0.8500435948371887, 0.3855421543121338]
    recall_per_class: [0.611801266670227, 0.698924720287323, 0.5351170301437378]
    auroc_macro: 0.7718736529350281
    auprc_macro: 0.5593709945678711
    auprc_per_class: [0.4283546805381775, 0.8703191876411438, 0.37943917512893677]
    specificity_per_class: [0.8482880592346191, 0.7230273485183716, 0.8514851331710815]
    ece: 0.1482553333044052
    confusion_matrix: [[197,  83,  42],
       [207, 975, 213],
       [ 50,  89, 160]]
loss: 0.7286991391863141
2025-09-07 18:19:32,600 INFO Epoch 81 Step 10/224 Loss 0.0825
2025-09-07 18:19:45,571 INFO Epoch 81 Step 20/224 Loss 0.0750
2025-09-07 18:19:58,666 INFO Epoch 81 Step 30/224 Loss 0.0883
2025-09-07 18:20:11,805 INFO Epoch 81 Step 40/224 Loss 0.0752
2025-09-07 18:20:24,972 INFO Epoch 81 Step 50/224 Loss 0.0915
2025-09-07 18:20:38,189 INFO Epoch 81 Step 60/224 Loss 0.0761
2025-09-07 18:20:51,391 INFO Epoch 81 Step 70/224 Loss 0.0765
2025-09-07 18:21:04,609 INFO Epoch 81 Step 80/224 Loss 0.0780
2025-09-07 18:21:17,819 INFO Epoch 81 Step 90/224 Loss 0.0687
2025-09-07 18:21:31,223 INFO Epoch 81 Step 100/224 Loss 0.0898
2025-09-07 18:21:44,424 INFO Epoch 81 Step 110/224 Loss 0.0781
2025-09-07 18:21:57,631 INFO Epoch 81 Step 120/224 Loss 0.0701
2025-09-07 18:22:10,835 INFO Epoch 81 Step 130/224 Loss 0.0926
2025-09-07 18:22:24,030 INFO Epoch 81 Step 140/224 Loss 0.0738
2025-09-07 18:22:37,201 INFO Epoch 81 Step 150/224 Loss 0.1082
2025-09-07 18:22:50,386 INFO Epoch 81 Step 160/224 Loss 0.0999
2025-09-07 18:23:03,555 INFO Epoch 81 Step 170/224 Loss 0.0835
2025-09-07 18:23:16,724 INFO Epoch 81 Step 180/224 Loss 0.0938
2025-09-07 18:23:29,894 INFO Epoch 81 Step 190/224 Loss 0.0768
2025-09-07 18:23:43,063 INFO Epoch 81 Step 200/224 Loss 0.0752
2025-09-07 18:23:56,411 INFO Epoch 81 Step 210/224 Loss 0.0935
2025-09-07 18:24:09,577 INFO Epoch 81 Step 220/224 Loss 0.0745
2025-09-07 18:24:14,834 INFO Epoch 81 Step 224/224 Loss 0.0700
2025-09-07 18:24:14,834 INFO Epoch 81 Training Loss 0.0826
2025-09-07 18:24:31,803 INFO Epoch 82 Step 10/224 Loss 0.0785
2025-09-07 18:24:44,874 INFO Epoch 82 Step 20/224 Loss 0.0598
2025-09-07 18:24:57,989 INFO Epoch 82 Step 30/224 Loss 0.0751
2025-09-07 18:25:11,121 INFO Epoch 82 Step 40/224 Loss 0.0696
2025-09-07 18:25:24,270 INFO Epoch 82 Step 50/224 Loss 0.0730
2025-09-07 18:25:37,413 INFO Epoch 82 Step 60/224 Loss 0.0716
2025-09-07 18:25:50,571 INFO Epoch 82 Step 70/224 Loss 0.0685
2025-09-07 18:26:03,727 INFO Epoch 82 Step 80/224 Loss 0.0617
2025-09-07 18:26:17,068 INFO Epoch 82 Step 90/224 Loss 0.0739
2025-09-07 18:26:30,219 INFO Epoch 82 Step 100/224 Loss 0.0762
2025-09-07 18:26:43,345 INFO Epoch 82 Step 110/224 Loss 0.0740
2025-09-07 18:26:56,493 INFO Epoch 82 Step 120/224 Loss 0.0822
2025-09-07 18:27:09,626 INFO Epoch 82 Step 130/224 Loss 0.0915
2025-09-07 18:27:22,770 INFO Epoch 82 Step 140/224 Loss 0.0744
2025-09-07 18:27:36,088 INFO Epoch 82 Step 150/224 Loss 0.0785
2025-09-07 18:27:49,207 INFO Epoch 82 Step 160/224 Loss 0.0819
2025-09-07 18:28:02,357 INFO Epoch 82 Step 170/224 Loss 0.0952
2025-09-07 18:28:15,504 INFO Epoch 82 Step 180/224 Loss 0.0926
2025-09-07 18:28:28,635 INFO Epoch 82 Step 190/224 Loss 0.0828
2025-09-07 18:28:41,763 INFO Epoch 82 Step 200/224 Loss 0.0818
2025-09-07 18:28:55,083 INFO Epoch 82 Step 210/224 Loss 0.0662
2025-09-07 18:29:08,212 INFO Epoch 82 Step 220/224 Loss 0.0755
2025-09-07 18:29:13,460 INFO Epoch 82 Step 224/224 Loss 0.0856
2025-09-07 18:29:13,460 INFO Epoch 82 Training Loss 0.0767
2025-09-07 18:29:30,360 INFO Epoch 83 Step 10/224 Loss 0.0628
2025-09-07 18:29:43,417 INFO Epoch 83 Step 20/224 Loss 0.0715
2025-09-07 18:29:56,510 INFO Epoch 83 Step 30/224 Loss 0.0824
2025-09-07 18:30:09,628 INFO Epoch 83 Step 40/224 Loss 0.0701
2025-09-07 18:30:22,754 INFO Epoch 83 Step 50/224 Loss 0.0765
2025-09-07 18:30:35,873 INFO Epoch 83 Step 60/224 Loss 0.0821
2025-09-07 18:30:49,003 INFO Epoch 83 Step 70/224 Loss 0.0681
2025-09-07 18:31:02,135 INFO Epoch 83 Step 80/224 Loss 0.0740
2025-09-07 18:31:15,471 INFO Epoch 83 Step 90/224 Loss 0.0802
2025-09-07 18:31:28,601 INFO Epoch 83 Step 100/224 Loss 0.0741
2025-09-07 18:31:41,732 INFO Epoch 83 Step 110/224 Loss 0.0677
2025-09-07 18:31:54,878 INFO Epoch 83 Step 120/224 Loss 0.0858
2025-09-07 18:32:07,999 INFO Epoch 83 Step 130/224 Loss 0.0748
2025-09-07 18:32:21,139 INFO Epoch 83 Step 140/224 Loss 0.0773
2025-09-07 18:32:34,280 INFO Epoch 83 Step 150/224 Loss 0.0984
2025-09-07 18:32:47,417 INFO Epoch 83 Step 160/224 Loss 0.0794
2025-09-07 18:33:00,659 INFO Epoch 83 Step 170/224 Loss 0.0896
2025-09-07 18:33:13,803 INFO Epoch 83 Step 180/224 Loss 0.0830
2025-09-07 18:33:26,945 INFO Epoch 83 Step 190/224 Loss 0.0749
2025-09-07 18:33:40,265 INFO Epoch 83 Step 200/224 Loss 0.0855
2025-09-07 18:33:53,390 INFO Epoch 83 Step 210/224 Loss 0.0736
2025-09-07 18:34:06,518 INFO Epoch 83 Step 220/224 Loss 0.0901
2025-09-07 18:34:11,764 INFO Epoch 83 Step 224/224 Loss 0.0726
2025-09-07 18:34:11,764 INFO Epoch 83 Training Loss 0.0782
2025-09-07 18:34:28,481 INFO Epoch 84 Step 10/224 Loss 0.0681
2025-09-07 18:34:41,535 INFO Epoch 84 Step 20/224 Loss 0.0813
2025-09-07 18:34:54,632 INFO Epoch 84 Step 30/224 Loss 0.0664
2025-09-07 18:35:07,746 INFO Epoch 84 Step 40/224 Loss 0.0642
2025-09-07 18:35:20,873 INFO Epoch 84 Step 50/224 Loss 0.0755
2025-09-07 18:35:34,004 INFO Epoch 84 Step 60/224 Loss 0.0802
2025-09-07 18:35:47,127 INFO Epoch 84 Step 70/224 Loss 0.0726
2025-09-07 18:36:00,272 INFO Epoch 84 Step 80/224 Loss 0.0754
2025-09-07 18:36:13,587 INFO Epoch 84 Step 90/224 Loss 0.0705
2025-09-07 18:36:26,720 INFO Epoch 84 Step 100/224 Loss 0.0776
2025-09-07 18:36:39,860 INFO Epoch 84 Step 110/224 Loss 0.0666
2025-09-07 18:36:53,009 INFO Epoch 84 Step 120/224 Loss 0.0694
2025-09-07 18:37:06,147 INFO Epoch 84 Step 130/224 Loss 0.0872
2025-09-07 18:37:19,292 INFO Epoch 84 Step 140/224 Loss 0.0953
2025-09-07 18:37:32,435 INFO Epoch 84 Step 150/224 Loss 0.0901
2025-09-07 18:37:45,568 INFO Epoch 84 Step 160/224 Loss 0.0968
2025-09-07 18:37:58,727 INFO Epoch 84 Step 170/224 Loss 0.0726
2025-09-07 18:38:11,848 INFO Epoch 84 Step 180/224 Loss 0.0874
2025-09-07 18:38:24,978 INFO Epoch 84 Step 190/224 Loss 0.0697
2025-09-07 18:38:38,316 INFO Epoch 84 Step 200/224 Loss 0.0725
2025-09-07 18:38:51,445 INFO Epoch 84 Step 210/224 Loss 0.0805
2025-09-07 18:39:04,555 INFO Epoch 84 Step 220/224 Loss 0.0799
2025-09-07 18:39:09,796 INFO Epoch 84 Step 224/224 Loss 0.0608
2025-09-07 18:39:09,796 INFO Epoch 84 Training Loss 0.0770
2025-09-07 18:40:00,242 INFO Validation @ epoch 84: individual:
  Engagement:
    accuracy: 0.6169909238815308
    balanced_accuracy: 0.6169909238815308
    mcc: 0.42676419019699097
    f1_micro: 0.7400793433189392
    f1_macro: 0.6097595691680908
    precision_micro: 0.7400793433189392
    precision_macro: 0.6033039093017578
    recall_micro: 0.7400793433189392
    recall_macro: 0.6169909238815308
    f1_per_class: [0.5232744812965393, 0.839092493057251, 0.46691176295280457]
    precision_per_class: [0.504643976688385, 0.8500707149505615, 0.45519712567329407]
    recall_per_class: [0.5433333516120911, 0.8283942341804504, 0.47924527525901794]
    auroc_macro: 0.8427204489707947
    auprc_macro: 0.6144665479660034
    auprc_per_class: [0.5018335580825806, 0.9313772916793823, 0.4101887345314026]
    specificity_per_class: [0.9067599177360535, 0.6247787475585938, 0.9131924510002136]
    ece: 0.09331589937210083
    confusion_matrix: [[ 163,  111,   26],
       [ 123, 1202,  126],
       [  37,  101,  127]]
  Lead:
    accuracy: 0.5790508389472961
    balanced_accuracy: 0.5790508389472961
    mcc: 0.3380608558654785
    f1_micro: 0.6557539701461792
    f1_macro: 0.5543637275695801
    precision_micro: 0.6557539701461792
    precision_macro: 0.5407692193984985
    recall_micro: 0.6557539701461792
    recall_macro: 0.5790508389472961
    f1_per_class: [0.47769027948379517, 0.7648401856422424, 0.420560747385025]
    precision_per_class: [0.41363635659217834, 0.8150851726531982, 0.39358600974082947]
    recall_per_class: [0.5652173757553101, 0.7204301357269287, 0.45150500535964966]
    auroc_macro: 0.7578924894332886
    auprc_macro: 0.5469107031822205
    auprc_per_class: [0.4027697741985321, 0.8602436780929565, 0.37771862745285034]
    specificity_per_class: [0.8476977348327637, 0.6328502297401428, 0.8788584470748901]
    ece: 0.17021365463733673
    confusion_matrix: [[ 182,  116,   24],
       [ 206, 1005,  184],
       [  52,  112,  135]]
loss: 0.7829805101667132
2025-09-07 18:40:16,762 INFO Epoch 85 Step 10/224 Loss 0.0766
2025-09-07 18:40:29,745 INFO Epoch 85 Step 20/224 Loss 0.0687
2025-09-07 18:40:42,813 INFO Epoch 85 Step 30/224 Loss 0.0663
2025-09-07 18:40:55,930 INFO Epoch 85 Step 40/224 Loss 0.0685
2025-09-07 18:41:09,349 INFO Epoch 85 Step 50/224 Loss 0.0691
2025-09-07 18:41:22,527 INFO Epoch 85 Step 60/224 Loss 0.0691
2025-09-07 18:41:35,723 INFO Epoch 85 Step 70/224 Loss 0.0852
2025-09-07 18:41:48,935 INFO Epoch 85 Step 80/224 Loss 0.0621
2025-09-07 18:42:02,315 INFO Epoch 85 Step 90/224 Loss 0.0942
2025-09-07 18:42:15,508 INFO Epoch 85 Step 100/224 Loss 0.0721
2025-09-07 18:42:28,684 INFO Epoch 85 Step 110/224 Loss 0.0729
2025-09-07 18:42:41,859 INFO Epoch 85 Step 120/224 Loss 0.0711
2025-09-07 18:42:55,032 INFO Epoch 85 Step 130/224 Loss 0.0635
2025-09-07 18:43:08,311 INFO Epoch 85 Step 140/224 Loss 0.0799
2025-09-07 18:43:21,487 INFO Epoch 85 Step 150/224 Loss 0.0862
2025-09-07 18:43:34,652 INFO Epoch 85 Step 160/224 Loss 0.0802
2025-09-07 18:43:47,815 INFO Epoch 85 Step 170/224 Loss 0.0877
2025-09-07 18:44:00,984 INFO Epoch 85 Step 180/224 Loss 0.0813
2025-09-07 18:44:14,156 INFO Epoch 85 Step 190/224 Loss 0.0816
2025-09-07 18:44:27,450 INFO Epoch 85 Step 200/224 Loss 0.0798
2025-09-07 18:44:40,620 INFO Epoch 85 Step 210/224 Loss 0.0882
2025-09-07 18:44:53,774 INFO Epoch 85 Step 220/224 Loss 0.0805
2025-09-07 18:44:59,037 INFO Epoch 85 Step 224/224 Loss 0.0796
2025-09-07 18:44:59,037 INFO Epoch 85 Training Loss 0.0766
2025-09-07 18:45:16,169 INFO Epoch 86 Step 10/224 Loss 0.0748
2025-09-07 18:45:29,233 INFO Epoch 86 Step 20/224 Loss 0.0685
2025-09-07 18:45:42,342 INFO Epoch 86 Step 30/224 Loss 0.0553
2025-09-07 18:45:55,468 INFO Epoch 86 Step 40/224 Loss 0.0734
2025-09-07 18:46:08,617 INFO Epoch 86 Step 50/224 Loss 0.0611
2025-09-07 18:46:21,738 INFO Epoch 86 Step 60/224 Loss 0.0874
2025-09-07 18:46:34,888 INFO Epoch 86 Step 70/224 Loss 0.0755
2025-09-07 18:46:48,143 INFO Epoch 86 Step 80/224 Loss 0.0645
2025-09-07 18:47:01,285 INFO Epoch 86 Step 90/224 Loss 0.0808
2025-09-07 18:47:14,431 INFO Epoch 86 Step 100/224 Loss 0.0679
2025-09-07 18:47:27,673 INFO Epoch 86 Step 110/224 Loss 0.0775
2025-09-07 18:47:40,825 INFO Epoch 86 Step 120/224 Loss 0.0819
2025-09-07 18:47:53,965 INFO Epoch 86 Step 130/224 Loss 0.0661
2025-09-07 18:48:07,114 INFO Epoch 86 Step 140/224 Loss 0.0743
2025-09-07 18:48:20,261 INFO Epoch 86 Step 150/224 Loss 0.0706
2025-09-07 18:48:33,411 INFO Epoch 86 Step 160/224 Loss 0.0692
2025-09-07 18:48:46,550 INFO Epoch 86 Step 170/224 Loss 0.0739
2025-09-07 18:48:59,691 INFO Epoch 86 Step 180/224 Loss 0.0742
2025-09-07 18:49:13,035 INFO Epoch 86 Step 190/224 Loss 0.0862
2025-09-07 18:49:26,168 INFO Epoch 86 Step 200/224 Loss 0.0841
2025-09-07 18:49:39,323 INFO Epoch 86 Step 210/224 Loss 0.0744
2025-09-07 18:49:52,453 INFO Epoch 86 Step 220/224 Loss 0.0894
2025-09-07 18:49:57,694 INFO Epoch 86 Step 224/224 Loss 0.0664
2025-09-07 18:49:57,694 INFO Epoch 86 Training Loss 0.0740
2025-09-07 18:50:14,293 INFO Epoch 87 Step 10/224 Loss 0.0719
2025-09-07 18:50:27,353 INFO Epoch 87 Step 20/224 Loss 0.0488
2025-09-07 18:50:40,457 INFO Epoch 87 Step 30/224 Loss 0.0599
2025-09-07 18:50:53,568 INFO Epoch 87 Step 40/224 Loss 0.0777
2025-09-07 18:51:06,682 INFO Epoch 87 Step 50/224 Loss 0.0705
2025-09-07 18:51:19,816 INFO Epoch 87 Step 60/224 Loss 0.0598
2025-09-07 18:51:32,934 INFO Epoch 87 Step 70/224 Loss 0.0599
2025-09-07 18:51:46,229 INFO Epoch 87 Step 80/224 Loss 0.0805
2025-09-07 18:51:59,379 INFO Epoch 87 Step 90/224 Loss 0.0716
2025-09-07 18:52:12,519 INFO Epoch 87 Step 100/224 Loss 0.0638
2025-09-07 18:52:25,654 INFO Epoch 87 Step 110/224 Loss 0.0679
2025-09-07 18:52:38,781 INFO Epoch 87 Step 120/224 Loss 0.0770
2025-09-07 18:52:51,928 INFO Epoch 87 Step 130/224 Loss 0.0914
2025-09-07 18:53:05,076 INFO Epoch 87 Step 140/224 Loss 0.0576
2025-09-07 18:53:18,206 INFO Epoch 87 Step 150/224 Loss 0.0627
2025-09-07 18:53:31,353 INFO Epoch 87 Step 160/224 Loss 0.0609
2025-09-07 18:53:44,499 INFO Epoch 87 Step 170/224 Loss 0.0933
2025-09-07 18:53:57,635 INFO Epoch 87 Step 180/224 Loss 0.0615
2025-09-07 18:54:10,886 INFO Epoch 87 Step 190/224 Loss 0.0771
2025-09-07 18:54:24,028 INFO Epoch 87 Step 200/224 Loss 0.0822
2025-09-07 18:54:37,160 INFO Epoch 87 Step 210/224 Loss 0.0593
2025-09-07 18:54:50,283 INFO Epoch 87 Step 220/224 Loss 0.0806
2025-09-07 18:54:55,524 INFO Epoch 87 Step 224/224 Loss 0.0838
2025-09-07 18:54:55,525 INFO Epoch 87 Training Loss 0.0701
2025-09-07 18:55:12,298 INFO Epoch 88 Step 10/224 Loss 0.0677
2025-09-07 18:55:25,370 INFO Epoch 88 Step 20/224 Loss 0.0557
2025-09-07 18:55:38,470 INFO Epoch 88 Step 30/224 Loss 0.0590
2025-09-07 18:55:51,582 INFO Epoch 88 Step 40/224 Loss 0.0738
2025-09-07 18:56:04,709 INFO Epoch 88 Step 50/224 Loss 0.0836
2025-09-07 18:56:17,847 INFO Epoch 88 Step 60/224 Loss 0.0786
2025-09-07 18:56:31,084 INFO Epoch 88 Step 70/224 Loss 0.0597
2025-09-07 18:56:44,407 INFO Epoch 88 Step 80/224 Loss 0.0705
2025-09-07 18:56:57,554 INFO Epoch 88 Step 90/224 Loss 0.0664
2025-09-07 18:57:10,703 INFO Epoch 88 Step 100/224 Loss 0.0689
2025-09-07 18:57:23,832 INFO Epoch 88 Step 110/224 Loss 0.0566
2025-09-07 18:57:36,969 INFO Epoch 88 Step 120/224 Loss 0.0670
2025-09-07 18:57:50,112 INFO Epoch 88 Step 130/224 Loss 0.0887
2025-09-07 18:58:03,241 INFO Epoch 88 Step 140/224 Loss 0.0581
2025-09-07 18:58:16,392 INFO Epoch 88 Step 150/224 Loss 0.0704
2025-09-07 18:58:29,536 INFO Epoch 88 Step 160/224 Loss 0.0707
2025-09-07 18:58:42,669 INFO Epoch 88 Step 170/224 Loss 0.0719
2025-09-07 18:58:55,817 INFO Epoch 88 Step 180/224 Loss 0.0761
2025-09-07 18:59:09,140 INFO Epoch 88 Step 190/224 Loss 0.0753
2025-09-07 18:59:22,284 INFO Epoch 88 Step 200/224 Loss 0.0804
2025-09-07 18:59:35,411 INFO Epoch 88 Step 210/224 Loss 0.0806
2025-09-07 18:59:48,527 INFO Epoch 88 Step 220/224 Loss 0.0827
2025-09-07 18:59:53,773 INFO Epoch 88 Step 224/224 Loss 0.0615
2025-09-07 18:59:53,774 INFO Epoch 88 Training Loss 0.0708
2025-09-07 19:00:44,597 INFO Validation @ epoch 88: individual:
  Engagement:
    accuracy: 0.6428532004356384
    balanced_accuracy: 0.6428532004356384
    mcc: 0.4504091143608093
    f1_micro: 0.7445436716079712
    f1_macro: 0.6272338628768921
    precision_micro: 0.7445436716079712
    precision_macro: 0.6148473024368286
    recall_micro: 0.7445436716079712
    recall_macro: 0.6428532004356384
    f1_per_class: [0.5399361252784729, 0.8391658067703247, 0.5025996565818787]
    precision_per_class: [0.5184049010276794, 0.8613933324813843, 0.46474358439445496]
    recall_per_class: [0.5633333325386047, 0.8180565237998962, 0.5471698045730591]
    auroc_macro: 0.8422240018844604
    auprc_macro: 0.6250077486038208
    auprc_per_class: [0.5188007950782776, 0.9310784339904785, 0.4251439571380615]
    specificity_per_class: [0.9085081815719604, 0.6619468927383423, 0.9046259522438049]
    ece: 0.09844903647899628
    confusion_matrix: [[ 169,  102,   29],
       [ 126, 1187,  138],
       [  31,   89,  145]]
  Lead:
    accuracy: 0.5936257243156433
    balanced_accuracy: 0.5936257243156433
    mcc: 0.36375826597213745
    f1_micro: 0.6785714030265808
    f1_macro: 0.5754137635231018
    precision_micro: 0.6785714030265808
    precision_macro: 0.5630077123641968
    recall_micro: 0.6785714030265808
    recall_macro: 0.5936257243156433
    f1_per_class: [0.4683357775211334, 0.783128023147583, 0.4747774600982666]
    precision_per_class: [0.4453781545162201, 0.8169782161712646, 0.4266666769981384]
    recall_per_class: [0.49378880858421326, 0.7519713044166565, 0.5351170301437378]
    auroc_macro: 0.7741317749023438
    auprc_macro: 0.5682709217071533
    auprc_per_class: [0.4274086058139801, 0.8715095520019531, 0.4058946371078491]
    specificity_per_class: [0.8831169009208679, 0.6215780973434448, 0.874781608581543]
    ece: 0.15147292613983154
    confusion_matrix: [[ 159,  130,   33],
       [ 164, 1049,  182],
       [  34,  105,  160]]
loss: 0.7798323858351934
2025-09-07 19:01:01,383 INFO Epoch 89 Step 10/224 Loss 0.0617
2025-09-07 19:01:14,366 INFO Epoch 89 Step 20/224 Loss 0.0777
2025-09-07 19:01:27,434 INFO Epoch 89 Step 30/224 Loss 0.0595
2025-09-07 19:01:40,572 INFO Epoch 89 Step 40/224 Loss 0.0680
2025-09-07 19:01:53,750 INFO Epoch 89 Step 50/224 Loss 0.0723
2025-09-07 19:02:06,940 INFO Epoch 89 Step 60/224 Loss 0.0616
2025-09-07 19:02:20,303 INFO Epoch 89 Step 70/224 Loss 0.0513
2025-09-07 19:02:33,495 INFO Epoch 89 Step 80/224 Loss 0.0625
2025-09-07 19:02:46,682 INFO Epoch 89 Step 90/224 Loss 0.0623
2025-09-07 19:02:59,866 INFO Epoch 89 Step 100/224 Loss 0.0719
2025-09-07 19:03:13,081 INFO Epoch 89 Step 110/224 Loss 0.0597
2025-09-07 19:03:26,261 INFO Epoch 89 Step 120/224 Loss 0.0757
2025-09-07 19:03:39,464 INFO Epoch 89 Step 130/224 Loss 0.0728
2025-09-07 19:03:52,629 INFO Epoch 89 Step 140/224 Loss 0.0668
2025-09-07 19:04:05,822 INFO Epoch 89 Step 150/224 Loss 0.0707
2025-09-07 19:04:19,001 INFO Epoch 89 Step 160/224 Loss 0.0733
2025-09-07 19:04:32,173 INFO Epoch 89 Step 170/224 Loss 0.0837
2025-09-07 19:04:45,474 INFO Epoch 89 Step 180/224 Loss 0.0694
2025-09-07 19:04:58,610 INFO Epoch 89 Step 190/224 Loss 0.0773
2025-09-07 19:05:11,776 INFO Epoch 89 Step 200/224 Loss 0.0831
2025-09-07 19:05:24,942 INFO Epoch 89 Step 210/224 Loss 0.0567
2025-09-07 19:05:38,108 INFO Epoch 89 Step 220/224 Loss 0.0799
2025-09-07 19:05:43,364 INFO Epoch 89 Step 224/224 Loss 0.0749
2025-09-07 19:05:43,364 INFO Epoch 89 Training Loss 0.0691
2025-09-07 19:06:00,324 INFO Epoch 90 Step 10/224 Loss 0.0637
2025-09-07 19:06:13,405 INFO Epoch 90 Step 20/224 Loss 0.0551
2025-09-07 19:06:26,509 INFO Epoch 90 Step 30/224 Loss 0.0815
2025-09-07 19:06:39,640 INFO Epoch 90 Step 40/224 Loss 0.0680
2025-09-07 19:06:52,778 INFO Epoch 90 Step 50/224 Loss 0.0643
2025-09-07 19:07:05,934 INFO Epoch 90 Step 60/224 Loss 0.0674
2025-09-07 19:07:19,207 INFO Epoch 90 Step 70/224 Loss 0.0629
2025-09-07 19:07:32,349 INFO Epoch 90 Step 80/224 Loss 0.0535
2025-09-07 19:07:45,519 INFO Epoch 90 Step 90/224 Loss 0.0630
2025-09-07 19:07:58,644 INFO Epoch 90 Step 100/224 Loss 0.0649
2025-09-07 19:08:11,797 INFO Epoch 90 Step 110/224 Loss 0.0590
2025-09-07 19:08:24,955 INFO Epoch 90 Step 120/224 Loss 0.0780
2025-09-07 19:08:38,104 INFO Epoch 90 Step 130/224 Loss 0.0666
2025-09-07 19:08:51,261 INFO Epoch 90 Step 140/224 Loss 0.0713
2025-09-07 19:09:04,419 INFO Epoch 90 Step 150/224 Loss 0.0626
2025-09-07 19:09:17,567 INFO Epoch 90 Step 160/224 Loss 0.0850
2025-09-07 19:09:30,705 INFO Epoch 90 Step 170/224 Loss 0.0711
2025-09-07 19:09:43,971 INFO Epoch 90 Step 180/224 Loss 0.0585
2025-09-07 19:09:57,100 INFO Epoch 90 Step 190/224 Loss 0.0792
2025-09-07 19:10:10,246 INFO Epoch 90 Step 200/224 Loss 0.0681
2025-09-07 19:10:23,381 INFO Epoch 90 Step 210/224 Loss 0.0642
2025-09-07 19:10:36,514 INFO Epoch 90 Step 220/224 Loss 0.0845
2025-09-07 19:10:41,763 INFO Epoch 90 Step 224/224 Loss 0.0679
2025-09-07 19:10:41,763 INFO Epoch 90 Training Loss 0.0678
2025-09-07 19:10:58,608 INFO Epoch 91 Step 10/224 Loss 0.0510
2025-09-07 19:11:11,671 INFO Epoch 91 Step 20/224 Loss 0.0637
2025-09-07 19:11:24,766 INFO Epoch 91 Step 30/224 Loss 0.0601
2025-09-07 19:11:37,899 INFO Epoch 91 Step 40/224 Loss 0.0658
2025-09-07 19:11:51,022 INFO Epoch 91 Step 50/224 Loss 0.0553
2025-09-07 19:12:04,172 INFO Epoch 91 Step 60/224 Loss 0.0443
2025-09-07 19:12:17,488 INFO Epoch 91 Step 70/224 Loss 0.0707
2025-09-07 19:12:30,611 INFO Epoch 91 Step 80/224 Loss 0.0638
2025-09-07 19:12:43,771 INFO Epoch 91 Step 90/224 Loss 0.0609
2025-09-07 19:12:56,906 INFO Epoch 91 Step 100/224 Loss 0.0711
2025-09-07 19:13:10,047 INFO Epoch 91 Step 110/224 Loss 0.0635
2025-09-07 19:13:23,200 INFO Epoch 91 Step 120/224 Loss 0.0805
2025-09-07 19:13:36,322 INFO Epoch 91 Step 130/224 Loss 0.0729
2025-09-07 19:13:49,458 INFO Epoch 91 Step 140/224 Loss 0.0736
2025-09-07 19:14:02,606 INFO Epoch 91 Step 150/224 Loss 0.0878
2025-09-07 19:14:15,757 INFO Epoch 91 Step 160/224 Loss 0.0720
2025-09-07 19:14:28,906 INFO Epoch 91 Step 170/224 Loss 0.0709
2025-09-07 19:14:42,256 INFO Epoch 91 Step 180/224 Loss 0.0660
2025-09-07 19:14:55,374 INFO Epoch 91 Step 190/224 Loss 0.0729
2025-09-07 19:15:08,517 INFO Epoch 91 Step 200/224 Loss 0.0801
2025-09-07 19:15:21,655 INFO Epoch 91 Step 210/224 Loss 0.0774
2025-09-07 19:15:34,780 INFO Epoch 91 Step 220/224 Loss 0.0511
2025-09-07 19:15:40,025 INFO Epoch 91 Step 224/224 Loss 0.0764
2025-09-07 19:15:40,025 INFO Epoch 91 Training Loss 0.0672
2025-09-07 19:15:56,987 INFO Epoch 92 Step 10/224 Loss 0.0643
2025-09-07 19:16:10,039 INFO Epoch 92 Step 20/224 Loss 0.0578
2025-09-07 19:16:23,160 INFO Epoch 92 Step 30/224 Loss 0.0572
2025-09-07 19:16:36,279 INFO Epoch 92 Step 40/224 Loss 0.0536
2025-09-07 19:16:49,403 INFO Epoch 92 Step 50/224 Loss 0.0615
2025-09-07 19:17:02,688 INFO Epoch 92 Step 60/224 Loss 0.0783
2025-09-07 19:17:15,829 INFO Epoch 92 Step 70/224 Loss 0.0571
2025-09-07 19:17:28,964 INFO Epoch 92 Step 80/224 Loss 0.0483
2025-09-07 19:17:42,089 INFO Epoch 92 Step 90/224 Loss 0.0552
2025-09-07 19:17:55,234 INFO Epoch 92 Step 100/224 Loss 0.0755
2025-09-07 19:18:08,378 INFO Epoch 92 Step 110/224 Loss 0.0720
2025-09-07 19:18:21,517 INFO Epoch 92 Step 120/224 Loss 0.0668
2025-09-07 19:18:34,948 INFO Epoch 92 Step 130/224 Loss 0.0721
2025-09-07 19:18:48,087 INFO Epoch 92 Step 140/224 Loss 0.0807
2025-09-07 19:19:01,237 INFO Epoch 92 Step 150/224 Loss 0.0717
2025-09-07 19:19:14,363 INFO Epoch 92 Step 160/224 Loss 0.0730
2025-09-07 19:19:27,513 INFO Epoch 92 Step 170/224 Loss 0.0628
2025-09-07 19:19:40,841 INFO Epoch 92 Step 180/224 Loss 0.0648
2025-09-07 19:19:53,978 INFO Epoch 92 Step 190/224 Loss 0.0557
2025-09-07 19:20:07,102 INFO Epoch 92 Step 200/224 Loss 0.0638
2025-09-07 19:20:20,242 INFO Epoch 92 Step 210/224 Loss 0.0620
2025-09-07 19:20:33,381 INFO Epoch 92 Step 220/224 Loss 0.0784
2025-09-07 19:20:38,631 INFO Epoch 92 Step 224/224 Loss 0.0750
2025-09-07 19:20:38,631 INFO Epoch 92 Training Loss 0.0653
2025-09-07 19:21:29,717 INFO Validation @ epoch 92: individual:
  Engagement:
    accuracy: 0.6527240872383118
    balanced_accuracy: 0.6527240872383118
    mcc: 0.4628583490848541
    f1_micro: 0.7420634627342224
    f1_macro: 0.6267266273498535
    precision_micro: 0.7420634627342224
    precision_macro: 0.6099153757095337
    recall_micro: 0.7420634627342224
    recall_macro: 0.6527240872383118
    f1_per_class: [0.5702005624771118, 0.8389647603034973, 0.47101449966430664]
    precision_per_class: [0.5, 0.8767843842506409, 0.45296168327331543]
    recall_per_class: [0.6633333563804626, 0.8042728900909424, 0.49056604504585266]
    auroc_macro: 0.8459059596061707
    auprc_macro: 0.6281172037124634
    auprc_per_class: [0.5257304906845093, 0.932468056678772, 0.4261530041694641]
    specificity_per_class: [0.8840326070785522, 0.7097344994544983, 0.910336971282959]
    ece: 0.11709188669919968
    confusion_matrix: [[ 199,   76,   25],
       [ 152, 1167,  132],
       [  47,   88,  130]]
  Lead:
    accuracy: 0.6008715033531189
    balanced_accuracy: 0.6008715033531189
    mcc: 0.3739076256752014
    f1_micro: 0.67807537317276
    f1_macro: 0.5780923366546631
    precision_micro: 0.67807537317276
    precision_macro: 0.5634719729423523
    recall_micro: 0.67807537317276
    recall_macro: 0.6008715033531189
    f1_per_class: [0.49088358879089355, 0.783691942691803, 0.4597014784812927]
    precision_per_class: [0.4475703239440918, 0.8277512192726135, 0.4150943458080292]
    recall_per_class: [0.54347825050354, 0.7440860271453857, 0.5150501728057861]
    auroc_macro: 0.7705983519554138
    auprc_macro: 0.5579661130905151
    auprc_per_class: [0.41067519783973694, 0.8680403828620911, 0.39518266916275024]
    specificity_per_class: [0.8724911212921143, 0.6521739363670349, 0.8736167550086975]
    ece: 0.1560465544462204
    confusion_matrix: [[ 175,  110,   37],
       [ 177, 1038,  180],
       [  39,  106,  154]]
loss: 0.8049585251581102
2025-09-07 19:21:46,471 INFO Epoch 93 Step 10/224 Loss 0.0502
2025-09-07 19:21:59,439 INFO Epoch 93 Step 20/224 Loss 0.0574
2025-09-07 19:22:12,504 INFO Epoch 93 Step 30/224 Loss 0.0480
2025-09-07 19:22:25,749 INFO Epoch 93 Step 40/224 Loss 0.0652
2025-09-07 19:22:38,920 INFO Epoch 93 Step 50/224 Loss 0.0596
2025-09-07 19:22:52,286 INFO Epoch 93 Step 60/224 Loss 0.0534
2025-09-07 19:23:05,483 INFO Epoch 93 Step 70/224 Loss 0.0602
2025-09-07 19:23:18,688 INFO Epoch 93 Step 80/224 Loss 0.0603
2025-09-07 19:23:31,920 INFO Epoch 93 Step 90/224 Loss 0.0594
2025-09-07 19:23:45,119 INFO Epoch 93 Step 100/224 Loss 0.0665
2025-09-07 19:23:58,306 INFO Epoch 93 Step 110/224 Loss 0.0540
2025-09-07 19:24:11,491 INFO Epoch 93 Step 120/224 Loss 0.0641
2025-09-07 19:24:24,686 INFO Epoch 93 Step 130/224 Loss 0.0569
2025-09-07 19:24:37,855 INFO Epoch 93 Step 140/224 Loss 0.0633
2025-09-07 19:24:51,033 INFO Epoch 93 Step 150/224 Loss 0.0489
2025-09-07 19:25:04,218 INFO Epoch 93 Step 160/224 Loss 0.0716
2025-09-07 19:25:17,578 INFO Epoch 93 Step 170/224 Loss 0.0681
2025-09-07 19:25:30,730 INFO Epoch 93 Step 180/224 Loss 0.0602
2025-09-07 19:25:43,898 INFO Epoch 93 Step 190/224 Loss 0.0756
2025-09-07 19:25:57,054 INFO Epoch 93 Step 200/224 Loss 0.0647
2025-09-07 19:26:10,235 INFO Epoch 93 Step 210/224 Loss 0.0666
2025-09-07 19:26:23,396 INFO Epoch 93 Step 220/224 Loss 0.0670
2025-09-07 19:26:28,637 INFO Epoch 93 Step 224/224 Loss 0.0850
2025-09-07 19:26:28,637 INFO Epoch 93 Training Loss 0.0614
2025-09-07 19:26:45,236 INFO Epoch 94 Step 10/224 Loss 0.0609
2025-09-07 19:26:58,314 INFO Epoch 94 Step 20/224 Loss 0.0603
2025-09-07 19:27:11,426 INFO Epoch 94 Step 30/224 Loss 0.0530
2025-09-07 19:27:24,545 INFO Epoch 94 Step 40/224 Loss 0.0644
2025-09-07 19:27:37,685 INFO Epoch 94 Step 50/224 Loss 0.0625
2025-09-07 19:27:50,936 INFO Epoch 94 Step 60/224 Loss 0.0637
2025-09-07 19:28:04,074 INFO Epoch 94 Step 70/224 Loss 0.0677
2025-09-07 19:28:17,224 INFO Epoch 94 Step 80/224 Loss 0.0576
2025-09-07 19:28:30,372 INFO Epoch 94 Step 90/224 Loss 0.0664
2025-09-07 19:28:43,504 INFO Epoch 94 Step 100/224 Loss 0.0542
2025-09-07 19:28:56,653 INFO Epoch 94 Step 110/224 Loss 0.0619
2025-09-07 19:29:09,800 INFO Epoch 94 Step 120/224 Loss 0.0534
2025-09-07 19:29:22,952 INFO Epoch 94 Step 130/224 Loss 0.0655
2025-09-07 19:29:36,081 INFO Epoch 94 Step 140/224 Loss 0.0439
2025-09-07 19:29:49,209 INFO Epoch 94 Step 150/224 Loss 0.0743
2025-09-07 19:30:02,351 INFO Epoch 94 Step 160/224 Loss 0.0552
2025-09-07 19:30:15,689 INFO Epoch 94 Step 170/224 Loss 0.0632
2025-09-07 19:30:28,852 INFO Epoch 94 Step 180/224 Loss 0.0695
2025-09-07 19:30:41,984 INFO Epoch 94 Step 190/224 Loss 0.0666
2025-09-07 19:30:55,121 INFO Epoch 94 Step 200/224 Loss 0.0543
2025-09-07 19:31:08,260 INFO Epoch 94 Step 210/224 Loss 0.0667
2025-09-07 19:31:21,405 INFO Epoch 94 Step 220/224 Loss 0.0762
2025-09-07 19:31:26,655 INFO Epoch 94 Step 224/224 Loss 0.0636
2025-09-07 19:31:26,655 INFO Epoch 94 Training Loss 0.0619
2025-09-07 19:31:43,333 INFO Epoch 95 Step 10/224 Loss 0.0537
2025-09-07 19:31:56,404 INFO Epoch 95 Step 20/224 Loss 0.0565
2025-09-07 19:32:09,519 INFO Epoch 95 Step 30/224 Loss 0.0620
2025-09-07 19:32:22,652 INFO Epoch 95 Step 40/224 Loss 0.0593
2025-09-07 19:32:35,779 INFO Epoch 95 Step 50/224 Loss 0.0524
2025-09-07 19:32:49,097 INFO Epoch 95 Step 60/224 Loss 0.0696
2025-09-07 19:33:02,246 INFO Epoch 95 Step 70/224 Loss 0.0714
2025-09-07 19:33:15,394 INFO Epoch 95 Step 80/224 Loss 0.0517
2025-09-07 19:33:28,547 INFO Epoch 95 Step 90/224 Loss 0.0671
2025-09-07 19:33:41,679 INFO Epoch 95 Step 100/224 Loss 0.0698
2025-09-07 19:33:54,803 INFO Epoch 95 Step 110/224 Loss 0.0550
2025-09-07 19:34:07,958 INFO Epoch 95 Step 120/224 Loss 0.0579
2025-09-07 19:34:21,087 INFO Epoch 95 Step 130/224 Loss 0.0619
2025-09-07 19:34:34,222 INFO Epoch 95 Step 140/224 Loss 0.0737
2025-09-07 19:34:47,349 INFO Epoch 95 Step 150/224 Loss 0.0716
2025-09-07 19:35:00,494 INFO Epoch 95 Step 160/224 Loss 0.0712
2025-09-07 19:35:13,756 INFO Epoch 95 Step 170/224 Loss 0.0531
2025-09-07 19:35:26,893 INFO Epoch 95 Step 180/224 Loss 0.0502
2025-09-07 19:35:40,030 INFO Epoch 95 Step 190/224 Loss 0.0697
2025-09-07 19:35:53,187 INFO Epoch 95 Step 200/224 Loss 0.0693
2025-09-07 19:36:06,318 INFO Epoch 95 Step 210/224 Loss 0.0582
2025-09-07 19:36:19,427 INFO Epoch 95 Step 220/224 Loss 0.0650
2025-09-07 19:36:24,678 INFO Epoch 95 Step 224/224 Loss 0.0634
2025-09-07 19:36:24,678 INFO Epoch 95 Training Loss 0.0623
2025-09-07 19:36:41,753 INFO Epoch 96 Step 10/224 Loss 0.0533
2025-09-07 19:36:54,807 INFO Epoch 96 Step 20/224 Loss 0.0507
2025-09-07 19:37:07,909 INFO Epoch 96 Step 30/224 Loss 0.0616
2025-09-07 19:37:21,031 INFO Epoch 96 Step 40/224 Loss 0.0545
2025-09-07 19:37:34,357 INFO Epoch 96 Step 50/224 Loss 0.0571
2025-09-07 19:37:47,511 INFO Epoch 96 Step 60/224 Loss 0.0619
2025-09-07 19:38:00,653 INFO Epoch 96 Step 70/224 Loss 0.0506
2025-09-07 19:38:13,780 INFO Epoch 96 Step 80/224 Loss 0.0648
2025-09-07 19:38:26,934 INFO Epoch 96 Step 90/224 Loss 0.0636
2025-09-07 19:38:40,081 INFO Epoch 96 Step 100/224 Loss 0.0541
2025-09-07 19:38:53,216 INFO Epoch 96 Step 110/224 Loss 0.0634
2025-09-07 19:39:06,339 INFO Epoch 96 Step 120/224 Loss 0.0519
2025-09-07 19:39:19,483 INFO Epoch 96 Step 130/224 Loss 0.0663
2025-09-07 19:39:32,615 INFO Epoch 96 Step 140/224 Loss 0.0638
2025-09-07 19:39:45,762 INFO Epoch 96 Step 150/224 Loss 0.0551
2025-09-07 19:39:59,080 INFO Epoch 96 Step 160/224 Loss 0.0622
2025-09-07 19:40:12,201 INFO Epoch 96 Step 170/224 Loss 0.0630
2025-09-07 19:40:25,341 INFO Epoch 96 Step 180/224 Loss 0.0551
2025-09-07 19:40:38,472 INFO Epoch 96 Step 190/224 Loss 0.0624
2025-09-07 19:40:51,599 INFO Epoch 96 Step 200/224 Loss 0.0674
2025-09-07 19:41:04,725 INFO Epoch 96 Step 210/224 Loss 0.0683
2025-09-07 19:41:17,868 INFO Epoch 96 Step 220/224 Loss 0.0719
2025-09-07 19:41:23,122 INFO Epoch 96 Step 224/224 Loss 0.0858
2025-09-07 19:41:23,123 INFO Epoch 96 Training Loss 0.0606
2025-09-07 19:42:13,090 INFO Validation @ epoch 96: individual:
  Engagement:
    accuracy: 0.6467940211296082
    balanced_accuracy: 0.6467940211296082
    mcc: 0.4443698525428772
    f1_micro: 0.7276785969734192
    f1_macro: 0.6162432432174683
    precision_micro: 0.7276785969734192
    precision_macro: 0.5970969200134277
    recall_micro: 0.7276785969734192
    recall_macro: 0.6467940211296082
    f1_per_class: [0.5471124649047852, 0.8281874060630798, 0.47342994809150696]
    precision_per_class: [0.5027933120727539, 0.8755760192871094, 0.41292133927345276]
    recall_per_class: [0.6000000238418579, 0.7856650352478027, 0.5547170042991638]
    auroc_macro: 0.8440299034118652
    auprc_macro: 0.6244962215423584
    auprc_per_class: [0.5312317609786987, 0.9294740557670593, 0.41278281807899475]
    specificity_per_class: [0.8962703943252563, 0.713274359703064, 0.8806396126747131]
    ece: 0.11690559983253479
    confusion_matrix: [[ 180,   83,   37],
       [ 139, 1140,  172],
       [  39,   79,  147]]
  Lead:
    accuracy: 0.5948194265365601
    balanced_accuracy: 0.5948194265365601
    mcc: 0.36760762333869934
    f1_micro: 0.6741071343421936
    f1_macro: 0.5720367431640625
    precision_micro: 0.6741071343421936
    precision_macro: 0.5577309131622314
    recall_micro: 0.6741071343421936
    recall_macro: 0.5948194265365601
    f1_per_class: [0.48179271817207336, 0.782608687877655, 0.45170876383781433]
    precision_per_class: [0.43877550959587097, 0.828000009059906, 0.4064171016216278]
    recall_per_class: [0.5341615080833435, 0.7419354915618896, 0.5083612203598022]
    auroc_macro: 0.7727002501487732
    auprc_macro: 0.5624476671218872
    auprc_per_class: [0.41276872158050537, 0.8719186782836914, 0.4026555120944977]
    specificity_per_class: [0.8701298832893372, 0.6537842154502869, 0.870704710483551]
    ece: 0.16814664006233215
    confusion_matrix: [[ 172,  111,   39],
       [ 177, 1035,  183],
       [  43,  104,  152]]
loss: 0.7947335016159784
2025-09-07 19:42:29,696 INFO Epoch 97 Step 10/224 Loss 0.0722
2025-09-07 19:42:42,688 INFO Epoch 97 Step 20/224 Loss 0.0586
2025-09-07 19:42:55,782 INFO Epoch 97 Step 30/224 Loss 0.0635
2025-09-07 19:43:08,925 INFO Epoch 97 Step 40/224 Loss 0.0546
2025-09-07 19:43:22,199 INFO Epoch 97 Step 50/224 Loss 0.0686
2025-09-07 19:43:35,381 INFO Epoch 97 Step 60/224 Loss 0.0662
2025-09-07 19:43:48,578 INFO Epoch 97 Step 70/224 Loss 0.0553
2025-09-07 19:44:01,786 INFO Epoch 97 Step 80/224 Loss 0.0559
2025-09-07 19:44:14,987 INFO Epoch 97 Step 90/224 Loss 0.0611
2025-09-07 19:44:28,173 INFO Epoch 97 Step 100/224 Loss 0.0637
2025-09-07 19:44:41,361 INFO Epoch 97 Step 110/224 Loss 0.0662
2025-09-07 19:44:54,548 INFO Epoch 97 Step 120/224 Loss 0.0545
2025-09-07 19:45:07,725 INFO Epoch 97 Step 130/224 Loss 0.0669
2025-09-07 19:45:20,912 INFO Epoch 97 Step 140/224 Loss 0.0638
2025-09-07 19:45:34,076 INFO Epoch 97 Step 150/224 Loss 0.0662
2025-09-07 19:45:47,424 INFO Epoch 97 Step 160/224 Loss 0.0458
2025-09-07 19:46:00,582 INFO Epoch 97 Step 170/224 Loss 0.0478
2025-09-07 19:46:13,746 INFO Epoch 97 Step 180/224 Loss 0.0484
2025-09-07 19:46:26,916 INFO Epoch 97 Step 190/224 Loss 0.0609
2025-09-07 19:46:40,086 INFO Epoch 97 Step 200/224 Loss 0.0503
2025-09-07 19:46:53,258 INFO Epoch 97 Step 210/224 Loss 0.0611
2025-09-07 19:47:06,407 INFO Epoch 97 Step 220/224 Loss 0.0623
2025-09-07 19:47:11,655 INFO Epoch 97 Step 224/224 Loss 0.0579
2025-09-07 19:47:11,655 INFO Epoch 97 Training Loss 0.0597
2025-09-07 19:47:28,531 INFO Epoch 98 Step 10/224 Loss 0.0519
2025-09-07 19:47:41,614 INFO Epoch 98 Step 20/224 Loss 0.0630
2025-09-07 19:47:54,728 INFO Epoch 98 Step 30/224 Loss 0.0488
2025-09-07 19:48:07,868 INFO Epoch 98 Step 40/224 Loss 0.0452
2025-09-07 19:48:21,103 INFO Epoch 98 Step 50/224 Loss 0.0520
2025-09-07 19:48:34,261 INFO Epoch 98 Step 60/224 Loss 0.0739
2025-09-07 19:48:47,417 INFO Epoch 98 Step 70/224 Loss 0.0617
2025-09-07 19:49:00,568 INFO Epoch 98 Step 80/224 Loss 0.0546
2025-09-07 19:49:13,717 INFO Epoch 98 Step 90/224 Loss 0.0455
2025-09-07 19:49:26,886 INFO Epoch 98 Step 100/224 Loss 0.0552
2025-09-07 19:49:40,031 INFO Epoch 98 Step 110/224 Loss 0.0543
2025-09-07 19:49:53,158 INFO Epoch 98 Step 120/224 Loss 0.0541
2025-09-07 19:50:06,318 INFO Epoch 98 Step 130/224 Loss 0.0567
2025-09-07 19:50:19,473 INFO Epoch 98 Step 140/224 Loss 0.0471
2025-09-07 19:50:32,624 INFO Epoch 98 Step 150/224 Loss 0.0559
2025-09-07 19:50:45,972 INFO Epoch 98 Step 160/224 Loss 0.0392
2025-09-07 19:50:59,116 INFO Epoch 98 Step 170/224 Loss 0.0598
2025-09-07 19:51:12,239 INFO Epoch 98 Step 180/224 Loss 0.0548
2025-09-07 19:51:25,382 INFO Epoch 98 Step 190/224 Loss 0.0622
2025-09-07 19:51:38,521 INFO Epoch 98 Step 200/224 Loss 0.0666
2025-09-07 19:51:51,679 INFO Epoch 98 Step 210/224 Loss 0.0509
2025-09-07 19:52:04,787 INFO Epoch 98 Step 220/224 Loss 0.0716
2025-09-07 19:52:10,033 INFO Epoch 98 Step 224/224 Loss 0.0634
2025-09-07 19:52:10,034 INFO Epoch 98 Training Loss 0.0558
2025-09-07 19:52:26,723 INFO Epoch 99 Step 10/224 Loss 0.0499
2025-09-07 19:52:40,085 INFO Epoch 99 Step 20/224 Loss 0.0391
2025-09-07 19:52:53,194 INFO Epoch 99 Step 30/224 Loss 0.0384
2025-09-07 19:53:06,452 INFO Epoch 99 Step 40/224 Loss 0.0593
2025-09-07 19:53:19,573 INFO Epoch 99 Step 50/224 Loss 0.0619
2025-09-07 19:53:32,712 INFO Epoch 99 Step 60/224 Loss 0.0443
2025-09-07 19:53:45,852 INFO Epoch 99 Step 70/224 Loss 0.0671
2025-09-07 19:53:58,993 INFO Epoch 99 Step 80/224 Loss 0.0497
2025-09-07 19:54:12,133 INFO Epoch 99 Step 90/224 Loss 0.0498
2025-09-07 19:54:25,280 INFO Epoch 99 Step 100/224 Loss 0.0593
2025-09-07 19:54:38,428 INFO Epoch 99 Step 110/224 Loss 0.0527
2025-09-07 19:54:51,592 INFO Epoch 99 Step 120/224 Loss 0.0593
2025-09-07 19:55:04,730 INFO Epoch 99 Step 130/224 Loss 0.0585
2025-09-07 19:55:17,869 INFO Epoch 99 Step 140/224 Loss 0.0527
2025-09-07 19:55:31,176 INFO Epoch 99 Step 150/224 Loss 0.0709
2025-09-07 19:55:44,320 INFO Epoch 99 Step 160/224 Loss 0.0516
2025-09-07 19:55:57,461 INFO Epoch 99 Step 170/224 Loss 0.0524
2025-09-07 19:56:10,591 INFO Epoch 99 Step 180/224 Loss 0.0591
2025-09-07 19:56:23,725 INFO Epoch 99 Step 190/224 Loss 0.0527
2025-09-07 19:56:36,868 INFO Epoch 99 Step 200/224 Loss 0.0700
2025-09-07 19:56:50,016 INFO Epoch 99 Step 210/224 Loss 0.0596
2025-09-07 19:57:03,153 INFO Epoch 99 Step 220/224 Loss 0.0456
2025-09-07 19:57:08,404 INFO Epoch 99 Step 224/224 Loss 0.0671
2025-09-07 19:57:08,404 INFO Epoch 99 Training Loss 0.0550
2025-09-07 19:57:25,368 INFO Epoch 100 Step 10/224 Loss 0.0513
2025-09-07 19:57:38,420 INFO Epoch 100 Step 20/224 Loss 0.0596
2025-09-07 19:57:51,535 INFO Epoch 100 Step 30/224 Loss 0.0730
2025-09-07 19:58:04,840 INFO Epoch 100 Step 40/224 Loss 0.0541
2025-09-07 19:58:17,959 INFO Epoch 100 Step 50/224 Loss 0.0506
2025-09-07 19:58:31,095 INFO Epoch 100 Step 60/224 Loss 0.0523
2025-09-07 19:58:44,235 INFO Epoch 100 Step 70/224 Loss 0.0468
2025-09-07 19:58:57,393 INFO Epoch 100 Step 80/224 Loss 0.0750
2025-09-07 19:59:10,551 INFO Epoch 100 Step 90/224 Loss 0.0553
2025-09-07 19:59:23,690 INFO Epoch 100 Step 100/224 Loss 0.0547
2025-09-07 19:59:36,822 INFO Epoch 100 Step 110/224 Loss 0.0727
2025-09-07 19:59:49,962 INFO Epoch 100 Step 120/224 Loss 0.0410
2025-09-07 20:00:03,105 INFO Epoch 100 Step 130/224 Loss 0.0625
2025-09-07 20:00:16,242 INFO Epoch 100 Step 140/224 Loss 0.0449
2025-09-07 20:00:29,489 INFO Epoch 100 Step 150/224 Loss 0.0571
2025-09-07 20:00:42,622 INFO Epoch 100 Step 160/224 Loss 0.0562
2025-09-07 20:00:55,770 INFO Epoch 100 Step 170/224 Loss 0.0640
2025-09-07 20:01:08,900 INFO Epoch 100 Step 180/224 Loss 0.0602
2025-09-07 20:01:22,029 INFO Epoch 100 Step 190/224 Loss 0.0748
2025-09-07 20:01:35,167 INFO Epoch 100 Step 200/224 Loss 0.0583
2025-09-07 20:01:48,295 INFO Epoch 100 Step 210/224 Loss 0.0613
2025-09-07 20:02:01,420 INFO Epoch 100 Step 220/224 Loss 0.0856
2025-09-07 20:02:06,666 INFO Epoch 100 Step 224/224 Loss 0.0610
2025-09-07 20:02:06,666 INFO Epoch 100 Training Loss 0.0596
2025-09-07 20:02:56,887 INFO Validation @ epoch 100: individual:
  Engagement:
    accuracy: 0.6273970007896423
    balanced_accuracy: 0.6273970007896423
    mcc: 0.4442659914493561
    f1_micro: 0.7504960298538208
    f1_macro: 0.6228881478309631
    precision_micro: 0.7504960298538208
    precision_macro: 0.6186646223068237
    recall_micro: 0.7504960298538208
    recall_macro: 0.6273970007896423
    f1_per_class: [0.5448613166809082, 0.8451389074325562, 0.47866418957710266]
    precision_per_class: [0.5335463285446167, 0.8516445159912109, 0.4708029329776764]
    recall_per_class: [0.5566666722297668, 0.8387318849563599, 0.4867924451828003]
    auroc_macro: 0.8442248106002808
    auprc_macro: 0.6258013248443604
    auprc_per_class: [0.5253342390060425, 0.9298108220100403, 0.42225900292396545]
    specificity_per_class: [0.9149184226989746, 0.6247787475585938, 0.9171901941299438]
    ece: 0.1141010969877243
    confusion_matrix: [[ 167,  105,   28],
       [ 117, 1217,  117],
       [  29,  107,  129]]
  Lead:
    accuracy: 0.5938646793365479
    balanced_accuracy: 0.5938646793365479
    mcc: 0.36884263157844543
    f1_micro: 0.6795634627342224
    f1_macro: 0.5744754076004028
    precision_micro: 0.6795634627342224
    precision_macro: 0.5618616938591003
    recall_micro: 0.6795634627342224
    recall_macro: 0.5938646793365479
    f1_per_class: [0.5020464062690735, 0.7857677936553955, 0.4356120824813843]
    precision_per_class: [0.4476885497570038, 0.8227450847625732, 0.4151515066623688]
    recall_per_class: [0.5714285969734192, 0.7519713044166565, 0.45819398760795593]
    auroc_macro: 0.7735846042633057
    auprc_macro: 0.5610253810882568
    auprc_per_class: [0.4289523661136627, 0.8705072402954102, 0.38361650705337524]
    specificity_per_class: [0.8659976124763489, 0.6360708475112915, 0.8875946402549744]
    ece: 0.169503316283226
    confusion_matrix: [[ 184,  109,   29],
       [ 182, 1049,  164],
       [  45,  117,  137]]
loss: 0.8382925306047712
2025-09-07 20:03:13,427 INFO Epoch 101 Step 10/224 Loss 0.0534
2025-09-07 20:03:26,412 INFO Epoch 101 Step 20/224 Loss 0.0439
2025-09-07 20:03:39,487 INFO Epoch 101 Step 30/224 Loss 0.0480
2025-09-07 20:03:52,817 INFO Epoch 101 Step 40/224 Loss 0.0612
2025-09-07 20:04:06,497 INFO Epoch 101 Step 50/224 Loss 0.0502
2025-09-07 20:04:19,657 INFO Epoch 101 Step 60/224 Loss 0.0511
2025-09-07 20:04:32,835 INFO Epoch 101 Step 70/224 Loss 0.0535
2025-09-07 20:04:46,023 INFO Epoch 101 Step 80/224 Loss 0.0437
2025-09-07 20:04:59,203 INFO Epoch 101 Step 90/224 Loss 0.0510
2025-09-07 20:05:12,400 INFO Epoch 101 Step 100/224 Loss 0.0456
2025-09-07 20:05:25,589 INFO Epoch 101 Step 110/224 Loss 0.0561
2025-09-07 20:05:38,781 INFO Epoch 101 Step 120/224 Loss 0.0470
2025-09-07 20:05:51,970 INFO Epoch 101 Step 130/224 Loss 0.0723
2025-09-07 20:06:05,136 INFO Epoch 101 Step 140/224 Loss 0.0651
2025-09-07 20:06:18,463 INFO Epoch 101 Step 150/224 Loss 0.0517
2025-09-07 20:06:31,625 INFO Epoch 101 Step 160/224 Loss 0.0586
2025-09-07 20:06:44,776 INFO Epoch 101 Step 170/224 Loss 0.0507
2025-09-07 20:06:57,953 INFO Epoch 101 Step 180/224 Loss 0.0468
2025-09-07 20:07:11,107 INFO Epoch 101 Step 190/224 Loss 0.0610
2025-09-07 20:07:24,268 INFO Epoch 101 Step 200/224 Loss 0.0622
2025-09-07 20:07:37,423 INFO Epoch 101 Step 210/224 Loss 0.0710
2025-09-07 20:07:50,562 INFO Epoch 101 Step 220/224 Loss 0.0745
2025-09-07 20:07:55,828 INFO Epoch 101 Step 224/224 Loss 0.0396
2025-09-07 20:07:55,828 INFO Epoch 101 Training Loss 0.0551
2025-09-07 20:08:12,665 INFO Epoch 102 Step 10/224 Loss 0.0510
2025-09-07 20:08:25,727 INFO Epoch 102 Step 20/224 Loss 0.0552
2025-09-07 20:08:39,030 INFO Epoch 102 Step 30/224 Loss 0.0547
2025-09-07 20:08:52,149 INFO Epoch 102 Step 40/224 Loss 0.0643
2025-09-07 20:09:05,282 INFO Epoch 102 Step 50/224 Loss 0.0506
2025-09-07 20:09:18,444 INFO Epoch 102 Step 60/224 Loss 0.0588
2025-09-07 20:09:31,592 INFO Epoch 102 Step 70/224 Loss 0.0404
2025-09-07 20:09:44,728 INFO Epoch 102 Step 80/224 Loss 0.0536
2025-09-07 20:09:57,885 INFO Epoch 102 Step 90/224 Loss 0.0535
2025-09-07 20:10:11,012 INFO Epoch 102 Step 100/224 Loss 0.0654
2025-09-07 20:10:24,159 INFO Epoch 102 Step 110/224 Loss 0.0540
2025-09-07 20:10:37,314 INFO Epoch 102 Step 120/224 Loss 0.0498
2025-09-07 20:10:50,463 INFO Epoch 102 Step 130/224 Loss 0.0609
2025-09-07 20:11:03,590 INFO Epoch 102 Step 140/224 Loss 0.0636
2025-09-07 20:11:16,872 INFO Epoch 102 Step 150/224 Loss 0.0639
2025-09-07 20:11:30,016 INFO Epoch 102 Step 160/224 Loss 0.0447
2025-09-07 20:11:43,146 INFO Epoch 102 Step 170/224 Loss 0.0674
2025-09-07 20:11:56,271 INFO Epoch 102 Step 180/224 Loss 0.0506
2025-09-07 20:12:09,414 INFO Epoch 102 Step 190/224 Loss 0.0721
2025-09-07 20:12:22,540 INFO Epoch 102 Step 200/224 Loss 0.0492
2025-09-07 20:12:35,672 INFO Epoch 102 Step 210/224 Loss 0.0478
2025-09-07 20:12:48,807 INFO Epoch 102 Step 220/224 Loss 0.0530
2025-09-07 20:12:54,061 INFO Epoch 102 Step 224/224 Loss 0.0686
2025-09-07 20:12:54,061 INFO Epoch 102 Training Loss 0.0559
2025-09-07 20:13:10,604 INFO Epoch 103 Step 10/224 Loss 0.0504
2025-09-07 20:13:23,660 INFO Epoch 103 Step 20/224 Loss 0.0371
2025-09-07 20:13:36,875 INFO Epoch 103 Step 30/224 Loss 0.0633
2025-09-07 20:13:50,091 INFO Epoch 103 Step 40/224 Loss 0.0438
2025-09-07 20:14:03,236 INFO Epoch 103 Step 50/224 Loss 0.0551
2025-09-07 20:14:16,379 INFO Epoch 103 Step 60/224 Loss 0.0546
2025-09-07 20:14:29,522 INFO Epoch 103 Step 70/224 Loss 0.0501
2025-09-07 20:14:42,651 INFO Epoch 103 Step 80/224 Loss 0.0638
2025-09-07 20:14:55,790 INFO Epoch 103 Step 90/224 Loss 0.0474
2025-09-07 20:15:08,930 INFO Epoch 103 Step 100/224 Loss 0.0487
2025-09-07 20:15:22,071 INFO Epoch 103 Step 110/224 Loss 0.0571
2025-09-07 20:15:35,198 INFO Epoch 103 Step 120/224 Loss 0.0428
2025-09-07 20:15:48,322 INFO Epoch 103 Step 130/224 Loss 0.0472
2025-09-07 20:16:01,645 INFO Epoch 103 Step 140/224 Loss 0.0497
2025-09-07 20:16:14,796 INFO Epoch 103 Step 150/224 Loss 0.0658
2025-09-07 20:16:27,912 INFO Epoch 103 Step 160/224 Loss 0.0453
2025-09-07 20:16:41,033 INFO Epoch 103 Step 170/224 Loss 0.0484
2025-09-07 20:16:54,161 INFO Epoch 103 Step 180/224 Loss 0.0580
2025-09-07 20:17:07,314 INFO Epoch 103 Step 190/224 Loss 0.0443
2025-09-07 20:17:20,436 INFO Epoch 103 Step 200/224 Loss 0.0502
2025-09-07 20:17:33,576 INFO Epoch 103 Step 210/224 Loss 0.0565
2025-09-07 20:17:46,703 INFO Epoch 103 Step 220/224 Loss 0.0430
2025-09-07 20:17:51,955 INFO Epoch 103 Step 224/224 Loss 0.0498
2025-09-07 20:17:51,955 INFO Epoch 103 Training Loss 0.0510
2025-09-07 20:18:08,453 INFO Epoch 104 Step 10/224 Loss 0.0621
2025-09-07 20:18:21,507 INFO Epoch 104 Step 20/224 Loss 0.0456
2025-09-07 20:18:34,798 INFO Epoch 104 Step 30/224 Loss 0.0462
2025-09-07 20:18:47,908 INFO Epoch 104 Step 40/224 Loss 0.0504
2025-09-07 20:19:01,034 INFO Epoch 104 Step 50/224 Loss 0.0533
2025-09-07 20:19:14,167 INFO Epoch 104 Step 60/224 Loss 0.0539
2025-09-07 20:19:27,341 INFO Epoch 104 Step 70/224 Loss 0.0621
2025-09-07 20:19:40,462 INFO Epoch 104 Step 80/224 Loss 0.0494
2025-09-07 20:19:53,592 INFO Epoch 104 Step 90/224 Loss 0.0497
2025-09-07 20:20:06,739 INFO Epoch 104 Step 100/224 Loss 0.0613
2025-09-07 20:20:19,871 INFO Epoch 104 Step 110/224 Loss 0.0582
2025-09-07 20:20:33,013 INFO Epoch 104 Step 120/224 Loss 0.0647
2025-09-07 20:20:46,144 INFO Epoch 104 Step 130/224 Loss 0.0666
2025-09-07 20:20:59,477 INFO Epoch 104 Step 140/224 Loss 0.0589
2025-09-07 20:21:12,611 INFO Epoch 104 Step 150/224 Loss 0.0552
2025-09-07 20:21:25,733 INFO Epoch 104 Step 160/224 Loss 0.0489
2025-09-07 20:21:38,873 INFO Epoch 104 Step 170/224 Loss 0.0587
2025-09-07 20:21:52,013 INFO Epoch 104 Step 180/224 Loss 0.0450
2025-09-07 20:22:05,160 INFO Epoch 104 Step 190/224 Loss 0.0633
2025-09-07 20:22:18,288 INFO Epoch 104 Step 200/224 Loss 0.0536
2025-09-07 20:22:31,431 INFO Epoch 104 Step 210/224 Loss 0.0643
2025-09-07 20:22:44,548 INFO Epoch 104 Step 220/224 Loss 0.0497
2025-09-07 20:22:49,801 INFO Epoch 104 Step 224/224 Loss 0.0395
2025-09-07 20:22:49,801 INFO Epoch 104 Training Loss 0.0552
2025-09-07 20:23:39,841 INFO Validation @ epoch 104: individual:
  Engagement:
    accuracy: 0.6382958292961121
    balanced_accuracy: 0.6382958292961121
    mcc: 0.45794713497161865
    f1_micro: 0.7559523582458496
    f1_macro: 0.6327009201049805
    precision_micro: 0.7559523582458496
    precision_macro: 0.6275780200958252
    recall_micro: 0.7559523582458496
    recall_macro: 0.6382958292961121
    f1_per_class: [0.5460526347160339, 0.8484005331993103, 0.5036496520042419]
    precision_per_class: [0.5389610528945923, 0.8561403751373291, 0.48763251304626465]
    recall_per_class: [0.5533333420753479, 0.8407994508743286, 0.5207546949386597]
    auroc_macro: 0.8403279781341553
    auprc_macro: 0.6227754354476929
    auprc_per_class: [0.5108081102371216, 0.927661657333374, 0.4298563599586487]
    specificity_per_class: [0.9172494411468506, 0.6371681690216064, 0.9171901941299438]
    ece: 0.1293731927871704
    confusion_matrix: [[ 166,  107,   27],
       [ 113, 1220,  118],
       [  29,   98,  138]]
  Lead:
    accuracy: 0.5975260138511658
    balanced_accuracy: 0.5975260138511658
    mcc: 0.36460572481155396
    f1_micro: 0.6696428656578064
    f1_macro: 0.5720131397247314
    precision_micro: 0.6696428656578064
    precision_macro: 0.5567307472229004
    recall_micro: 0.6696428656578064
    recall_macro: 0.5975260138511658
    f1_per_class: [0.4923504889011383, 0.7756654024124146, 0.4480234384536743]
    precision_per_class: [0.44584381580352783, 0.8259109258651733, 0.3984375]
    recall_per_class: [0.5496894121170044, 0.7311828136444092, 0.5117056965827942]
    auroc_macro: 0.7702217102050781
    auprc_macro: 0.5563960075378418
    auprc_per_class: [0.4119810461997986, 0.868340253829956, 0.3888667821884155]
    specificity_per_class: [0.8701298832893372, 0.6537842154502869, 0.8654630184173584]
    ece: 0.18992993235588074
    confusion_matrix: [[ 177,  115,   30],
       [ 174, 1020,  201],
       [  46,  100,  153]]
loss: 0.9521803174700055
2025-09-07 20:23:56,776 INFO Epoch 105 Step 10/224 Loss 0.0524
2025-09-07 20:24:09,756 INFO Epoch 105 Step 20/224 Loss 0.0507
2025-09-07 20:24:23,004 INFO Epoch 105 Step 30/224 Loss 0.0504
2025-09-07 20:24:36,125 INFO Epoch 105 Step 40/224 Loss 0.0381
2025-09-07 20:24:49,307 INFO Epoch 105 Step 50/224 Loss 0.0439
2025-09-07 20:25:02,502 INFO Epoch 105 Step 60/224 Loss 0.0499
2025-09-07 20:25:15,690 INFO Epoch 105 Step 70/224 Loss 0.0399
2025-09-07 20:25:28,874 INFO Epoch 105 Step 80/224 Loss 0.0340
2025-09-07 20:25:42,064 INFO Epoch 105 Step 90/224 Loss 0.0527
2025-09-07 20:25:55,269 INFO Epoch 105 Step 100/224 Loss 0.0450
2025-09-07 20:26:08,460 INFO Epoch 105 Step 110/224 Loss 0.0588
2025-09-07 20:26:21,645 INFO Epoch 105 Step 120/224 Loss 0.0508
2025-09-07 20:26:34,837 INFO Epoch 105 Step 130/224 Loss 0.0437
2025-09-07 20:26:48,230 INFO Epoch 105 Step 140/224 Loss 0.0655
2025-09-07 20:27:01,398 INFO Epoch 105 Step 150/224 Loss 0.0383
2025-09-07 20:27:14,584 INFO Epoch 105 Step 160/224 Loss 0.0532
2025-09-07 20:27:27,753 INFO Epoch 105 Step 170/224 Loss 0.0447
2025-09-07 20:27:40,923 INFO Epoch 105 Step 180/224 Loss 0.0585
2025-09-07 20:27:54,077 INFO Epoch 105 Step 190/224 Loss 0.0445
2025-09-07 20:28:07,221 INFO Epoch 105 Step 200/224 Loss 0.0579
2025-09-07 20:28:20,373 INFO Epoch 105 Step 210/224 Loss 0.0444
2025-09-07 20:28:33,501 INFO Epoch 105 Step 220/224 Loss 0.0364
2025-09-07 20:28:38,761 INFO Epoch 105 Step 224/224 Loss 0.0656
2025-09-07 20:28:38,761 INFO Epoch 105 Training Loss 0.0482
2025-09-07 20:28:55,509 INFO Epoch 106 Step 10/224 Loss 0.0416
2025-09-07 20:29:08,791 INFO Epoch 106 Step 20/224 Loss 0.0556
2025-09-07 20:29:21,896 INFO Epoch 106 Step 30/224 Loss 0.0528
2025-09-07 20:29:35,025 INFO Epoch 106 Step 40/224 Loss 0.0585
2025-09-07 20:29:48,155 INFO Epoch 106 Step 50/224 Loss 0.0493
2025-09-07 20:30:01,301 INFO Epoch 106 Step 60/224 Loss 0.0470
2025-09-07 20:30:14,450 INFO Epoch 106 Step 70/224 Loss 0.0372
2025-09-07 20:30:27,600 INFO Epoch 106 Step 80/224 Loss 0.0466
2025-09-07 20:30:40,758 INFO Epoch 106 Step 90/224 Loss 0.0548
2025-09-07 20:30:53,919 INFO Epoch 106 Step 100/224 Loss 0.0447
2025-09-07 20:31:07,073 INFO Epoch 106 Step 110/224 Loss 0.0430
2025-09-07 20:31:20,226 INFO Epoch 106 Step 120/224 Loss 0.0461
2025-09-07 20:31:33,546 INFO Epoch 106 Step 130/224 Loss 0.0406
2025-09-07 20:31:46,680 INFO Epoch 106 Step 140/224 Loss 0.0535
2025-09-07 20:31:59,818 INFO Epoch 106 Step 150/224 Loss 0.0511
2025-09-07 20:32:12,949 INFO Epoch 106 Step 160/224 Loss 0.0450
2025-09-07 20:32:26,082 INFO Epoch 106 Step 170/224 Loss 0.0664
2025-09-07 20:32:39,227 INFO Epoch 106 Step 180/224 Loss 0.0510
2025-09-07 20:32:52,362 INFO Epoch 106 Step 190/224 Loss 0.0480
2025-09-07 20:33:05,497 INFO Epoch 106 Step 200/224 Loss 0.0533
2025-09-07 20:33:18,620 INFO Epoch 106 Step 210/224 Loss 0.0456
2025-09-07 20:33:31,757 INFO Epoch 106 Step 220/224 Loss 0.0384
2025-09-07 20:33:37,005 INFO Epoch 106 Step 224/224 Loss 0.0634
2025-09-07 20:33:37,005 INFO Epoch 106 Training Loss 0.0489
2025-09-07 20:33:53,982 INFO Epoch 107 Step 10/224 Loss 0.0400
2025-09-07 20:34:07,225 INFO Epoch 107 Step 20/224 Loss 0.0350
2025-09-07 20:34:20,312 INFO Epoch 107 Step 30/224 Loss 0.0437
2025-09-07 20:34:33,436 INFO Epoch 107 Step 40/224 Loss 0.0435
2025-09-07 20:34:46,575 INFO Epoch 107 Step 50/224 Loss 0.0568
2025-09-07 20:34:59,720 INFO Epoch 107 Step 60/224 Loss 0.0569
2025-09-07 20:35:12,867 INFO Epoch 107 Step 70/224 Loss 0.0390
2025-09-07 20:35:25,995 INFO Epoch 107 Step 80/224 Loss 0.0547
2025-09-07 20:35:39,136 INFO Epoch 107 Step 90/224 Loss 0.0656
2025-09-07 20:35:52,284 INFO Epoch 107 Step 100/224 Loss 0.0515
2025-09-07 20:36:05,422 INFO Epoch 107 Step 110/224 Loss 0.0364
2025-09-07 20:36:18,578 INFO Epoch 107 Step 120/224 Loss 0.0618
2025-09-07 20:36:31,881 INFO Epoch 107 Step 130/224 Loss 0.0485
2025-09-07 20:36:45,012 INFO Epoch 107 Step 140/224 Loss 0.0476
2025-09-07 20:36:58,156 INFO Epoch 107 Step 150/224 Loss 0.0486
2025-09-07 20:37:11,286 INFO Epoch 107 Step 160/224 Loss 0.0512
2025-09-07 20:37:24,412 INFO Epoch 107 Step 170/224 Loss 0.0378
2025-09-07 20:37:37,567 INFO Epoch 107 Step 180/224 Loss 0.0394
2025-09-07 20:37:50,711 INFO Epoch 107 Step 190/224 Loss 0.0477
2025-09-07 20:38:04,413 INFO Epoch 107 Step 200/224 Loss 0.0502
2025-09-07 20:38:17,532 INFO Epoch 107 Step 210/224 Loss 0.0579
2025-09-07 20:38:30,660 INFO Epoch 107 Step 220/224 Loss 0.0625
2025-09-07 20:38:35,913 INFO Epoch 107 Step 224/224 Loss 0.0638
2025-09-07 20:38:35,913 INFO Epoch 107 Training Loss 0.0492
2025-09-07 20:38:53,229 INFO Epoch 108 Step 10/224 Loss 0.0483
2025-09-07 20:39:06,476 INFO Epoch 108 Step 20/224 Loss 0.0455
2025-09-07 20:39:19,568 INFO Epoch 108 Step 30/224 Loss 0.0323
2025-09-07 20:39:32,695 INFO Epoch 108 Step 40/224 Loss 0.0424
2025-09-07 20:39:45,826 INFO Epoch 108 Step 50/224 Loss 0.0576
2025-09-07 20:39:58,949 INFO Epoch 108 Step 60/224 Loss 0.0362
2025-09-07 20:40:12,089 INFO Epoch 108 Step 70/224 Loss 0.0545
2025-09-07 20:40:25,309 INFO Epoch 108 Step 80/224 Loss 0.0442
2025-09-07 20:40:38,457 INFO Epoch 108 Step 90/224 Loss 0.0589
2025-09-07 20:40:51,598 INFO Epoch 108 Step 100/224 Loss 0.0528
2025-09-07 20:41:04,739 INFO Epoch 108 Step 110/224 Loss 0.0530
2025-09-07 20:41:17,873 INFO Epoch 108 Step 120/224 Loss 0.0398
2025-09-07 20:41:31,183 INFO Epoch 108 Step 130/224 Loss 0.0511
2025-09-07 20:41:44,308 INFO Epoch 108 Step 140/224 Loss 0.0425
2025-09-07 20:41:57,448 INFO Epoch 108 Step 150/224 Loss 0.0473
2025-09-07 20:42:10,585 INFO Epoch 108 Step 160/224 Loss 0.0530
2025-09-07 20:42:23,726 INFO Epoch 108 Step 170/224 Loss 0.0531
2025-09-07 20:42:36,863 INFO Epoch 108 Step 180/224 Loss 0.0473
2025-09-07 20:42:49,986 INFO Epoch 108 Step 190/224 Loss 0.0448
2025-09-07 20:43:03,107 INFO Epoch 108 Step 200/224 Loss 0.0566
2025-09-07 20:43:16,253 INFO Epoch 108 Step 210/224 Loss 0.0594
2025-09-07 20:43:29,393 INFO Epoch 108 Step 220/224 Loss 0.0378
2025-09-07 20:43:34,641 INFO Epoch 108 Step 224/224 Loss 0.0563
2025-09-07 20:43:34,641 INFO Epoch 108 Training Loss 0.0483
2025-09-07 20:44:24,827 INFO Validation @ epoch 108: individual:
  Engagement:
    accuracy: 0.6312947869300842
    balanced_accuracy: 0.6312947869300842
    mcc: 0.44441092014312744
    f1_micro: 0.7430555820465088
    f1_macro: 0.617946982383728
    precision_micro: 0.7430555820465088
    precision_macro: 0.6069977283477783
    recall_micro: 0.7430555820465088
    recall_macro: 0.6312947869300842
    f1_per_class: [0.5261489748954773, 0.8427362442016602, 0.484955757856369]
    precision_per_class: [0.5015105605125427, 0.8628158569335938, 0.4566666781902313]
    recall_per_class: [0.5533333420753479, 0.8235699534416199, 0.5169811248779297]
    auroc_macro: 0.8472496271133423
    auprc_macro: 0.6281313300132751
    auprc_per_class: [0.5256345868110657, 0.9333165884017944, 0.42544281482696533]
    specificity_per_class: [0.9038461446762085, 0.6637167930603027, 0.9069103598594666]
    ece: 0.12409624457359314
    confusion_matrix: [[ 166,  100,   34],
       [ 127, 1195,  129],
       [  38,   90,  137]]
  Lead:
    accuracy: 0.5874130129814148
    balanced_accuracy: 0.5874130129814148
    mcc: 0.35406729578971863
    f1_micro: 0.66567462682724
    f1_macro: 0.5639314651489258
    precision_micro: 0.66567462682724
    precision_macro: 0.549643874168396
    recall_micro: 0.66567462682724
    recall_macro: 0.5874130129814148
    f1_per_class: [0.4715672731399536, 0.7751232385635376, 0.44510385394096375]
    precision_per_class: [0.4260651767253876, 0.8228663206100464, 0.4000000059604645]
    recall_per_class: [0.5279502868652344, 0.7326164841651917, 0.5016722679138184]
    auroc_macro: 0.769878089427948
    auprc_macro: 0.5574994683265686
    auprc_per_class: [0.411655068397522, 0.8711458444595337, 0.38969743251800537]
    specificity_per_class: [0.8648170232772827, 0.6457327008247375, 0.8689574599266052]
    ece: 0.19081172347068787
    confusion_matrix: [[ 170,  117,   35],
       [ 183, 1022,  190],
       [  46,  103,  150]]
loss: 0.8944534120105562
2025-09-07 20:44:41,753 INFO Epoch 109 Step 10/224 Loss 0.0447
2025-09-07 20:44:54,724 INFO Epoch 109 Step 20/224 Loss 0.0384
2025-09-07 20:45:07,787 INFO Epoch 109 Step 30/224 Loss 0.0501
2025-09-07 20:45:20,915 INFO Epoch 109 Step 40/224 Loss 0.0403
2025-09-07 20:45:34,079 INFO Epoch 109 Step 50/224 Loss 0.0460
2025-09-07 20:45:47,276 INFO Epoch 109 Step 60/224 Loss 0.0505
2025-09-07 20:46:00,460 INFO Epoch 109 Step 70/224 Loss 0.0393
2025-09-07 20:46:13,671 INFO Epoch 109 Step 80/224 Loss 0.0418
2025-09-07 20:46:26,864 INFO Epoch 109 Step 90/224 Loss 0.0531
2025-09-07 20:46:40,053 INFO Epoch 109 Step 100/224 Loss 0.0445
2025-09-07 20:46:53,236 INFO Epoch 109 Step 110/224 Loss 0.0427
2025-09-07 20:47:06,524 INFO Epoch 109 Step 120/224 Loss 0.0514
2025-09-07 20:47:19,693 INFO Epoch 109 Step 130/224 Loss 0.0565
2025-09-07 20:47:32,864 INFO Epoch 109 Step 140/224 Loss 0.0546
2025-09-07 20:47:46,039 INFO Epoch 109 Step 150/224 Loss 0.0464
2025-09-07 20:47:59,198 INFO Epoch 109 Step 160/224 Loss 0.0443
2025-09-07 20:48:12,349 INFO Epoch 109 Step 170/224 Loss 0.0577
2025-09-07 20:48:25,496 INFO Epoch 109 Step 180/224 Loss 0.0449
2025-09-07 20:48:38,653 INFO Epoch 109 Step 190/224 Loss 0.0445
2025-09-07 20:48:51,801 INFO Epoch 109 Step 200/224 Loss 0.0491
2025-09-07 20:49:04,962 INFO Epoch 109 Step 210/224 Loss 0.0508
2025-09-07 20:49:18,103 INFO Epoch 109 Step 220/224 Loss 0.0495
2025-09-07 20:49:23,363 INFO Epoch 109 Step 224/224 Loss 0.0504
2025-09-07 20:49:23,363 INFO Epoch 109 Training Loss 0.0474
2025-09-07 20:49:40,674 INFO Epoch 110 Step 10/224 Loss 0.0266
2025-09-07 20:49:53,742 INFO Epoch 110 Step 20/224 Loss 0.0480
2025-09-07 20:50:07,333 INFO Epoch 110 Step 30/224 Loss 0.0386
2025-09-07 20:50:20,465 INFO Epoch 110 Step 40/224 Loss 0.0363
2025-09-07 20:50:33,593 INFO Epoch 110 Step 50/224 Loss 0.0436
2025-09-07 20:50:46,750 INFO Epoch 110 Step 60/224 Loss 0.0467
2025-09-07 20:50:59,894 INFO Epoch 110 Step 70/224 Loss 0.0331
2025-09-07 20:51:13,020 INFO Epoch 110 Step 80/224 Loss 0.0401
2025-09-07 20:51:26,175 INFO Epoch 110 Step 90/224 Loss 0.0478
2025-09-07 20:51:39,318 INFO Epoch 110 Step 100/224 Loss 0.0336
2025-09-07 20:51:52,481 INFO Epoch 110 Step 110/224 Loss 0.0411
2025-09-07 20:52:05,805 INFO Epoch 110 Step 120/224 Loss 0.0322
2025-09-07 20:52:18,951 INFO Epoch 110 Step 130/224 Loss 0.0485
2025-09-07 20:52:32,091 INFO Epoch 110 Step 140/224 Loss 0.0450
2025-09-07 20:52:45,234 INFO Epoch 110 Step 150/224 Loss 0.0518
2025-09-07 20:52:58,370 INFO Epoch 110 Step 160/224 Loss 0.0477
2025-09-07 20:53:11,517 INFO Epoch 110 Step 170/224 Loss 0.0485
2025-09-07 20:53:24,660 INFO Epoch 110 Step 180/224 Loss 0.0505
2025-09-07 20:53:38,627 INFO Epoch 110 Step 190/224 Loss 0.0468
2025-09-07 20:53:51,748 INFO Epoch 110 Step 200/224 Loss 0.0440
2025-09-07 20:54:04,877 INFO Epoch 110 Step 210/224 Loss 0.0513
2025-09-07 20:54:18,009 INFO Epoch 110 Step 220/224 Loss 0.0485
2025-09-07 20:54:23,245 INFO Epoch 110 Step 224/224 Loss 0.0657
2025-09-07 20:54:23,245 INFO Epoch 110 Training Loss 0.0436
2025-09-07 20:54:40,137 INFO Epoch 111 Step 10/224 Loss 0.0276
2025-09-07 20:54:53,191 INFO Epoch 111 Step 20/224 Loss 0.0378
2025-09-07 20:55:06,305 INFO Epoch 111 Step 30/224 Loss 0.0391
2025-09-07 20:55:19,429 INFO Epoch 111 Step 40/224 Loss 0.0443
2025-09-07 20:55:32,562 INFO Epoch 111 Step 50/224 Loss 0.0379
2025-09-07 20:55:45,702 INFO Epoch 111 Step 60/224 Loss 0.0512
2025-09-07 20:55:58,843 INFO Epoch 111 Step 70/224 Loss 0.0371
2025-09-07 20:56:11,988 INFO Epoch 111 Step 80/224 Loss 0.0493
2025-09-07 20:56:25,130 INFO Epoch 111 Step 90/224 Loss 0.0542
2025-09-07 20:56:38,268 INFO Epoch 111 Step 100/224 Loss 0.0574
2025-09-07 20:56:51,394 INFO Epoch 111 Step 110/224 Loss 0.0451
2025-09-07 20:57:04,707 INFO Epoch 111 Step 120/224 Loss 0.0474
2025-09-07 20:57:17,835 INFO Epoch 111 Step 130/224 Loss 0.0324
2025-09-07 20:57:30,977 INFO Epoch 111 Step 140/224 Loss 0.0429
2025-09-07 20:57:44,113 INFO Epoch 111 Step 150/224 Loss 0.0456
2025-09-07 20:57:57,226 INFO Epoch 111 Step 160/224 Loss 0.0447
2025-09-07 20:58:10,370 INFO Epoch 111 Step 170/224 Loss 0.0429
2025-09-07 20:58:23,496 INFO Epoch 111 Step 180/224 Loss 0.0344
2025-09-07 20:58:36,619 INFO Epoch 111 Step 190/224 Loss 0.0531
2025-09-07 20:58:49,756 INFO Epoch 111 Step 200/224 Loss 0.0473
2025-09-07 20:59:02,902 INFO Epoch 111 Step 210/224 Loss 0.0432
2025-09-07 20:59:16,019 INFO Epoch 111 Step 220/224 Loss 0.0402
2025-09-07 20:59:21,346 INFO Epoch 111 Step 224/224 Loss 0.0375
2025-09-07 20:59:21,346 INFO Epoch 111 Training Loss 0.0433
2025-09-07 20:59:37,883 INFO Epoch 112 Step 10/224 Loss 0.0440
2025-09-07 20:59:50,945 INFO Epoch 112 Step 20/224 Loss 0.0396
2025-09-07 21:00:04,056 INFO Epoch 112 Step 30/224 Loss 0.0436
2025-09-07 21:00:17,177 INFO Epoch 112 Step 40/224 Loss 0.0496
2025-09-07 21:00:30,304 INFO Epoch 112 Step 50/224 Loss 0.0355
2025-09-07 21:00:43,443 INFO Epoch 112 Step 60/224 Loss 0.0553
2025-09-07 21:00:57,012 INFO Epoch 112 Step 70/224 Loss 0.0496
2025-09-07 21:01:10,134 INFO Epoch 112 Step 80/224 Loss 0.0414
2025-09-07 21:01:23,267 INFO Epoch 112 Step 90/224 Loss 0.0441
2025-09-07 21:01:36,395 INFO Epoch 112 Step 100/224 Loss 0.0338
2025-09-07 21:01:49,534 INFO Epoch 112 Step 110/224 Loss 0.0409
2025-09-07 21:02:02,766 INFO Epoch 112 Step 120/224 Loss 0.0526
2025-09-07 21:02:15,890 INFO Epoch 112 Step 130/224 Loss 0.0439
2025-09-07 21:02:29,032 INFO Epoch 112 Step 140/224 Loss 0.0421
2025-09-07 21:02:42,172 INFO Epoch 112 Step 150/224 Loss 0.0425
2025-09-07 21:02:55,309 INFO Epoch 112 Step 160/224 Loss 0.0442
2025-09-07 21:03:08,454 INFO Epoch 112 Step 170/224 Loss 0.0459
2025-09-07 21:03:21,582 INFO Epoch 112 Step 180/224 Loss 0.0472
2025-09-07 21:03:34,708 INFO Epoch 112 Step 190/224 Loss 0.0437
2025-09-07 21:03:47,846 INFO Epoch 112 Step 200/224 Loss 0.0352
2025-09-07 21:04:00,976 INFO Epoch 112 Step 210/224 Loss 0.0392
2025-09-07 21:04:14,089 INFO Epoch 112 Step 220/224 Loss 0.0485
2025-09-07 21:04:19,381 INFO Epoch 112 Step 224/224 Loss 0.0384
2025-09-07 21:04:19,381 INFO Epoch 112 Training Loss 0.0436
2025-09-07 21:05:10,408 INFO Validation @ epoch 112: individual:
  Engagement:
    accuracy: 0.6281099319458008
    balanced_accuracy: 0.6281099319458008
    mcc: 0.43988320231437683
    f1_micro: 0.7415674328804016
    f1_macro: 0.6154730916023254
    precision_micro: 0.7415674328804016
    precision_macro: 0.6059322357177734
    recall_micro: 0.7415674328804016
    recall_macro: 0.6281099319458008
    f1_per_class: [0.5349544286727905, 0.8404367566108704, 0.47102802991867065]
    precision_per_class: [0.49162012338638306, 0.859510064125061, 0.46666666865348816]
    recall_per_class: [0.5866666436195374, 0.822191596031189, 0.47547170519828796]
    auroc_macro: 0.8460354804992676
    auprc_macro: 0.6263388395309448
    auprc_per_class: [0.5199373364448547, 0.93028324842453, 0.42879587411880493]
    specificity_per_class: [0.8939393758773804, 0.6548672318458557, 0.9177612662315369]
    ece: 0.13460449874401093
    confusion_matrix: [[ 176,   93,   31],
       [ 145, 1193,  113],
       [  37,  102,  126]]
  Lead:
    accuracy: 0.5883703231811523
    balanced_accuracy: 0.5883703231811523
    mcc: 0.36372002959251404
    f1_micro: 0.67807537317276
    f1_macro: 0.5707783699035645
    precision_micro: 0.67807537317276
    precision_macro: 0.5585800409317017
    recall_micro: 0.67807537317276
    recall_macro: 0.5883703231811523
    f1_per_class: [0.479885071516037, 0.786995530128479, 0.44545453786849976]
    precision_per_class: [0.446524053812027, 0.8220140337944031, 0.40720221400260925]
    recall_per_class: [0.5186335444450378, 0.7548387050628662, 0.49163880944252014]
    auroc_macro: 0.7677847743034363
    auprc_macro: 0.5670514106750488
    auprc_per_class: [0.4321880042552948, 0.8711084723472595, 0.3978577256202698]
    specificity_per_class: [0.8778040409088135, 0.6328502297401428, 0.8753640055656433]
    ece: 0.20651063323020935
    confusion_matrix: [[ 167,  122,   33],
       [ 161, 1053,  181],
       [  46,  106,  147]]
loss: 1.0042070661272322
2025-09-07 21:05:26,952 INFO Epoch 113 Step 10/224 Loss 0.0475
2025-09-07 21:05:39,918 INFO Epoch 113 Step 20/224 Loss 0.0381
2025-09-07 21:05:52,983 INFO Epoch 113 Step 30/224 Loss 0.0478
2025-09-07 21:06:06,116 INFO Epoch 113 Step 40/224 Loss 0.0370
2025-09-07 21:06:19,281 INFO Epoch 113 Step 50/224 Loss 0.0329
2025-09-07 21:06:32,467 INFO Epoch 113 Step 60/224 Loss 0.0360
2025-09-07 21:06:45,662 INFO Epoch 113 Step 70/224 Loss 0.0456
2025-09-07 21:06:58,855 INFO Epoch 113 Step 80/224 Loss 0.0433
2025-09-07 21:07:12,049 INFO Epoch 113 Step 90/224 Loss 0.0451
2025-09-07 21:07:25,218 INFO Epoch 113 Step 100/224 Loss 0.0340
2025-09-07 21:07:38,701 INFO Epoch 113 Step 110/224 Loss 0.0356
2025-09-07 21:07:51,874 INFO Epoch 113 Step 120/224 Loss 0.0491
2025-09-07 21:08:05,033 INFO Epoch 113 Step 130/224 Loss 0.0419
2025-09-07 21:08:18,194 INFO Epoch 113 Step 140/224 Loss 0.0432
2025-09-07 21:08:31,370 INFO Epoch 113 Step 150/224 Loss 0.0371
2025-09-07 21:08:44,530 INFO Epoch 113 Step 160/224 Loss 0.0492
2025-09-07 21:08:57,691 INFO Epoch 113 Step 170/224 Loss 0.0552
2025-09-07 21:09:10,846 INFO Epoch 113 Step 180/224 Loss 0.0430
2025-09-07 21:09:23,986 INFO Epoch 113 Step 190/224 Loss 0.0704
2025-09-07 21:09:37,145 INFO Epoch 113 Step 200/224 Loss 0.0391
2025-09-07 21:09:50,297 INFO Epoch 113 Step 210/224 Loss 0.0614
2025-09-07 21:10:03,475 INFO Epoch 113 Step 220/224 Loss 0.0538
2025-09-07 21:10:08,730 INFO Epoch 113 Step 224/224 Loss 0.0296
2025-09-07 21:10:08,730 INFO Epoch 113 Training Loss 0.0446
2025-09-07 21:10:25,530 INFO Epoch 114 Step 10/224 Loss 0.0303
2025-09-07 21:10:38,609 INFO Epoch 114 Step 20/224 Loss 0.0373
2025-09-07 21:10:51,734 INFO Epoch 114 Step 30/224 Loss 0.0578
2025-09-07 21:11:04,867 INFO Epoch 114 Step 40/224 Loss 0.0369
2025-09-07 21:11:17,991 INFO Epoch 114 Step 50/224 Loss 0.0325
2025-09-07 21:11:31,122 INFO Epoch 114 Step 60/224 Loss 0.0449
2025-09-07 21:11:44,259 INFO Epoch 114 Step 70/224 Loss 0.0349
2025-09-07 21:11:57,408 INFO Epoch 114 Step 80/224 Loss 0.0411
2025-09-07 21:12:10,543 INFO Epoch 114 Step 90/224 Loss 0.0361
2025-09-07 21:12:24,081 INFO Epoch 114 Step 100/224 Loss 0.0404
2025-09-07 21:12:37,362 INFO Epoch 114 Step 110/224 Loss 0.0292
2025-09-07 21:12:50,497 INFO Epoch 114 Step 120/224 Loss 0.0286
2025-09-07 21:13:03,642 INFO Epoch 114 Step 130/224 Loss 0.0469
2025-09-07 21:13:16,770 INFO Epoch 114 Step 140/224 Loss 0.0566
2025-09-07 21:13:29,895 INFO Epoch 114 Step 150/224 Loss 0.0430
2025-09-07 21:13:43,030 INFO Epoch 114 Step 160/224 Loss 0.0510
2025-09-07 21:13:56,161 INFO Epoch 114 Step 170/224 Loss 0.0321
2025-09-07 21:14:09,283 INFO Epoch 114 Step 180/224 Loss 0.0416
2025-09-07 21:14:22,413 INFO Epoch 114 Step 190/224 Loss 0.0465
2025-09-07 21:14:35,535 INFO Epoch 114 Step 200/224 Loss 0.0400
2025-09-07 21:14:48,657 INFO Epoch 114 Step 210/224 Loss 0.0472
2025-09-07 21:15:01,977 INFO Epoch 114 Step 220/224 Loss 0.0440
2025-09-07 21:15:07,217 INFO Epoch 114 Step 224/224 Loss 0.0533
2025-09-07 21:15:07,217 INFO Epoch 114 Training Loss 0.0411
2025-09-07 21:15:23,988 INFO Epoch 115 Step 10/224 Loss 0.0314
2025-09-07 21:15:37,036 INFO Epoch 115 Step 20/224 Loss 0.0521
2025-09-07 21:15:50,143 INFO Epoch 115 Step 30/224 Loss 0.0399
2025-09-07 21:16:03,241 INFO Epoch 115 Step 40/224 Loss 0.0448
2025-09-07 21:16:16,364 INFO Epoch 115 Step 50/224 Loss 0.0443
2025-09-07 21:16:29,497 INFO Epoch 115 Step 60/224 Loss 0.0417
2025-09-07 21:16:42,613 INFO Epoch 115 Step 70/224 Loss 0.0378
2025-09-07 21:16:55,763 INFO Epoch 115 Step 80/224 Loss 0.0389
2025-09-07 21:17:08,896 INFO Epoch 115 Step 90/224 Loss 0.0387
2025-09-07 21:17:22,027 INFO Epoch 115 Step 100/224 Loss 0.0381
2025-09-07 21:17:35,323 INFO Epoch 115 Step 110/224 Loss 0.0503
2025-09-07 21:17:48,465 INFO Epoch 115 Step 120/224 Loss 0.0428
2025-09-07 21:18:01,606 INFO Epoch 115 Step 130/224 Loss 0.0380
2025-09-07 21:18:14,756 INFO Epoch 115 Step 140/224 Loss 0.0468
2025-09-07 21:18:27,887 INFO Epoch 115 Step 150/224 Loss 0.0440
2025-09-07 21:18:41,028 INFO Epoch 115 Step 160/224 Loss 0.0443
2025-09-07 21:18:54,147 INFO Epoch 115 Step 170/224 Loss 0.0363
2025-09-07 21:19:07,275 INFO Epoch 115 Step 180/224 Loss 0.0391
2025-09-07 21:19:20,396 INFO Epoch 115 Step 190/224 Loss 0.0400
2025-09-07 21:19:33,518 INFO Epoch 115 Step 200/224 Loss 0.0345
2025-09-07 21:19:46,639 INFO Epoch 115 Step 210/224 Loss 0.0434
2025-09-07 21:19:59,913 INFO Epoch 115 Step 220/224 Loss 0.0421
2025-09-07 21:20:05,162 INFO Epoch 115 Step 224/224 Loss 0.0418
2025-09-07 21:20:05,162 INFO Epoch 115 Training Loss 0.0413
2025-09-07 21:20:22,163 INFO Epoch 116 Step 10/224 Loss 0.0333
2025-09-07 21:20:35,204 INFO Epoch 116 Step 20/224 Loss 0.0372
2025-09-07 21:20:48,291 INFO Epoch 116 Step 30/224 Loss 0.0433
2025-09-07 21:21:01,394 INFO Epoch 116 Step 40/224 Loss 0.0284
2025-09-07 21:21:14,510 INFO Epoch 116 Step 50/224 Loss 0.0398
2025-09-07 21:21:27,648 INFO Epoch 116 Step 60/224 Loss 0.0354
2025-09-07 21:21:40,790 INFO Epoch 116 Step 70/224 Loss 0.0305
2025-09-07 21:21:53,924 INFO Epoch 116 Step 80/224 Loss 0.0342
2025-09-07 21:22:07,062 INFO Epoch 116 Step 90/224 Loss 0.0468
2025-09-07 21:22:21,165 INFO Epoch 116 Step 100/224 Loss 0.0443
2025-09-07 21:22:34,271 INFO Epoch 116 Step 110/224 Loss 0.0430
2025-09-07 21:22:47,416 INFO Epoch 116 Step 120/224 Loss 0.0395
2025-09-07 21:23:00,543 INFO Epoch 116 Step 130/224 Loss 0.0425
2025-09-07 21:23:13,684 INFO Epoch 116 Step 140/224 Loss 0.0521
2025-09-07 21:23:26,812 INFO Epoch 116 Step 150/224 Loss 0.0500
2025-09-07 21:23:39,944 INFO Epoch 116 Step 160/224 Loss 0.0486
2025-09-07 21:23:53,056 INFO Epoch 116 Step 170/224 Loss 0.0347
2025-09-07 21:24:06,184 INFO Epoch 116 Step 180/224 Loss 0.0552
2025-09-07 21:24:19,329 INFO Epoch 116 Step 190/224 Loss 0.0511
2025-09-07 21:24:33,379 INFO Epoch 116 Step 200/224 Loss 0.0563
2025-09-07 21:24:46,652 INFO Epoch 116 Step 210/224 Loss 0.0440
2025-09-07 21:24:59,770 INFO Epoch 116 Step 220/224 Loss 0.0390
2025-09-07 21:25:05,008 INFO Epoch 116 Step 224/224 Loss 0.0337
2025-09-07 21:25:05,008 INFO Epoch 116 Training Loss 0.0421
2025-09-07 21:25:55,009 INFO Validation @ epoch 116: individual:
  Engagement:
    accuracy: 0.630518913269043
    balanced_accuracy: 0.630518913269043
    mcc: 0.45131930708885193
    f1_micro: 0.752480149269104
    f1_macro: 0.6245756149291992
    precision_micro: 0.752480149269104
    precision_macro: 0.6191719770431519
    recall_micro: 0.752480149269104
    recall_macro: 0.630518913269043
    f1_per_class: [0.5442622900009155, 0.8485903143882751, 0.48087432980537415]
    precision_per_class: [0.5354838967323303, 0.8572432994842529, 0.4647887349128723]
    recall_per_class: [0.5533333420753479, 0.8401102423667908, 0.498113214969635]
    auroc_macro: 0.8430166244506836
    auprc_macro: 0.6340601444244385
    auprc_per_class: [0.5280297994613647, 0.9281297922134399, 0.44602084159851074]
    specificity_per_class: [0.9160839319229126, 0.6407079696655273, 0.9131924510002136]
    ece: 0.13703183829784393
    confusion_matrix: [[ 166,   99,   35],
       [ 115, 1219,  117],
       [  29,  104,  132]]
  Lead:
    accuracy: 0.5835126638412476
    balanced_accuracy: 0.5835126638412476
    mcc: 0.35212787985801697
    f1_micro: 0.6741071343421936
    f1_macro: 0.5673884153366089
    precision_micro: 0.6741071343421936
    precision_macro: 0.5561635494232178
    recall_micro: 0.6741071343421936
    recall_macro: 0.5835126638412476
    f1_per_class: [0.4719763994216919, 0.7810871005058289, 0.4491018056869507]
    precision_per_class: [0.449438214302063, 0.8125483989715576, 0.4065040647983551]
    recall_per_class: [0.4968944191932678, 0.7519713044166565, 0.5016722679138184]
    auroc_macro: 0.7733631134033203
    auprc_macro: 0.5655581951141357
    auprc_per_class: [0.4259605407714844, 0.8703656196594238, 0.4003484845161438]
    specificity_per_class: [0.8842975497245789, 0.6103059649467468, 0.8724519610404968]
    ece: 0.19500121474266052
    confusion_matrix: [[ 160,  131,   31],
       [ 158, 1049,  188],
       [  38,  111,  150]]
loss: 1.001076925368536
2025-09-07 21:26:12,223 INFO Epoch 117 Step 10/224 Loss 0.0394
2025-09-07 21:26:25,183 INFO Epoch 117 Step 20/224 Loss 0.0291
2025-09-07 21:26:38,250 INFO Epoch 117 Step 30/224 Loss 0.0490
2025-09-07 21:26:51,377 INFO Epoch 117 Step 40/224 Loss 0.0466
2025-09-07 21:27:04,537 INFO Epoch 117 Step 50/224 Loss 0.0398
2025-09-07 21:27:17,733 INFO Epoch 117 Step 60/224 Loss 0.0388
2025-09-07 21:27:30,922 INFO Epoch 117 Step 70/224 Loss 0.0243
2025-09-07 21:27:44,124 INFO Epoch 117 Step 80/224 Loss 0.0385
2025-09-07 21:27:57,335 INFO Epoch 117 Step 90/224 Loss 0.0339
2025-09-07 21:28:10,689 INFO Epoch 117 Step 100/224 Loss 0.0317
2025-09-07 21:28:23,875 INFO Epoch 117 Step 110/224 Loss 0.0375
2025-09-07 21:28:37,039 INFO Epoch 117 Step 120/224 Loss 0.0271
2025-09-07 21:28:50,216 INFO Epoch 117 Step 130/224 Loss 0.0457
2025-09-07 21:29:03,381 INFO Epoch 117 Step 140/224 Loss 0.0297
2025-09-07 21:29:16,554 INFO Epoch 117 Step 150/224 Loss 0.0436
2025-09-07 21:29:29,730 INFO Epoch 117 Step 160/224 Loss 0.0425
2025-09-07 21:29:42,895 INFO Epoch 117 Step 170/224 Loss 0.0429
2025-09-07 21:29:56,034 INFO Epoch 117 Step 180/224 Loss 0.0365
2025-09-07 21:30:09,195 INFO Epoch 117 Step 190/224 Loss 0.0369
2025-09-07 21:30:22,358 INFO Epoch 117 Step 200/224 Loss 0.0493
2025-09-07 21:30:35,647 INFO Epoch 117 Step 210/224 Loss 0.0308
2025-09-07 21:30:48,775 INFO Epoch 117 Step 220/224 Loss 0.0385
2025-09-07 21:30:54,019 INFO Epoch 117 Step 224/224 Loss 0.0369
2025-09-07 21:30:54,019 INFO Epoch 117 Training Loss 0.0378
2025-09-07 21:31:10,946 INFO Epoch 118 Step 10/224 Loss 0.0302
2025-09-07 21:31:24,026 INFO Epoch 118 Step 20/224 Loss 0.0482
2025-09-07 21:31:37,148 INFO Epoch 118 Step 30/224 Loss 0.0328
2025-09-07 21:31:50,276 INFO Epoch 118 Step 40/224 Loss 0.0547
2025-09-07 21:32:03,419 INFO Epoch 118 Step 50/224 Loss 0.0344
2025-09-07 21:32:16,567 INFO Epoch 118 Step 60/224 Loss 0.0458
2025-09-07 21:32:29,716 INFO Epoch 118 Step 70/224 Loss 0.0280
2025-09-07 21:32:42,859 INFO Epoch 118 Step 80/224 Loss 0.0318
2025-09-07 21:32:56,088 INFO Epoch 118 Step 90/224 Loss 0.0372
2025-09-07 21:33:09,431 INFO Epoch 118 Step 100/224 Loss 0.0473
2025-09-07 21:33:22,557 INFO Epoch 118 Step 110/224 Loss 0.0371
2025-09-07 21:33:35,700 INFO Epoch 118 Step 120/224 Loss 0.0392
2025-09-07 21:33:48,851 INFO Epoch 118 Step 130/224 Loss 0.0470
2025-09-07 21:34:01,987 INFO Epoch 118 Step 140/224 Loss 0.0435
2025-09-07 21:34:15,133 INFO Epoch 118 Step 150/224 Loss 0.0433
2025-09-07 21:34:28,261 INFO Epoch 118 Step 160/224 Loss 0.0458
2025-09-07 21:34:41,401 INFO Epoch 118 Step 170/224 Loss 0.0455
2025-09-07 21:34:54,546 INFO Epoch 118 Step 180/224 Loss 0.0313
2025-09-07 21:35:07,691 INFO Epoch 118 Step 190/224 Loss 0.0506
2025-09-07 21:35:20,811 INFO Epoch 118 Step 200/224 Loss 0.0464
2025-09-07 21:35:34,085 INFO Epoch 118 Step 210/224 Loss 0.0399
2025-09-07 21:35:47,209 INFO Epoch 118 Step 220/224 Loss 0.0315
2025-09-07 21:35:52,455 INFO Epoch 118 Step 224/224 Loss 0.0397
2025-09-07 21:35:52,455 INFO Epoch 118 Training Loss 0.0405
2025-09-07 21:36:09,083 INFO Epoch 119 Step 10/224 Loss 0.0298
2025-09-07 21:36:22,150 INFO Epoch 119 Step 20/224 Loss 0.0388
2025-09-07 21:36:35,262 INFO Epoch 119 Step 30/224 Loss 0.0277
2025-09-07 21:36:48,376 INFO Epoch 119 Step 40/224 Loss 0.0357
2025-09-07 21:37:01,510 INFO Epoch 119 Step 50/224 Loss 0.0310
2025-09-07 21:37:14,632 INFO Epoch 119 Step 60/224 Loss 0.0396
2025-09-07 21:37:27,763 INFO Epoch 119 Step 70/224 Loss 0.0331
2025-09-07 21:37:40,905 INFO Epoch 119 Step 80/224 Loss 0.0491
2025-09-07 21:37:54,231 INFO Epoch 119 Step 90/224 Loss 0.0426
2025-09-07 21:38:07,361 INFO Epoch 119 Step 100/224 Loss 0.0297
2025-09-07 21:38:20,481 INFO Epoch 119 Step 110/224 Loss 0.0306
2025-09-07 21:38:33,630 INFO Epoch 119 Step 120/224 Loss 0.0403
2025-09-07 21:38:46,754 INFO Epoch 119 Step 130/224 Loss 0.0355
2025-09-07 21:38:59,869 INFO Epoch 119 Step 140/224 Loss 0.0442
2025-09-07 21:39:13,639 INFO Epoch 119 Step 150/224 Loss 0.0409
2025-09-07 21:39:26,754 INFO Epoch 119 Step 160/224 Loss 0.0348
2025-09-07 21:39:39,884 INFO Epoch 119 Step 170/224 Loss 0.0381
2025-09-07 21:39:53,013 INFO Epoch 119 Step 180/224 Loss 0.0412
2025-09-07 21:40:06,132 INFO Epoch 119 Step 190/224 Loss 0.0345
2025-09-07 21:40:19,257 INFO Epoch 119 Step 200/224 Loss 0.0361
2025-09-07 21:40:32,540 INFO Epoch 119 Step 210/224 Loss 0.0268
2025-09-07 21:40:45,654 INFO Epoch 119 Step 220/224 Loss 0.0367
2025-09-07 21:40:50,894 INFO Epoch 119 Step 224/224 Loss 0.0432
2025-09-07 21:40:50,894 INFO Epoch 119 Training Loss 0.0363
2025-09-07 21:41:07,846 INFO Epoch 120 Step 10/224 Loss 0.0422
2025-09-07 21:41:20,902 INFO Epoch 120 Step 20/224 Loss 0.0396
2025-09-07 21:41:33,994 INFO Epoch 120 Step 30/224 Loss 0.0285
2025-09-07 21:41:47,100 INFO Epoch 120 Step 40/224 Loss 0.0462
2025-09-07 21:42:00,226 INFO Epoch 120 Step 50/224 Loss 0.0374
2025-09-07 21:42:13,344 INFO Epoch 120 Step 60/224 Loss 0.0400
2025-09-07 21:42:26,462 INFO Epoch 120 Step 70/224 Loss 0.0352
2025-09-07 21:42:39,617 INFO Epoch 120 Step 80/224 Loss 0.0386
2025-09-07 21:42:52,907 INFO Epoch 120 Step 90/224 Loss 0.0339
2025-09-07 21:43:06,036 INFO Epoch 120 Step 100/224 Loss 0.0310
2025-09-07 21:43:19,153 INFO Epoch 120 Step 110/224 Loss 0.0328
2025-09-07 21:43:32,288 INFO Epoch 120 Step 120/224 Loss 0.0530
2025-09-07 21:43:45,427 INFO Epoch 120 Step 130/224 Loss 0.0267
2025-09-07 21:43:58,547 INFO Epoch 120 Step 140/224 Loss 0.0419
2025-09-07 21:44:11,673 INFO Epoch 120 Step 150/224 Loss 0.0445
2025-09-07 21:44:24,798 INFO Epoch 120 Step 160/224 Loss 0.0447
2025-09-07 21:44:37,931 INFO Epoch 120 Step 170/224 Loss 0.0472
2025-09-07 21:44:51,058 INFO Epoch 120 Step 180/224 Loss 0.0447
2025-09-07 21:45:04,181 INFO Epoch 120 Step 190/224 Loss 0.0506
2025-09-07 21:45:17,497 INFO Epoch 120 Step 200/224 Loss 0.0384
2025-09-07 21:45:30,625 INFO Epoch 120 Step 210/224 Loss 0.0544
2025-09-07 21:45:43,742 INFO Epoch 120 Step 220/224 Loss 0.0369
2025-09-07 21:45:48,985 INFO Epoch 120 Step 224/224 Loss 0.0424
2025-09-07 21:45:48,986 INFO Epoch 120 Training Loss 0.0404
2025-09-07 21:46:39,627 INFO Validation @ epoch 120: individual:
  Engagement:
    accuracy: 0.6500543355941772
    balanced_accuracy: 0.6500543355941772
    mcc: 0.46660080552101135
    f1_micro: 0.752480149269104
    f1_macro: 0.6349855065345764
    precision_micro: 0.752480149269104
    precision_macro: 0.6233092546463013
    recall_micro: 0.752480149269104
    recall_macro: 0.6500543355941772
    f1_per_class: [0.5607779622077942, 0.8467513918876648, 0.4974271059036255]
    precision_per_class: [0.5457413196563721, 0.8682114481925964, 0.45597484707832336]
    recall_per_class: [0.5766666531562805, 0.8263266682624817, 0.5471698045730591]
    auroc_macro: 0.8473680019378662
    auprc_macro: 0.6324170231819153
    auprc_per_class: [0.528577983379364, 0.9296220541000366, 0.43905097246170044]
    specificity_per_class: [0.9160839319229126, 0.6778761148452759, 0.9011993408203125]
    ece: 0.1331361085176468
    confusion_matrix: [[ 173,   91,   36],
       [ 115, 1199,  137],
       [  29,   91,  145]]
  Lead:
    accuracy: 0.5948182344436646
    balanced_accuracy: 0.5948182344436646
    mcc: 0.3557349741458893
    f1_micro: 0.6661706566810608
    f1_macro: 0.5700167417526245
    precision_micro: 0.6661706566810608
    precision_macro: 0.5554336309432983
    recall_micro: 0.6661706566810608
    recall_macro: 0.5948182344436646
    f1_per_class: [0.48345324397087097, 0.7701061964035034, 0.45649072527885437]
    precision_per_class: [0.4504021406173706, 0.8178887963294983, 0.3980099558830261]
    recall_per_class: [0.52173912525177, 0.7275985479354858, 0.5351170301437378]
    auroc_macro: 0.7708410620689392
    auprc_macro: 0.5666269063949585
    auprc_per_class: [0.41838228702545166, 0.8662338256835938, 0.41526442766189575]
    specificity_per_class: [0.8789846301078796, 0.6360708475112915, 0.8590564727783203]
    ece: 0.20328176021575928
    confusion_matrix: [[ 168,  124,   30],
       [ 168, 1015,  212],
       [  37,  102,  160]]
loss: 0.9969763074602399
2025-09-07 21:46:56,527 INFO Epoch 121 Step 10/224 Loss 0.0282
2025-09-07 21:47:09,491 INFO Epoch 121 Step 20/224 Loss 0.0372
2025-09-07 21:47:22,563 INFO Epoch 121 Step 30/224 Loss 0.0336
2025-09-07 21:47:35,672 INFO Epoch 121 Step 40/224 Loss 0.0381
2025-09-07 21:47:48,822 INFO Epoch 121 Step 50/224 Loss 0.0338
2025-09-07 21:48:02,015 INFO Epoch 121 Step 60/224 Loss 0.0306
2025-09-07 21:48:15,196 INFO Epoch 121 Step 70/224 Loss 0.0367
2025-09-07 21:48:28,386 INFO Epoch 121 Step 80/224 Loss 0.0287
2025-09-07 21:48:41,740 INFO Epoch 121 Step 90/224 Loss 0.0495
2025-09-07 21:48:54,910 INFO Epoch 121 Step 100/224 Loss 0.0245
2025-09-07 21:49:08,110 INFO Epoch 121 Step 110/224 Loss 0.0357
2025-09-07 21:49:21,300 INFO Epoch 121 Step 120/224 Loss 0.0438
2025-09-07 21:49:34,461 INFO Epoch 121 Step 130/224 Loss 0.0457
2025-09-07 21:49:47,630 INFO Epoch 121 Step 140/224 Loss 0.0406
2025-09-07 21:50:00,802 INFO Epoch 121 Step 150/224 Loss 0.0301
2025-09-07 21:50:13,954 INFO Epoch 121 Step 160/224 Loss 0.0410
2025-09-07 21:50:27,105 INFO Epoch 121 Step 170/224 Loss 0.0440
2025-09-07 21:50:40,258 INFO Epoch 121 Step 180/224 Loss 0.0413
2025-09-07 21:50:53,403 INFO Epoch 121 Step 190/224 Loss 0.0407
2025-09-07 21:51:06,755 INFO Epoch 121 Step 200/224 Loss 0.0455
2025-09-07 21:51:19,894 INFO Epoch 121 Step 210/224 Loss 0.0487
2025-09-07 21:51:33,029 INFO Epoch 121 Step 220/224 Loss 0.0411
2025-09-07 21:51:38,277 INFO Epoch 121 Step 224/224 Loss 0.0540
2025-09-07 21:51:38,277 INFO Epoch 121 Training Loss 0.0384
2025-09-07 21:51:55,292 INFO Epoch 122 Step 10/224 Loss 0.0240
2025-09-07 21:52:08,367 INFO Epoch 122 Step 20/224 Loss 0.0377
2025-09-07 21:52:21,482 INFO Epoch 122 Step 30/224 Loss 0.0319
2025-09-07 21:52:34,597 INFO Epoch 122 Step 40/224 Loss 0.0362
2025-09-07 21:52:47,732 INFO Epoch 122 Step 50/224 Loss 0.0351
2025-09-07 21:53:00,865 INFO Epoch 122 Step 60/224 Loss 0.0247
2025-09-07 21:53:14,007 INFO Epoch 122 Step 70/224 Loss 0.0336
2025-09-07 21:53:27,140 INFO Epoch 122 Step 80/224 Loss 0.0322
2025-09-07 21:53:40,378 INFO Epoch 122 Step 90/224 Loss 0.0360
2025-09-07 21:53:53,501 INFO Epoch 122 Step 100/224 Loss 0.0357
2025-09-07 21:54:06,645 INFO Epoch 122 Step 110/224 Loss 0.0394
2025-09-07 21:54:19,769 INFO Epoch 122 Step 120/224 Loss 0.0360
2025-09-07 21:54:32,888 INFO Epoch 122 Step 130/224 Loss 0.0322
2025-09-07 21:54:46,015 INFO Epoch 122 Step 140/224 Loss 0.0340
2025-09-07 21:54:59,147 INFO Epoch 122 Step 150/224 Loss 0.0255
2025-09-07 21:55:12,285 INFO Epoch 122 Step 160/224 Loss 0.0416
2025-09-07 21:55:25,408 INFO Epoch 122 Step 170/224 Loss 0.0353
2025-09-07 21:55:38,540 INFO Epoch 122 Step 180/224 Loss 0.0255
2025-09-07 21:55:51,655 INFO Epoch 122 Step 190/224 Loss 0.0375
2025-09-07 21:56:04,920 INFO Epoch 122 Step 200/224 Loss 0.0504
2025-09-07 21:56:18,059 INFO Epoch 122 Step 210/224 Loss 0.0276
2025-09-07 21:56:31,178 INFO Epoch 122 Step 220/224 Loss 0.0455
2025-09-07 21:56:36,416 INFO Epoch 122 Step 224/224 Loss 0.0281
2025-09-07 21:56:36,417 INFO Epoch 122 Training Loss 0.0343
2025-09-07 21:56:58,473 INFO Epoch 123 Step 10/224 Loss 0.0278
2025-09-07 21:57:11,451 INFO Epoch 123 Step 20/224 Loss 0.0448
2025-09-07 21:57:24,502 INFO Epoch 123 Step 30/224 Loss 0.0291
2025-09-07 21:57:37,603 INFO Epoch 123 Step 40/224 Loss 0.0322
2025-09-07 21:57:50,724 INFO Epoch 123 Step 50/224 Loss 0.0410
2025-09-07 21:58:03,864 INFO Epoch 123 Step 60/224 Loss 0.0329
2025-09-07 21:58:17,020 INFO Epoch 123 Step 70/224 Loss 0.0315
2025-09-07 21:58:30,485 INFO Epoch 123 Step 80/224 Loss 0.0298
2025-09-07 21:58:43,611 INFO Epoch 123 Step 90/224 Loss 0.0490
2025-09-07 21:58:56,746 INFO Epoch 123 Step 100/224 Loss 0.0458
2025-09-07 21:59:09,889 INFO Epoch 123 Step 110/224 Loss 0.0343
2025-09-07 21:59:23,043 INFO Epoch 123 Step 120/224 Loss 0.0394
2025-09-07 21:59:36,161 INFO Epoch 123 Step 130/224 Loss 0.0242
2025-09-07 21:59:49,298 INFO Epoch 123 Step 140/224 Loss 0.0322
2025-09-07 22:00:02,463 INFO Epoch 123 Step 150/224 Loss 0.0285
2025-09-07 22:00:16,525 INFO Epoch 123 Step 160/224 Loss 0.0320
2025-09-07 22:00:29,654 INFO Epoch 123 Step 170/224 Loss 0.0356
2025-09-07 22:00:42,783 INFO Epoch 123 Step 180/224 Loss 0.0262
2025-09-07 22:00:56,089 INFO Epoch 123 Step 190/224 Loss 0.0463
2025-09-07 22:01:09,217 INFO Epoch 123 Step 200/224 Loss 0.0361
2025-09-07 22:01:22,345 INFO Epoch 123 Step 210/224 Loss 0.0277
2025-09-07 22:01:35,461 INFO Epoch 123 Step 220/224 Loss 0.0355
2025-09-07 22:01:40,708 INFO Epoch 123 Step 224/224 Loss 0.0342
2025-09-07 22:01:40,708 INFO Epoch 123 Training Loss 0.0346
2025-09-07 22:01:57,424 INFO Epoch 124 Step 10/224 Loss 0.0347
2025-09-07 22:02:10,496 INFO Epoch 124 Step 20/224 Loss 0.0337
2025-09-07 22:02:23,595 INFO Epoch 124 Step 30/224 Loss 0.0382
2025-09-07 22:02:36,697 INFO Epoch 124 Step 40/224 Loss 0.0415
2025-09-07 22:02:49,820 INFO Epoch 124 Step 50/224 Loss 0.0327
2025-09-07 22:03:02,949 INFO Epoch 124 Step 60/224 Loss 0.0308
2025-09-07 22:03:16,068 INFO Epoch 124 Step 70/224 Loss 0.0340
2025-09-07 22:03:29,389 INFO Epoch 124 Step 80/224 Loss 0.0266
2025-09-07 22:03:42,505 INFO Epoch 124 Step 90/224 Loss 0.0321
2025-09-07 22:03:55,635 INFO Epoch 124 Step 100/224 Loss 0.0284
2025-09-07 22:04:08,758 INFO Epoch 124 Step 110/224 Loss 0.0229
2025-09-07 22:04:21,888 INFO Epoch 124 Step 120/224 Loss 0.0308
2025-09-07 22:04:35,016 INFO Epoch 124 Step 130/224 Loss 0.0436
2025-09-07 22:04:48,142 INFO Epoch 124 Step 140/224 Loss 0.0240
2025-09-07 22:05:01,269 INFO Epoch 124 Step 150/224 Loss 0.0279
2025-09-07 22:05:14,387 INFO Epoch 124 Step 160/224 Loss 0.0424
2025-09-07 22:05:27,502 INFO Epoch 124 Step 170/224 Loss 0.0303
2025-09-07 22:05:40,637 INFO Epoch 124 Step 180/224 Loss 0.0467
2025-09-07 22:05:53,922 INFO Epoch 124 Step 190/224 Loss 0.0314
2025-09-07 22:06:07,029 INFO Epoch 124 Step 200/224 Loss 0.0388
2025-09-07 22:06:20,153 INFO Epoch 124 Step 210/224 Loss 0.0400
2025-09-07 22:06:33,283 INFO Epoch 124 Step 220/224 Loss 0.0219
2025-09-07 22:06:38,521 INFO Epoch 124 Step 224/224 Loss 0.0439
2025-09-07 22:06:38,522 INFO Epoch 124 Training Loss 0.0335
2025-09-07 22:07:28,730 INFO Validation @ epoch 124: individual:
  Engagement:
    accuracy: 0.6370187997817993
    balanced_accuracy: 0.6370187997817993
    mcc: 0.4575716555118561
    f1_micro: 0.7544642686843872
    f1_macro: 0.6297378540039062
    precision_micro: 0.7544642686843872
    precision_macro: 0.6232659816741943
    recall_micro: 0.7544642686843872
    recall_macro: 0.6370187997817993
    f1_per_class: [0.534426212310791, 0.849372386932373, 0.505415141582489]
    precision_per_class: [0.5258064270019531, 0.8595624566078186, 0.4844290614128113]
    recall_per_class: [0.5433333516120911, 0.8394210934638977, 0.5283018946647644]
    auroc_macro: 0.8472110033035278
    auprc_macro: 0.635980486869812
    auprc_per_class: [0.5240986347198486, 0.9305386543273926, 0.4533039927482605]
    specificity_per_class: [0.9143356680870056, 0.6477876305580139, 0.9149057865142822]
    ece: 0.14507216215133667
    confusion_matrix: [[ 163,  106,   31],
       [ 115, 1218,  118],
       [  32,   93,  140]]
  Lead:
    accuracy: 0.5877327919006348
    balanced_accuracy: 0.5877327919006348
    mcc: 0.3589521050453186
    f1_micro: 0.6746031641960144
    f1_macro: 0.569027304649353
    precision_micro: 0.6746031641960144
    precision_macro: 0.556537926197052
    recall_micro: 0.6746031641960144
    recall_macro: 0.5877327919006348
    f1_per_class: [0.4861878454685211, 0.7820224761962891, 0.43887147307395935]
    precision_per_class: [0.4378109574317932, 0.818823516368866, 0.4129793643951416]
    recall_per_class: [0.5465838313102722, 0.7483870983123779, 0.46822741627693176]
    auroc_macro: 0.7728629112243652
    auprc_macro: 0.5624451041221619
    auprc_per_class: [0.4213382303714752, 0.869570791721344, 0.3964262902736664]
    specificity_per_class: [0.8665879368782043, 0.6280193328857422, 0.8841001987457275]
    ece: 0.21139468252658844
    confusion_matrix: [[ 176,  117,   29],
       [ 181, 1044,  170],
       [  45,  114,  140]]
loss: 1.129845210484096
2025-09-07 22:07:45,226 INFO Epoch 125 Step 10/224 Loss 0.0273
2025-09-07 22:07:58,192 INFO Epoch 125 Step 20/224 Loss 0.0310
2025-09-07 22:08:11,255 INFO Epoch 125 Step 30/224 Loss 0.0355
2025-09-07 22:08:24,375 INFO Epoch 125 Step 40/224 Loss 0.0342
2025-09-07 22:08:37,529 INFO Epoch 125 Step 50/224 Loss 0.0323
2025-09-07 22:08:50,705 INFO Epoch 125 Step 60/224 Loss 0.0308
2025-09-07 22:09:04,480 INFO Epoch 125 Step 70/224 Loss 0.0270
2025-09-07 22:09:17,798 INFO Epoch 125 Step 80/224 Loss 0.0313
2025-09-07 22:09:30,987 INFO Epoch 125 Step 90/224 Loss 0.0412
2025-09-07 22:09:44,169 INFO Epoch 125 Step 100/224 Loss 0.0268
2025-09-07 22:09:57,341 INFO Epoch 125 Step 110/224 Loss 0.0308
2025-09-07 22:10:10,518 INFO Epoch 125 Step 120/224 Loss 0.0299
2025-09-07 22:10:23,673 INFO Epoch 125 Step 130/224 Loss 0.0484
2025-09-07 22:10:36,839 INFO Epoch 125 Step 140/224 Loss 0.0314
2025-09-07 22:10:50,000 INFO Epoch 125 Step 150/224 Loss 0.0450
2025-09-07 22:11:03,152 INFO Epoch 125 Step 160/224 Loss 0.0411
2025-09-07 22:11:16,312 INFO Epoch 125 Step 170/224 Loss 0.0349
2025-09-07 22:11:29,476 INFO Epoch 125 Step 180/224 Loss 0.0180
2025-09-07 22:11:42,751 INFO Epoch 125 Step 190/224 Loss 0.0340
2025-09-07 22:11:55,900 INFO Epoch 125 Step 200/224 Loss 0.0397
2025-09-07 22:12:09,039 INFO Epoch 125 Step 210/224 Loss 0.0333
2025-09-07 22:12:22,175 INFO Epoch 125 Step 220/224 Loss 0.0416
2025-09-07 22:12:27,419 INFO Epoch 125 Step 224/224 Loss 0.0489
2025-09-07 22:12:27,419 INFO Epoch 125 Training Loss 0.0342
2025-09-07 22:12:44,554 INFO Epoch 126 Step 10/224 Loss 0.0347
2025-09-07 22:12:57,620 INFO Epoch 126 Step 20/224 Loss 0.0395
2025-09-07 22:13:10,725 INFO Epoch 126 Step 30/224 Loss 0.0274
2025-09-07 22:13:23,844 INFO Epoch 126 Step 40/224 Loss 0.0438
2025-09-07 22:13:36,971 INFO Epoch 126 Step 50/224 Loss 0.0432
2025-09-07 22:13:50,124 INFO Epoch 126 Step 60/224 Loss 0.0352
2025-09-07 22:14:03,379 INFO Epoch 126 Step 70/224 Loss 0.0396
2025-09-07 22:14:16,499 INFO Epoch 126 Step 80/224 Loss 0.0259
2025-09-07 22:14:29,617 INFO Epoch 126 Step 90/224 Loss 0.0303
2025-09-07 22:14:42,743 INFO Epoch 126 Step 100/224 Loss 0.0393
2025-09-07 22:14:55,875 INFO Epoch 126 Step 110/224 Loss 0.0407
2025-09-07 22:15:09,011 INFO Epoch 126 Step 120/224 Loss 0.0252
2025-09-07 22:15:22,126 INFO Epoch 126 Step 130/224 Loss 0.0310
2025-09-07 22:15:35,250 INFO Epoch 126 Step 140/224 Loss 0.0262
2025-09-07 22:15:49,055 INFO Epoch 126 Step 150/224 Loss 0.0409
2025-09-07 22:16:02,172 INFO Epoch 126 Step 160/224 Loss 0.0290
2025-09-07 22:16:15,292 INFO Epoch 126 Step 170/224 Loss 0.0338
2025-09-07 22:16:28,576 INFO Epoch 126 Step 180/224 Loss 0.0255
2025-09-07 22:16:41,710 INFO Epoch 126 Step 190/224 Loss 0.0306
2025-09-07 22:16:54,830 INFO Epoch 126 Step 200/224 Loss 0.0392
2025-09-07 22:17:07,956 INFO Epoch 126 Step 210/224 Loss 0.0374
2025-09-07 22:17:21,072 INFO Epoch 126 Step 220/224 Loss 0.0292
2025-09-07 22:17:26,314 INFO Epoch 126 Step 224/224 Loss 0.0286
2025-09-07 22:17:26,314 INFO Epoch 126 Training Loss 0.0339
2025-09-07 22:17:43,085 INFO Epoch 127 Step 10/224 Loss 0.0355
2025-09-07 22:17:56,146 INFO Epoch 127 Step 20/224 Loss 0.0378
2025-09-07 22:18:09,259 INFO Epoch 127 Step 30/224 Loss 0.0247
2025-09-07 22:18:22,374 INFO Epoch 127 Step 40/224 Loss 0.0270
2025-09-07 22:18:35,503 INFO Epoch 127 Step 50/224 Loss 0.0385
2025-09-07 22:18:48,631 INFO Epoch 127 Step 60/224 Loss 0.0391
2025-09-07 22:19:01,937 INFO Epoch 127 Step 70/224 Loss 0.0249
2025-09-07 22:19:15,060 INFO Epoch 127 Step 80/224 Loss 0.0290
2025-09-07 22:19:28,202 INFO Epoch 127 Step 90/224 Loss 0.0402
2025-09-07 22:19:41,332 INFO Epoch 127 Step 100/224 Loss 0.0322
2025-09-07 22:19:54,469 INFO Epoch 127 Step 110/224 Loss 0.0411
2025-09-07 22:20:07,591 INFO Epoch 127 Step 120/224 Loss 0.0300
2025-09-07 22:20:20,714 INFO Epoch 127 Step 130/224 Loss 0.0295
2025-09-07 22:20:33,842 INFO Epoch 127 Step 140/224 Loss 0.0306
2025-09-07 22:20:46,983 INFO Epoch 127 Step 150/224 Loss 0.0352
2025-09-07 22:21:00,109 INFO Epoch 127 Step 160/224 Loss 0.0243
2025-09-07 22:21:13,252 INFO Epoch 127 Step 170/224 Loss 0.0296
2025-09-07 22:21:26,572 INFO Epoch 127 Step 180/224 Loss 0.0303
2025-09-07 22:21:39,693 INFO Epoch 127 Step 190/224 Loss 0.0291
2025-09-07 22:21:52,819 INFO Epoch 127 Step 200/224 Loss 0.0323
2025-09-07 22:22:05,947 INFO Epoch 127 Step 210/224 Loss 0.0403
2025-09-07 22:22:19,059 INFO Epoch 127 Step 220/224 Loss 0.0329
2025-09-07 22:22:24,308 INFO Epoch 127 Step 224/224 Loss 0.0286
2025-09-07 22:22:24,309 INFO Epoch 127 Training Loss 0.0324
2025-09-07 22:22:41,074 INFO Epoch 128 Step 10/224 Loss 0.0370
2025-09-07 22:22:54,232 INFO Epoch 128 Step 20/224 Loss 0.0283
2025-09-07 22:23:07,343 INFO Epoch 128 Step 30/224 Loss 0.0303
2025-09-07 22:23:20,455 INFO Epoch 128 Step 40/224 Loss 0.0247
2025-09-07 22:23:33,584 INFO Epoch 128 Step 50/224 Loss 0.0298
2025-09-07 22:23:46,708 INFO Epoch 128 Step 60/224 Loss 0.0390
2025-09-07 22:23:59,999 INFO Epoch 128 Step 70/224 Loss 0.0393
2025-09-07 22:24:13,116 INFO Epoch 128 Step 80/224 Loss 0.0459
2025-09-07 22:24:26,245 INFO Epoch 128 Step 90/224 Loss 0.0244
2025-09-07 22:24:39,359 INFO Epoch 128 Step 100/224 Loss 0.0385
2025-09-07 22:24:52,484 INFO Epoch 128 Step 110/224 Loss 0.0236
2025-09-07 22:25:05,612 INFO Epoch 128 Step 120/224 Loss 0.0245
2025-09-07 22:25:18,729 INFO Epoch 128 Step 130/224 Loss 0.0272
2025-09-07 22:25:31,851 INFO Epoch 128 Step 140/224 Loss 0.0431
2025-09-07 22:25:44,973 INFO Epoch 128 Step 150/224 Loss 0.0282
2025-09-07 22:25:58,091 INFO Epoch 128 Step 160/224 Loss 0.0323
2025-09-07 22:26:11,218 INFO Epoch 128 Step 170/224 Loss 0.0288
2025-09-07 22:26:24,451 INFO Epoch 128 Step 180/224 Loss 0.0328
2025-09-07 22:26:37,579 INFO Epoch 128 Step 190/224 Loss 0.0384
2025-09-07 22:26:50,694 INFO Epoch 128 Step 200/224 Loss 0.0230
2025-09-07 22:27:03,826 INFO Epoch 128 Step 210/224 Loss 0.0314
2025-09-07 22:27:16,936 INFO Epoch 128 Step 220/224 Loss 0.0259
2025-09-07 22:27:22,176 INFO Epoch 128 Step 224/224 Loss 0.0325
2025-09-07 22:27:22,176 INFO Epoch 128 Training Loss 0.0317
2025-09-07 22:28:12,572 INFO Validation @ epoch 128: individual:
  Engagement:
    accuracy: 0.6575011014938354
    balanced_accuracy: 0.6575011014938354
    mcc: 0.47555574774742126
    f1_micro: 0.7539682388305664
    f1_macro: 0.6388813257217407
    precision_micro: 0.7539682388305664
    precision_macro: 0.6245085000991821
    recall_micro: 0.7539682388305664
    recall_macro: 0.6575011014938354
    f1_per_class: [0.5763779282569885, 0.8480113744735718, 0.49225473403930664]
    precision_per_class: [0.5462686419487, 0.8747252821922302, 0.452531635761261]
    recall_per_class: [0.6100000143051147, 0.822880744934082, 0.5396226644515991]
    auroc_macro: 0.8485616445541382
    auprc_macro: 0.6368632912635803
    auprc_per_class: [0.5373302698135376, 0.93140709400177, 0.4418524503707886]
    specificity_per_class: [0.9114218950271606, 0.6973451375961304, 0.9011993408203125]
    ece: 0.14155152440071106
    confusion_matrix: [[ 183,   81,   36],
       [ 120, 1194,  137],
       [  32,   90,  143]]
  Lead:
    accuracy: 0.596650242805481
    balanced_accuracy: 0.596650242805481
    mcc: 0.364326149225235
    f1_micro: 0.670634925365448
    f1_macro: 0.5720995664596558
    precision_micro: 0.670634925365448
    precision_macro: 0.5572550296783447
    recall_micro: 0.670634925365448
    recall_macro: 0.596650242805481
    f1_per_class: [0.4858756959438324, 0.7769347429275513, 0.45348837971687317]
    precision_per_class: [0.4455958604812622, 0.8251410126686096, 0.40102827548980713]
    recall_per_class: [0.5341615080833435, 0.7340501546859741, 0.52173912525177]
    auroc_macro: 0.7796036601066589
    auprc_macro: 0.5800022482872009
    auprc_per_class: [0.4477161169052124, 0.8740035891532898, 0.4182869791984558]
    specificity_per_class: [0.8736717700958252, 0.6505635976791382, 0.8642981648445129]
    ece: 0.21055375039577484
    confusion_matrix: [[ 172,  117,   33],
       [ 171, 1024,  200],
       [  43,  100,  156]]
loss: 1.0648487636021204
2025-09-07 22:28:29,611 INFO Epoch 129 Step 10/224 Loss 0.0238
2025-09-07 22:28:42,569 INFO Epoch 129 Step 20/224 Loss 0.0291
2025-09-07 22:28:55,620 INFO Epoch 129 Step 30/224 Loss 0.0319
2025-09-07 22:29:08,737 INFO Epoch 129 Step 40/224 Loss 0.0291
2025-09-07 22:29:21,897 INFO Epoch 129 Step 50/224 Loss 0.0319
2025-09-07 22:29:36,072 INFO Epoch 129 Step 60/224 Loss 0.0297
2025-09-07 22:29:49,260 INFO Epoch 129 Step 70/224 Loss 0.0293
2025-09-07 22:30:02,431 INFO Epoch 129 Step 80/224 Loss 0.0302
2025-09-07 22:30:15,619 INFO Epoch 129 Step 90/224 Loss 0.0328
2025-09-07 22:30:28,792 INFO Epoch 129 Step 100/224 Loss 0.0309
2025-09-07 22:30:41,968 INFO Epoch 129 Step 110/224 Loss 0.0392
2025-09-07 22:30:55,138 INFO Epoch 129 Step 120/224 Loss 0.0328
2025-09-07 22:31:08,313 INFO Epoch 129 Step 130/224 Loss 0.0259
2025-09-07 22:31:21,477 INFO Epoch 129 Step 140/224 Loss 0.0266
2025-09-07 22:31:34,634 INFO Epoch 129 Step 150/224 Loss 0.0360
2025-09-07 22:31:47,791 INFO Epoch 129 Step 160/224 Loss 0.0325
2025-09-07 22:32:00,934 INFO Epoch 129 Step 170/224 Loss 0.0336
2025-09-07 22:32:14,222 INFO Epoch 129 Step 180/224 Loss 0.0397
2025-09-07 22:32:27,363 INFO Epoch 129 Step 190/224 Loss 0.0299
2025-09-07 22:32:40,517 INFO Epoch 129 Step 200/224 Loss 0.0203
2025-09-07 22:32:53,653 INFO Epoch 129 Step 210/224 Loss 0.0335
2025-09-07 22:33:07,485 INFO Epoch 129 Step 220/224 Loss 0.0343
2025-09-07 22:33:12,730 INFO Epoch 129 Step 224/224 Loss 0.0186
2025-09-07 22:33:12,730 INFO Epoch 129 Training Loss 0.0308
2025-09-07 22:33:29,784 INFO Epoch 130 Step 10/224 Loss 0.0400
2025-09-07 22:33:42,856 INFO Epoch 130 Step 20/224 Loss 0.0269
2025-09-07 22:33:55,960 INFO Epoch 130 Step 30/224 Loss 0.0328
2025-09-07 22:34:09,060 INFO Epoch 130 Step 40/224 Loss 0.0398
2025-09-07 22:34:22,178 INFO Epoch 130 Step 50/224 Loss 0.0232
2025-09-07 22:34:35,475 INFO Epoch 130 Step 60/224 Loss 0.0361
2025-09-07 22:34:48,586 INFO Epoch 130 Step 70/224 Loss 0.0229
2025-09-07 22:35:01,724 INFO Epoch 130 Step 80/224 Loss 0.0323
2025-09-07 22:35:14,864 INFO Epoch 130 Step 90/224 Loss 0.0355
2025-09-07 22:35:27,995 INFO Epoch 130 Step 100/224 Loss 0.0302
2025-09-07 22:35:41,110 INFO Epoch 130 Step 110/224 Loss 0.0316
2025-09-07 22:35:54,235 INFO Epoch 130 Step 120/224 Loss 0.0320
2025-09-07 22:36:07,348 INFO Epoch 130 Step 130/224 Loss 0.0445
2025-09-07 22:36:20,473 INFO Epoch 130 Step 140/224 Loss 0.0358
2025-09-07 22:36:33,596 INFO Epoch 130 Step 150/224 Loss 0.0194
2025-09-07 22:36:46,716 INFO Epoch 130 Step 160/224 Loss 0.0290
2025-09-07 22:37:00,028 INFO Epoch 130 Step 170/224 Loss 0.0339
2025-09-07 22:37:13,151 INFO Epoch 130 Step 180/224 Loss 0.0300
2025-09-07 22:37:26,273 INFO Epoch 130 Step 190/224 Loss 0.0301
2025-09-07 22:37:39,384 INFO Epoch 130 Step 200/224 Loss 0.0261
2025-09-07 22:37:52,495 INFO Epoch 130 Step 210/224 Loss 0.0240
2025-09-07 22:38:05,596 INFO Epoch 130 Step 220/224 Loss 0.0238
2025-09-07 22:38:10,842 INFO Epoch 130 Step 224/224 Loss 0.0361
2025-09-07 22:38:10,842 INFO Epoch 130 Training Loss 0.0310
2025-09-07 22:38:27,688 INFO Epoch 131 Step 10/224 Loss 0.0308
2025-09-07 22:38:40,733 INFO Epoch 131 Step 20/224 Loss 0.0339
2025-09-07 22:38:53,830 INFO Epoch 131 Step 30/224 Loss 0.0274
2025-09-07 22:39:06,938 INFO Epoch 131 Step 40/224 Loss 0.0271
2025-09-07 22:39:20,044 INFO Epoch 131 Step 50/224 Loss 0.0310
2025-09-07 22:39:33,352 INFO Epoch 131 Step 60/224 Loss 0.0350
2025-09-07 22:39:46,475 INFO Epoch 131 Step 70/224 Loss 0.0177
2025-09-07 22:39:59,600 INFO Epoch 131 Step 80/224 Loss 0.0413
2025-09-07 22:40:12,720 INFO Epoch 131 Step 90/224 Loss 0.0222
2025-09-07 22:40:25,844 INFO Epoch 131 Step 100/224 Loss 0.0278
2025-09-07 22:40:38,957 INFO Epoch 131 Step 110/224 Loss 0.0260
2025-09-07 22:40:52,077 INFO Epoch 131 Step 120/224 Loss 0.0414
2025-09-07 22:41:05,203 INFO Epoch 131 Step 130/224 Loss 0.0302
2025-09-07 22:41:18,318 INFO Epoch 131 Step 140/224 Loss 0.0411
2025-09-07 22:41:31,445 INFO Epoch 131 Step 150/224 Loss 0.0265
2025-09-07 22:41:44,575 INFO Epoch 131 Step 160/224 Loss 0.0380
2025-09-07 22:41:57,802 INFO Epoch 131 Step 170/224 Loss 0.0261
2025-09-07 22:42:10,911 INFO Epoch 131 Step 180/224 Loss 0.0264
2025-09-07 22:42:24,018 INFO Epoch 131 Step 190/224 Loss 0.0181
2025-09-07 22:42:37,141 INFO Epoch 131 Step 200/224 Loss 0.0177
2025-09-07 22:42:50,255 INFO Epoch 131 Step 210/224 Loss 0.0315
2025-09-07 22:43:03,353 INFO Epoch 131 Step 220/224 Loss 0.0371
2025-09-07 22:43:08,602 INFO Epoch 131 Step 224/224 Loss 0.0303
2025-09-07 22:43:08,603 INFO Epoch 131 Training Loss 0.0298
2025-09-07 22:43:25,439 INFO Epoch 132 Step 10/224 Loss 0.0269
2025-09-07 22:43:38,493 INFO Epoch 132 Step 20/224 Loss 0.0199
2025-09-07 22:43:51,578 INFO Epoch 132 Step 30/224 Loss 0.0361
2025-09-07 22:44:04,673 INFO Epoch 132 Step 40/224 Loss 0.0263
2025-09-07 22:44:17,788 INFO Epoch 132 Step 50/224 Loss 0.0262
2025-09-07 22:44:31,078 INFO Epoch 132 Step 60/224 Loss 0.0329
2025-09-07 22:44:44,786 INFO Epoch 132 Step 70/224 Loss 0.0296
2025-09-07 22:44:58,739 INFO Epoch 132 Step 80/224 Loss 0.0279
2025-09-07 22:45:11,837 INFO Epoch 132 Step 90/224 Loss 0.0203
2025-09-07 22:45:24,941 INFO Epoch 132 Step 100/224 Loss 0.0286
2025-09-07 22:45:38,048 INFO Epoch 132 Step 110/224 Loss 0.0247
2025-09-07 22:45:51,175 INFO Epoch 132 Step 120/224 Loss 0.0225
2025-09-07 22:46:04,304 INFO Epoch 132 Step 130/224 Loss 0.0339
2025-09-07 22:46:17,427 INFO Epoch 132 Step 140/224 Loss 0.0226
2025-09-07 22:46:30,558 INFO Epoch 132 Step 150/224 Loss 0.0251
2025-09-07 22:46:43,671 INFO Epoch 132 Step 160/224 Loss 0.0348
2025-09-07 22:46:56,954 INFO Epoch 132 Step 170/224 Loss 0.0423
2025-09-07 22:47:10,080 INFO Epoch 132 Step 180/224 Loss 0.0413
2025-09-07 22:47:23,191 INFO Epoch 132 Step 190/224 Loss 0.0313
2025-09-07 22:47:36,317 INFO Epoch 132 Step 200/224 Loss 0.0257
2025-09-07 22:47:49,446 INFO Epoch 132 Step 210/224 Loss 0.0358
2025-09-07 22:48:02,553 INFO Epoch 132 Step 220/224 Loss 0.0296
2025-09-07 22:48:07,795 INFO Epoch 132 Step 224/224 Loss 0.0461
2025-09-07 22:48:07,795 INFO Epoch 132 Training Loss 0.0296
2025-09-07 22:48:57,956 INFO Validation @ epoch 132: individual:
  Engagement:
    accuracy: 0.6422512531280518
    balanced_accuracy: 0.6422512531280518
    mcc: 0.4586658477783203
    f1_micro: 0.7514880895614624
    f1_macro: 0.6306294202804565
    precision_micro: 0.7514880895614624
    precision_macro: 0.6207518577575684
    recall_micro: 0.7514880895614624
    recall_macro: 0.6422512531280518
    f1_per_class: [0.5568000078201294, 0.8458026051521301, 0.4892857074737549]
    precision_per_class: [0.5353845953941345, 0.862464189529419, 0.4644067883491516]
    recall_per_class: [0.5799999833106995, 0.8297725915908813, 0.5169811248779297]
    auroc_macro: 0.8475809097290039
    auprc_macro: 0.6421141624450684
    auprc_per_class: [0.5303383469581604, 0.929733157157898, 0.46627095341682434]
    specificity_per_class: [0.9120046496391296, 0.6601769924163818, 0.9097658395767212]
    ece: 0.1463354378938675
    confusion_matrix: [[ 174,   96,   30],
       [ 119, 1204,  128],
       [  32,   96,  137]]
  Lead:
    accuracy: 0.5999960899353027
    balanced_accuracy: 0.5999960899353027
    mcc: 0.3734588325023651
    f1_micro: 0.6810516119003296
    f1_macro: 0.5798329710960388
    precision_micro: 0.6810516119003296
    precision_macro: 0.566226601600647
    recall_micro: 0.6810516119003296
    recall_macro: 0.5999960899353027
    f1_per_class: [0.49067431688308716, 0.7854463458061218, 0.4633781909942627]
    precision_per_class: [0.4560000002384186, 0.8237608075141907, 0.4189189076423645]
    recall_per_class: [0.5310559272766113, 0.750537633895874, 0.5183946490287781]
    auroc_macro: 0.774932861328125
    auprc_macro: 0.575351357460022
    auprc_per_class: [0.4362137019634247, 0.8676055073738098, 0.4222347140312195]
    specificity_per_class: [0.8795749545097351, 0.6392914652824402, 0.874781608581543]
    ece: 0.21066124737262726
    confusion_matrix: [[ 171,  119,   32],
       [ 165, 1047,  183],
       [  39,  105,  155]]
loss: 1.1553863343738375
2025-09-07 22:49:15,092 INFO Epoch 133 Step 10/224 Loss 0.0299
2025-09-07 22:49:28,040 INFO Epoch 133 Step 20/224 Loss 0.0393
2025-09-07 22:49:41,107 INFO Epoch 133 Step 30/224 Loss 0.0257
2025-09-07 22:49:54,228 INFO Epoch 133 Step 40/224 Loss 0.0253
2025-09-07 22:50:07,567 INFO Epoch 133 Step 50/224 Loss 0.0345
2025-09-07 22:50:20,748 INFO Epoch 133 Step 60/224 Loss 0.0216
2025-09-07 22:50:33,923 INFO Epoch 133 Step 70/224 Loss 0.0287
2025-09-07 22:50:47,101 INFO Epoch 133 Step 80/224 Loss 0.0403
2025-09-07 22:51:00,368 INFO Epoch 133 Step 90/224 Loss 0.0154
2025-09-07 22:51:13,524 INFO Epoch 133 Step 100/224 Loss 0.0232
2025-09-07 22:51:26,698 INFO Epoch 133 Step 110/224 Loss 0.0297
2025-09-07 22:51:39,862 INFO Epoch 133 Step 120/224 Loss 0.0382
2025-09-07 22:51:53,026 INFO Epoch 133 Step 130/224 Loss 0.0244
2025-09-07 22:52:06,178 INFO Epoch 133 Step 140/224 Loss 0.0336
2025-09-07 22:52:19,334 INFO Epoch 133 Step 150/224 Loss 0.0307
2025-09-07 22:52:32,675 INFO Epoch 133 Step 160/224 Loss 0.0216
2025-09-07 22:52:45,795 INFO Epoch 133 Step 170/224 Loss 0.0198
2025-09-07 22:52:58,940 INFO Epoch 133 Step 180/224 Loss 0.0245
2025-09-07 22:53:12,068 INFO Epoch 133 Step 190/224 Loss 0.0293
2025-09-07 22:53:25,203 INFO Epoch 133 Step 200/224 Loss 0.0461
2025-09-07 22:53:38,347 INFO Epoch 133 Step 210/224 Loss 0.0277
2025-09-07 22:53:51,458 INFO Epoch 133 Step 220/224 Loss 0.0312
2025-09-07 22:53:56,696 INFO Epoch 133 Step 224/224 Loss 0.0398
2025-09-07 22:53:56,697 INFO Epoch 133 Training Loss 0.0293
2025-09-07 22:54:13,528 INFO Epoch 134 Step 10/224 Loss 0.0341
2025-09-07 22:54:26,592 INFO Epoch 134 Step 20/224 Loss 0.0216
2025-09-07 22:54:39,702 INFO Epoch 134 Step 30/224 Loss 0.0269
2025-09-07 22:54:52,808 INFO Epoch 134 Step 40/224 Loss 0.0265
2025-09-07 22:55:06,022 INFO Epoch 134 Step 50/224 Loss 0.0192
2025-09-07 22:55:19,145 INFO Epoch 134 Step 60/224 Loss 0.0181
2025-09-07 22:55:32,260 INFO Epoch 134 Step 70/224 Loss 0.0224
2025-09-07 22:55:45,393 INFO Epoch 134 Step 80/224 Loss 0.0216
2025-09-07 22:55:58,519 INFO Epoch 134 Step 90/224 Loss 0.0202
2025-09-07 22:56:11,630 INFO Epoch 134 Step 100/224 Loss 0.0362
2025-09-07 22:56:24,760 INFO Epoch 134 Step 110/224 Loss 0.0345
2025-09-07 22:56:37,884 INFO Epoch 134 Step 120/224 Loss 0.0223
2025-09-07 22:56:50,995 INFO Epoch 134 Step 130/224 Loss 0.0237
2025-09-07 22:57:04,114 INFO Epoch 134 Step 140/224 Loss 0.0267
2025-09-07 22:57:17,233 INFO Epoch 134 Step 150/224 Loss 0.0425
2025-09-07 22:57:30,509 INFO Epoch 134 Step 160/224 Loss 0.0219
2025-09-07 22:57:43,618 INFO Epoch 134 Step 170/224 Loss 0.0261
2025-09-07 22:57:56,733 INFO Epoch 134 Step 180/224 Loss 0.0290
2025-09-07 22:58:09,845 INFO Epoch 134 Step 190/224 Loss 0.0322
2025-09-07 22:58:23,137 INFO Epoch 134 Step 200/224 Loss 0.0308
2025-09-07 22:58:36,248 INFO Epoch 134 Step 210/224 Loss 0.0216
2025-09-07 22:58:49,342 INFO Epoch 134 Step 220/224 Loss 0.0225
2025-09-07 22:58:54,585 INFO Epoch 134 Step 224/224 Loss 0.0169
2025-09-07 22:58:54,585 INFO Epoch 134 Training Loss 0.0262
2025-09-07 22:59:11,358 INFO Epoch 135 Step 10/224 Loss 0.0199
2025-09-07 22:59:24,410 INFO Epoch 135 Step 20/224 Loss 0.0266
2025-09-07 22:59:37,500 INFO Epoch 135 Step 30/224 Loss 0.0239
2025-09-07 22:59:50,587 INFO Epoch 135 Step 40/224 Loss 0.0195
2025-09-07 23:00:03,855 INFO Epoch 135 Step 50/224 Loss 0.0175
2025-09-07 23:00:16,966 INFO Epoch 135 Step 60/224 Loss 0.0269
2025-09-07 23:00:30,077 INFO Epoch 135 Step 70/224 Loss 0.0314
2025-09-07 23:00:43,192 INFO Epoch 135 Step 80/224 Loss 0.0254
2025-09-07 23:00:56,310 INFO Epoch 135 Step 90/224 Loss 0.0214
2025-09-07 23:01:09,432 INFO Epoch 135 Step 100/224 Loss 0.0239
2025-09-07 23:01:22,549 INFO Epoch 135 Step 110/224 Loss 0.0234
2025-09-07 23:01:35,662 INFO Epoch 135 Step 120/224 Loss 0.0168
2025-09-07 23:01:48,787 INFO Epoch 135 Step 130/224 Loss 0.0255
2025-09-07 23:02:01,899 INFO Epoch 135 Step 140/224 Loss 0.0270
2025-09-07 23:02:15,022 INFO Epoch 135 Step 150/224 Loss 0.0296
2025-09-07 23:02:28,275 INFO Epoch 135 Step 160/224 Loss 0.0289
2025-09-07 23:02:41,387 INFO Epoch 135 Step 170/224 Loss 0.0318
2025-09-07 23:02:54,504 INFO Epoch 135 Step 180/224 Loss 0.0325
2025-09-07 23:03:07,601 INFO Epoch 135 Step 190/224 Loss 0.0336
2025-09-07 23:03:20,717 INFO Epoch 135 Step 200/224 Loss 0.0351
2025-09-07 23:03:33,825 INFO Epoch 135 Step 210/224 Loss 0.0258
2025-09-07 23:03:46,926 INFO Epoch 135 Step 220/224 Loss 0.0332
2025-09-07 23:03:52,162 INFO Epoch 135 Step 224/224 Loss 0.0359
2025-09-07 23:03:52,162 INFO Epoch 135 Training Loss 0.0265
2025-09-07 23:04:09,211 INFO Epoch 136 Step 10/224 Loss 0.0269
2025-09-07 23:04:22,266 INFO Epoch 136 Step 20/224 Loss 0.0212
2025-09-07 23:04:35,355 INFO Epoch 136 Step 30/224 Loss 0.0333
2025-09-07 23:04:48,582 INFO Epoch 136 Step 40/224 Loss 0.0268
2025-09-07 23:05:01,672 INFO Epoch 136 Step 50/224 Loss 0.0308
2025-09-07 23:05:14,794 INFO Epoch 136 Step 60/224 Loss 0.0376
2025-09-07 23:05:27,907 INFO Epoch 136 Step 70/224 Loss 0.0249
2025-09-07 23:05:41,032 INFO Epoch 136 Step 80/224 Loss 0.0232
2025-09-07 23:05:54,640 INFO Epoch 136 Step 90/224 Loss 0.0255
2025-09-07 23:06:07,757 INFO Epoch 136 Step 100/224 Loss 0.0289
2025-09-07 23:06:20,882 INFO Epoch 136 Step 110/224 Loss 0.0349
2025-09-07 23:06:34,002 INFO Epoch 136 Step 120/224 Loss 0.0300
2025-09-07 23:06:47,114 INFO Epoch 136 Step 130/224 Loss 0.0296
2025-09-07 23:07:00,223 INFO Epoch 136 Step 140/224 Loss 0.0208
2025-09-07 23:07:13,536 INFO Epoch 136 Step 150/224 Loss 0.0316
2025-09-07 23:07:26,634 INFO Epoch 136 Step 160/224 Loss 0.0301
2025-09-07 23:07:39,745 INFO Epoch 136 Step 170/224 Loss 0.0219
2025-09-07 23:07:52,858 INFO Epoch 136 Step 180/224 Loss 0.0249
2025-09-07 23:08:05,972 INFO Epoch 136 Step 190/224 Loss 0.0220
2025-09-07 23:08:19,080 INFO Epoch 136 Step 200/224 Loss 0.0239
2025-09-07 23:08:32,197 INFO Epoch 136 Step 210/224 Loss 0.0401
2025-09-07 23:08:45,305 INFO Epoch 136 Step 220/224 Loss 0.0323
2025-09-07 23:08:50,546 INFO Epoch 136 Step 224/224 Loss 0.0347
2025-09-07 23:08:50,546 INFO Epoch 136 Training Loss 0.0283
2025-09-07 23:09:41,219 INFO Validation @ epoch 136: individual:
  Engagement:
    accuracy: 0.6428461670875549
    balanced_accuracy: 0.6428461670875549
    mcc: 0.4559459984302521
    f1_micro: 0.7480158805847168
    f1_macro: 0.6284980773925781
    precision_micro: 0.7480158805847168
    precision_macro: 0.616766095161438
    recall_micro: 0.7480158805847168
    recall_macro: 0.6428461670875549
    f1_per_class: [0.5483359694480896, 0.843330979347229, 0.4938271641731262]
    precision_per_class: [0.5226585865020752, 0.8640636205673218, 0.46357616782188416]
    recall_per_class: [0.5766666531562805, 0.8235699534416199, 0.5283018946647644]
    auroc_macro: 0.8480790853500366
    auprc_macro: 0.6390753984451294
    auprc_per_class: [0.5300703048706055, 0.9310529828071594, 0.45610278844833374]
    specificity_per_class: [0.9079254269599915, 0.6672566533088684, 0.9074814319610596]
    ece: 0.15035273134708405
    confusion_matrix: [[ 173,   95,   32],
       [ 126, 1195,  130],
       [  32,   93,  140]]
  Lead:
    accuracy: 0.603420615196228
    balanced_accuracy: 0.603420615196228
    mcc: 0.3796127736568451
    f1_micro: 0.6860119104385376
    f1_macro: 0.5845239162445068
    precision_micro: 0.6860119104385376
    precision_macro: 0.5713481903076172
    recall_micro: 0.6860119104385376
    recall_macro: 0.603420615196228
    f1_per_class: [0.4891461730003357, 0.7892376780509949, 0.4751879572868347]
    precision_per_class: [0.45799458026885986, 0.824355959892273, 0.43169400095939636]
    recall_per_class: [0.5248447060585022, 0.7569892406463623, 0.5284280776977539]
    auroc_macro: 0.7768754959106445
    auprc_macro: 0.5732058882713318
    auprc_per_class: [0.4292460083961487, 0.8725680708885193, 0.4178035259246826]
    specificity_per_class: [0.881936252117157, 0.6376811861991882, 0.8788584470748901]
    ece: 0.21316573023796082
    confusion_matrix: [[ 169,  120,   33],
       [ 164, 1056,  175],
       [  36,  105,  158]]
loss: 1.1890376863025485
2025-09-07 23:09:57,961 INFO Epoch 137 Step 10/224 Loss 0.0253
2025-09-07 23:10:10,928 INFO Epoch 137 Step 20/224 Loss 0.0197
2025-09-07 23:10:23,980 INFO Epoch 137 Step 30/224 Loss 0.0335
2025-09-07 23:10:37,194 INFO Epoch 137 Step 40/224 Loss 0.0323
2025-09-07 23:10:50,311 INFO Epoch 137 Step 50/224 Loss 0.0273
2025-09-07 23:11:03,482 INFO Epoch 137 Step 60/224 Loss 0.0209
2025-09-07 23:11:16,650 INFO Epoch 137 Step 70/224 Loss 0.0218
2025-09-07 23:11:29,822 INFO Epoch 137 Step 80/224 Loss 0.0345
2025-09-07 23:11:42,989 INFO Epoch 137 Step 90/224 Loss 0.0397
2025-09-07 23:11:56,147 INFO Epoch 137 Step 100/224 Loss 0.0223
2025-09-07 23:12:09,317 INFO Epoch 137 Step 110/224 Loss 0.0225
2025-09-07 23:12:22,489 INFO Epoch 137 Step 120/224 Loss 0.0230
2025-09-07 23:12:35,638 INFO Epoch 137 Step 130/224 Loss 0.0232
2025-09-07 23:12:48,801 INFO Epoch 137 Step 140/224 Loss 0.0288
2025-09-07 23:13:02,060 INFO Epoch 137 Step 150/224 Loss 0.0296
2025-09-07 23:13:15,206 INFO Epoch 137 Step 160/224 Loss 0.0296
2025-09-07 23:13:28,350 INFO Epoch 137 Step 170/224 Loss 0.0337
2025-09-07 23:13:41,477 INFO Epoch 137 Step 180/224 Loss 0.0327
2025-09-07 23:13:54,628 INFO Epoch 137 Step 190/224 Loss 0.0177
2025-09-07 23:14:07,769 INFO Epoch 137 Step 200/224 Loss 0.0266
2025-09-07 23:14:20,961 INFO Epoch 137 Step 210/224 Loss 0.0235
2025-09-07 23:14:34,074 INFO Epoch 137 Step 220/224 Loss 0.0329
2025-09-07 23:14:39,326 INFO Epoch 137 Step 224/224 Loss 0.0217
2025-09-07 23:14:39,326 INFO Epoch 137 Training Loss 0.0272
2025-09-07 23:14:56,034 INFO Epoch 138 Step 10/224 Loss 0.0238
2025-09-07 23:15:09,104 INFO Epoch 138 Step 20/224 Loss 0.0182
2025-09-07 23:15:22,207 INFO Epoch 138 Step 30/224 Loss 0.0261
2025-09-07 23:15:35,520 INFO Epoch 138 Step 40/224 Loss 0.0232
2025-09-07 23:15:48,639 INFO Epoch 138 Step 50/224 Loss 0.0290
2025-09-07 23:16:01,749 INFO Epoch 138 Step 60/224 Loss 0.0222
2025-09-07 23:16:14,885 INFO Epoch 138 Step 70/224 Loss 0.0312
2025-09-07 23:16:28,012 INFO Epoch 138 Step 80/224 Loss 0.0272
2025-09-07 23:16:41,136 INFO Epoch 138 Step 90/224 Loss 0.0239
2025-09-07 23:16:54,255 INFO Epoch 138 Step 100/224 Loss 0.0301
2025-09-07 23:17:07,370 INFO Epoch 138 Step 110/224 Loss 0.0360
2025-09-07 23:17:20,501 INFO Epoch 138 Step 120/224 Loss 0.0371
2025-09-07 23:17:33,615 INFO Epoch 138 Step 130/224 Loss 0.0276
2025-09-07 23:17:46,737 INFO Epoch 138 Step 140/224 Loss 0.0365
2025-09-07 23:18:00,047 INFO Epoch 138 Step 150/224 Loss 0.0224
2025-09-07 23:18:13,168 INFO Epoch 138 Step 160/224 Loss 0.0251
2025-09-07 23:18:26,259 INFO Epoch 138 Step 170/224 Loss 0.0229
2025-09-07 23:18:39,378 INFO Epoch 138 Step 180/224 Loss 0.0332
2025-09-07 23:18:52,477 INFO Epoch 138 Step 190/224 Loss 0.0296
2025-09-07 23:19:05,595 INFO Epoch 138 Step 200/224 Loss 0.0292
2025-09-07 23:19:18,727 INFO Epoch 138 Step 210/224 Loss 0.0295
2025-09-07 23:19:31,820 INFO Epoch 138 Step 220/224 Loss 0.0280
2025-09-07 23:19:37,058 INFO Epoch 138 Step 224/224 Loss 0.0258
2025-09-07 23:19:37,058 INFO Epoch 138 Training Loss 0.0278
2025-09-07 23:19:53,787 INFO Epoch 139 Step 10/224 Loss 0.0301
2025-09-07 23:20:06,842 INFO Epoch 139 Step 20/224 Loss 0.0219
2025-09-07 23:20:20,072 INFO Epoch 139 Step 30/224 Loss 0.0213
2025-09-07 23:20:33,190 INFO Epoch 139 Step 40/224 Loss 0.0252
2025-09-07 23:20:46,302 INFO Epoch 139 Step 50/224 Loss 0.0201
2025-09-07 23:20:59,412 INFO Epoch 139 Step 60/224 Loss 0.0275
2025-09-07 23:21:12,544 INFO Epoch 139 Step 70/224 Loss 0.0467
2025-09-07 23:21:25,660 INFO Epoch 139 Step 80/224 Loss 0.0182
2025-09-07 23:21:38,779 INFO Epoch 139 Step 90/224 Loss 0.0246
2025-09-07 23:21:51,897 INFO Epoch 139 Step 100/224 Loss 0.0267
2025-09-07 23:22:05,222 INFO Epoch 139 Step 110/224 Loss 0.0287
2025-09-07 23:22:18,338 INFO Epoch 139 Step 120/224 Loss 0.0277
2025-09-07 23:22:31,457 INFO Epoch 139 Step 130/224 Loss 0.0384
2025-09-07 23:22:44,554 INFO Epoch 139 Step 140/224 Loss 0.0316
2025-09-07 23:22:57,851 INFO Epoch 139 Step 150/224 Loss 0.0245
2025-09-07 23:23:10,963 INFO Epoch 139 Step 160/224 Loss 0.0183
2025-09-07 23:23:24,079 INFO Epoch 139 Step 170/224 Loss 0.0242
2025-09-07 23:23:37,197 INFO Epoch 139 Step 180/224 Loss 0.0244
2025-09-07 23:23:50,312 INFO Epoch 139 Step 190/224 Loss 0.0246
2025-09-07 23:24:03,436 INFO Epoch 139 Step 200/224 Loss 0.0273
2025-09-07 23:24:16,558 INFO Epoch 139 Step 210/224 Loss 0.0319
2025-09-07 23:24:29,653 INFO Epoch 139 Step 220/224 Loss 0.0280
2025-09-07 23:24:34,897 INFO Epoch 139 Step 224/224 Loss 0.0567
2025-09-07 23:24:34,897 INFO Epoch 139 Training Loss 0.0274
2025-09-07 23:24:51,537 INFO Epoch 140 Step 10/224 Loss 0.0297
2025-09-07 23:25:04,584 INFO Epoch 140 Step 20/224 Loss 0.0300
2025-09-07 23:25:17,838 INFO Epoch 140 Step 30/224 Loss 0.0237
2025-09-07 23:25:30,922 INFO Epoch 140 Step 40/224 Loss 0.0189
2025-09-07 23:25:44,036 INFO Epoch 140 Step 50/224 Loss 0.0282
2025-09-07 23:25:57,144 INFO Epoch 140 Step 60/224 Loss 0.0243
2025-09-07 23:26:10,248 INFO Epoch 140 Step 70/224 Loss 0.0289
2025-09-07 23:26:23,356 INFO Epoch 140 Step 80/224 Loss 0.0272
2025-09-07 23:26:36,474 INFO Epoch 140 Step 90/224 Loss 0.0124
2025-09-07 23:26:49,586 INFO Epoch 140 Step 100/224 Loss 0.0205
2025-09-07 23:27:02,689 INFO Epoch 140 Step 110/224 Loss 0.0258
2025-09-07 23:27:15,797 INFO Epoch 140 Step 120/224 Loss 0.0212
2025-09-07 23:27:28,896 INFO Epoch 140 Step 130/224 Loss 0.0330
2025-09-07 23:27:42,162 INFO Epoch 140 Step 140/224 Loss 0.0238
2025-09-07 23:27:55,272 INFO Epoch 140 Step 150/224 Loss 0.0232
2025-09-07 23:28:08,381 INFO Epoch 140 Step 160/224 Loss 0.0204
2025-09-07 23:28:21,484 INFO Epoch 140 Step 170/224 Loss 0.0216
2025-09-07 23:28:34,594 INFO Epoch 140 Step 180/224 Loss 0.0197
2025-09-07 23:28:47,704 INFO Epoch 140 Step 190/224 Loss 0.0216
2025-09-07 23:29:00,801 INFO Epoch 140 Step 200/224 Loss 0.0448
2025-09-07 23:29:13,910 INFO Epoch 140 Step 210/224 Loss 0.0257
2025-09-07 23:29:26,994 INFO Epoch 140 Step 220/224 Loss 0.0380
2025-09-07 23:29:32,231 INFO Epoch 140 Step 224/224 Loss 0.0328
2025-09-07 23:29:32,232 INFO Epoch 140 Training Loss 0.0257
2025-09-07 23:30:22,347 INFO Validation @ epoch 140: individual:
  Engagement:
    accuracy: 0.6394795179367065
    balanced_accuracy: 0.6394795179367065
    mcc: 0.4567164182662964
    f1_micro: 0.752480149269104
    f1_macro: 0.6301829218864441
    precision_micro: 0.752480149269104
    precision_macro: 0.6220247745513916
    recall_micro: 0.752480149269104
    recall_macro: 0.6394795179367065
    f1_per_class: [0.5582137107849121, 0.8460462093353271, 0.486288845539093]
    precision_per_class: [0.5351681709289551, 0.8592750430107117, 0.4716311991214752]
    recall_per_class: [0.5833333134651184, 0.8332184553146362, 0.501886785030365]
    auroc_macro: 0.8481305837631226
    auprc_macro: 0.6391351222991943
    auprc_per_class: [0.5421339273452759, 0.9310368299484253, 0.4442344903945923]
    specificity_per_class: [0.9114218950271606, 0.6495575308799744, 0.9149057865142822]
    ece: 0.14931540191173553
    confusion_matrix: [[ 175,   97,   28],
       [ 121, 1209,  121],
       [  31,  101,  133]]
  Lead:
    accuracy: 0.584788978099823
    balanced_accuracy: 0.584788978099823
    mcc: 0.3662046790122986
    f1_micro: 0.689980149269104
    f1_macro: 0.5762007236480713
    precision_micro: 0.689980149269104
    precision_macro: 0.5691295862197876
    recall_micro: 0.689980149269104
    recall_macro: 0.584788978099823
    f1_per_class: [0.4924471378326416, 0.7959034442901611, 0.44025155901908875]
    precision_per_class: [0.4794117510318756, 0.8125466704368591, 0.4154302775859833]
    recall_per_class: [0.5062111616134644, 0.7799283266067505, 0.46822741627693176]
    auroc_macro: 0.7766933441162109
    auprc_macro: 0.5761083364486694
    auprc_per_class: [0.4390168786048889, 0.8739493489265442, 0.41535866260528564]
    specificity_per_class: [0.8955135941505432, 0.5958132147789001, 0.8852649927139282]
    ece: 0.21413913369178772
    confusion_matrix: [[ 163,  125,   34],
       [ 144, 1088,  163],
       [  33,  126,  140]]
loss: 1.2427347274053664
2025-09-07 23:30:39,140 INFO Epoch 141 Step 10/224 Loss 0.0214
2025-09-07 23:30:52,085 INFO Epoch 141 Step 20/224 Loss 0.0344
2025-09-07 23:31:05,244 INFO Epoch 141 Step 30/224 Loss 0.0221
2025-09-07 23:31:18,353 INFO Epoch 141 Step 40/224 Loss 0.0203
2025-09-07 23:31:31,649 INFO Epoch 141 Step 50/224 Loss 0.0301
2025-09-07 23:31:44,807 INFO Epoch 141 Step 60/224 Loss 0.0175
2025-09-07 23:31:57,971 INFO Epoch 141 Step 70/224 Loss 0.0211
2025-09-07 23:32:11,145 INFO Epoch 141 Step 80/224 Loss 0.0372
2025-09-07 23:32:24,303 INFO Epoch 141 Step 90/224 Loss 0.0303
2025-09-07 23:32:37,466 INFO Epoch 141 Step 100/224 Loss 0.0300
2025-09-07 23:32:50,626 INFO Epoch 141 Step 110/224 Loss 0.0322
2025-09-07 23:33:03,778 INFO Epoch 141 Step 120/224 Loss 0.0201
2025-09-07 23:33:16,914 INFO Epoch 141 Step 130/224 Loss 0.0176
2025-09-07 23:33:30,175 INFO Epoch 141 Step 140/224 Loss 0.0254
2025-09-07 23:33:43,292 INFO Epoch 141 Step 150/224 Loss 0.0209
2025-09-07 23:33:56,428 INFO Epoch 141 Step 160/224 Loss 0.0248
2025-09-07 23:34:09,555 INFO Epoch 141 Step 170/224 Loss 0.0259
2025-09-07 23:34:22,677 INFO Epoch 141 Step 180/224 Loss 0.0316
2025-09-07 23:34:35,812 INFO Epoch 141 Step 190/224 Loss 0.0276
2025-09-07 23:34:48,946 INFO Epoch 141 Step 200/224 Loss 0.0161
2025-09-07 23:35:02,063 INFO Epoch 141 Step 210/224 Loss 0.0300
2025-09-07 23:35:15,171 INFO Epoch 141 Step 220/224 Loss 0.0237
2025-09-07 23:35:20,409 INFO Epoch 141 Step 224/224 Loss 0.0149
2025-09-07 23:35:20,409 INFO Epoch 141 Training Loss 0.0253
2025-09-07 23:35:37,413 INFO Epoch 142 Step 10/224 Loss 0.0375
2025-09-07 23:35:50,460 INFO Epoch 142 Step 20/224 Loss 0.0312
2025-09-07 23:36:03,737 INFO Epoch 142 Step 30/224 Loss 0.0158
2025-09-07 23:36:16,828 INFO Epoch 142 Step 40/224 Loss 0.0281
2025-09-07 23:36:29,950 INFO Epoch 142 Step 50/224 Loss 0.0204
2025-09-07 23:36:43,067 INFO Epoch 142 Step 60/224 Loss 0.0162
2025-09-07 23:36:56,165 INFO Epoch 142 Step 70/224 Loss 0.0138
2025-09-07 23:37:09,288 INFO Epoch 142 Step 80/224 Loss 0.0291
2025-09-07 23:37:22,408 INFO Epoch 142 Step 90/224 Loss 0.0261
2025-09-07 23:37:35,523 INFO Epoch 142 Step 100/224 Loss 0.0219
2025-09-07 23:37:48,632 INFO Epoch 142 Step 110/224 Loss 0.0200
2025-09-07 23:38:01,740 INFO Epoch 142 Step 120/224 Loss 0.0213
2025-09-07 23:38:14,858 INFO Epoch 142 Step 130/224 Loss 0.0174
2025-09-07 23:38:28,145 INFO Epoch 142 Step 140/224 Loss 0.0231
2025-09-07 23:38:41,263 INFO Epoch 142 Step 150/224 Loss 0.0339
2025-09-07 23:38:54,362 INFO Epoch 142 Step 160/224 Loss 0.0236
2025-09-07 23:39:07,468 INFO Epoch 142 Step 170/224 Loss 0.0322
2025-09-07 23:39:20,586 INFO Epoch 142 Step 180/224 Loss 0.0123
2025-09-07 23:39:33,691 INFO Epoch 142 Step 190/224 Loss 0.0255
2025-09-07 23:39:46,789 INFO Epoch 142 Step 200/224 Loss 0.0234
2025-09-07 23:39:59,896 INFO Epoch 142 Step 210/224 Loss 0.0210
2025-09-07 23:40:13,077 INFO Epoch 142 Step 220/224 Loss 0.0250
2025-09-07 23:40:18,310 INFO Epoch 142 Step 224/224 Loss 0.0128
2025-09-07 23:40:18,310 INFO Epoch 142 Training Loss 0.0234
2025-09-07 23:40:35,057 INFO Epoch 143 Step 10/224 Loss 0.0221
2025-09-07 23:40:48,272 INFO Epoch 143 Step 20/224 Loss 0.0284
2025-09-07 23:41:01,346 INFO Epoch 143 Step 30/224 Loss 0.0233
2025-09-07 23:41:14,445 INFO Epoch 143 Step 40/224 Loss 0.0176
2025-09-07 23:41:27,555 INFO Epoch 143 Step 50/224 Loss 0.0218
2025-09-07 23:41:40,658 INFO Epoch 143 Step 60/224 Loss 0.0267
2025-09-07 23:41:53,766 INFO Epoch 143 Step 70/224 Loss 0.0220
2025-09-07 23:42:06,871 INFO Epoch 143 Step 80/224 Loss 0.0144
2025-09-07 23:42:19,989 INFO Epoch 143 Step 90/224 Loss 0.0340
2025-09-07 23:42:33,096 INFO Epoch 143 Step 100/224 Loss 0.0159
2025-09-07 23:42:46,205 INFO Epoch 143 Step 110/224 Loss 0.0167
2025-09-07 23:42:59,315 INFO Epoch 143 Step 120/224 Loss 0.0205
2025-09-07 23:43:12,518 INFO Epoch 143 Step 130/224 Loss 0.0322
2025-09-07 23:43:25,623 INFO Epoch 143 Step 140/224 Loss 0.0223
2025-09-07 23:43:38,732 INFO Epoch 143 Step 150/224 Loss 0.0290
2025-09-07 23:43:51,840 INFO Epoch 143 Step 160/224 Loss 0.0157
2025-09-07 23:44:04,951 INFO Epoch 143 Step 170/224 Loss 0.0244
2025-09-07 23:44:18,053 INFO Epoch 143 Step 180/224 Loss 0.0262
2025-09-07 23:44:31,164 INFO Epoch 143 Step 190/224 Loss 0.0334
2025-09-07 23:44:44,262 INFO Epoch 143 Step 200/224 Loss 0.0175
2025-09-07 23:44:57,715 INFO Epoch 143 Step 210/224 Loss 0.0248
2025-09-07 23:45:10,808 INFO Epoch 143 Step 220/224 Loss 0.0328
2025-09-07 23:45:16,037 INFO Epoch 143 Step 224/224 Loss 0.0223
2025-09-07 23:45:16,037 INFO Epoch 143 Training Loss 0.0237
2025-09-07 23:45:32,796 INFO Epoch 144 Step 10/224 Loss 0.0163
2025-09-07 23:45:46,006 INFO Epoch 144 Step 20/224 Loss 0.0197
2025-09-07 23:45:59,078 INFO Epoch 144 Step 30/224 Loss 0.0388
2025-09-07 23:46:12,155 INFO Epoch 144 Step 40/224 Loss 0.0185
2025-09-07 23:46:25,263 INFO Epoch 144 Step 50/224 Loss 0.0283
2025-09-07 23:46:38,373 INFO Epoch 144 Step 60/224 Loss 0.0189
2025-09-07 23:46:51,460 INFO Epoch 144 Step 70/224 Loss 0.0202
2025-09-07 23:47:04,571 INFO Epoch 144 Step 80/224 Loss 0.0269
2025-09-07 23:47:17,682 INFO Epoch 144 Step 90/224 Loss 0.0210
2025-09-07 23:47:30,790 INFO Epoch 144 Step 100/224 Loss 0.0193
2025-09-07 23:47:43,895 INFO Epoch 144 Step 110/224 Loss 0.0219
2025-09-07 23:47:57,007 INFO Epoch 144 Step 120/224 Loss 0.0199
2025-09-07 23:48:10,305 INFO Epoch 144 Step 130/224 Loss 0.0261
2025-09-07 23:48:23,402 INFO Epoch 144 Step 140/224 Loss 0.0282
2025-09-07 23:48:36,503 INFO Epoch 144 Step 150/224 Loss 0.0294
2025-09-07 23:48:49,593 INFO Epoch 144 Step 160/224 Loss 0.0351
2025-09-07 23:49:02,693 INFO Epoch 144 Step 170/224 Loss 0.0166
2025-09-07 23:49:15,808 INFO Epoch 144 Step 180/224 Loss 0.0263
2025-09-07 23:49:28,914 INFO Epoch 144 Step 190/224 Loss 0.0233
2025-09-07 23:49:42,014 INFO Epoch 144 Step 200/224 Loss 0.0265
2025-09-07 23:49:55,127 INFO Epoch 144 Step 210/224 Loss 0.0184
2025-09-07 23:50:08,226 INFO Epoch 144 Step 220/224 Loss 0.0240
2025-09-07 23:50:13,457 INFO Epoch 144 Step 224/224 Loss 0.0067
2025-09-07 23:50:13,458 INFO Epoch 144 Training Loss 0.0235
2025-09-07 23:51:03,445 INFO Validation @ epoch 144: individual:
  Engagement:
    accuracy: 0.652480959892273
    balanced_accuracy: 0.652480959892273
    mcc: 0.4715748131275177
    f1_micro: 0.7564483880996704
    f1_macro: 0.6391584873199463
    precision_micro: 0.7564483880996704
    precision_macro: 0.6281294822692871
    recall_micro: 0.7564483880996704
    recall_macro: 0.652480959892273
    f1_per_class: [0.5700934529304504, 0.8482928276062012, 0.49908924102783203]
    precision_per_class: [0.5350877046585083, 0.866906464099884, 0.48239436745643616]
    recall_per_class: [0.6100000143051147, 0.8304617404937744, 0.5169811248779297]
    auroc_macro: 0.8484184145927429
    auprc_macro: 0.6389828324317932
    auprc_per_class: [0.5333670973777771, 0.9315690398216248, 0.452012300491333]
    specificity_per_class: [0.9073426723480225, 0.6725663542747498, 0.916047990322113]
    ece: 0.15619125962257385
    confusion_matrix: [[ 183,   90,   27],
       [ 126, 1205,  120],
       [  33,   95,  137]]
  Lead:
    accuracy: 0.596095085144043
    balanced_accuracy: 0.596095085144043
    mcc: 0.3759928047657013
    f1_micro: 0.6855158805847168
    f1_macro: 0.5791168212890625
    precision_micro: 0.6855158805847168
    precision_macro: 0.5670520067214966
    recall_micro: 0.6855158805847168
    recall_macro: 0.596095085144043
    f1_per_class: [0.49275362491607666, 0.7923965454101562, 0.4522002935409546]
    precision_per_class: [0.46195653080940247, 0.8253105878829956, 0.4138889014720917]
    recall_per_class: [0.5279502868652344, 0.7620071768760681, 0.49832776188850403]
    auroc_macro: 0.7741464376449585
    auprc_macro: 0.5776918530464172
    auprc_per_class: [0.43459874391555786, 0.8722048997879028, 0.42627185583114624]
    specificity_per_class: [0.8831169009208679, 0.6376811861991882, 0.8771112561225891]
    ece: 0.2242567092180252
    confusion_matrix: [[ 170,  118,   34],
       [ 155, 1063,  177],
       [  43,  107,  149]]
loss: 1.3164107004801433
2025-09-07 23:51:20,009 INFO Epoch 145 Step 10/224 Loss 0.0295
2025-09-07 23:51:33,068 INFO Epoch 145 Step 20/224 Loss 0.0192
2025-09-07 23:51:46,139 INFO Epoch 145 Step 30/224 Loss 0.0160
2025-09-07 23:51:59,233 INFO Epoch 145 Step 40/224 Loss 0.0172
2025-09-07 23:52:12,368 INFO Epoch 145 Step 50/224 Loss 0.0324
2025-09-07 23:52:25,532 INFO Epoch 145 Step 60/224 Loss 0.0181
2025-09-07 23:52:38,686 INFO Epoch 145 Step 70/224 Loss 0.0209
2025-09-07 23:52:51,846 INFO Epoch 145 Step 80/224 Loss 0.0177
2025-09-07 23:53:05,011 INFO Epoch 145 Step 90/224 Loss 0.0293
2025-09-07 23:53:18,146 INFO Epoch 145 Step 100/224 Loss 0.0198
2025-09-07 23:53:31,305 INFO Epoch 145 Step 110/224 Loss 0.0248
2025-09-07 23:53:44,451 INFO Epoch 145 Step 120/224 Loss 0.0135
2025-09-07 23:53:57,765 INFO Epoch 145 Step 130/224 Loss 0.0218
2025-09-07 23:54:10,906 INFO Epoch 145 Step 140/224 Loss 0.0212
2025-09-07 23:54:24,040 INFO Epoch 145 Step 150/224 Loss 0.0372
2025-09-07 23:54:37,168 INFO Epoch 145 Step 160/224 Loss 0.0354
2025-09-07 23:54:50,314 INFO Epoch 145 Step 170/224 Loss 0.0313
2025-09-07 23:55:03,438 INFO Epoch 145 Step 180/224 Loss 0.0193
2025-09-07 23:55:16,552 INFO Epoch 145 Step 190/224 Loss 0.0248
2025-09-07 23:55:29,689 INFO Epoch 145 Step 200/224 Loss 0.0393
2025-09-07 23:55:42,827 INFO Epoch 145 Step 210/224 Loss 0.0182
2025-09-07 23:55:55,938 INFO Epoch 145 Step 220/224 Loss 0.0232
2025-09-07 23:56:01,181 INFO Epoch 145 Step 224/224 Loss 0.0501
2025-09-07 23:56:01,181 INFO Epoch 145 Training Loss 0.0246
2025-09-07 23:56:18,060 INFO Epoch 146 Step 10/224 Loss 0.0207
2025-09-07 23:56:31,104 INFO Epoch 146 Step 20/224 Loss 0.0216
2025-09-07 23:56:44,197 INFO Epoch 146 Step 30/224 Loss 0.0157
2025-09-07 23:56:57,286 INFO Epoch 146 Step 40/224 Loss 0.0223
2025-09-07 23:57:10,395 INFO Epoch 146 Step 50/224 Loss 0.0156
2025-09-07 23:57:23,504 INFO Epoch 146 Step 60/224 Loss 0.0243
2025-09-07 23:57:36,603 INFO Epoch 146 Step 70/224 Loss 0.0253
2025-09-07 23:57:49,706 INFO Epoch 146 Step 80/224 Loss 0.0226
2025-09-07 23:58:02,820 INFO Epoch 146 Step 90/224 Loss 0.0373
2025-09-07 23:58:15,928 INFO Epoch 146 Step 100/224 Loss 0.0176
2025-09-07 23:58:29,035 INFO Epoch 146 Step 110/224 Loss 0.0223
2025-09-07 23:58:42,362 INFO Epoch 146 Step 120/224 Loss 0.0277
2025-09-07 23:58:55,470 INFO Epoch 146 Step 130/224 Loss 0.0244
2025-09-07 23:59:08,577 INFO Epoch 146 Step 140/224 Loss 0.0233
2025-09-07 23:59:21,685 INFO Epoch 146 Step 150/224 Loss 0.0225
2025-09-07 23:59:34,806 INFO Epoch 146 Step 160/224 Loss 0.0217
2025-09-07 23:59:47,925 INFO Epoch 146 Step 170/224 Loss 0.0262
2025-09-08 00:00:01,039 INFO Epoch 146 Step 180/224 Loss 0.0315
2025-09-08 00:00:14,143 INFO Epoch 146 Step 190/224 Loss 0.0221
2025-09-08 00:00:27,250 INFO Epoch 146 Step 200/224 Loss 0.0310
2025-09-08 00:00:40,349 INFO Epoch 146 Step 210/224 Loss 0.0197
2025-09-08 00:00:53,438 INFO Epoch 146 Step 220/224 Loss 0.0264
2025-09-08 00:00:58,678 INFO Epoch 146 Step 224/224 Loss 0.0139
2025-09-08 00:00:58,678 INFO Epoch 146 Training Loss 0.0235
2025-09-08 00:01:15,902 INFO Epoch 147 Step 10/224 Loss 0.0160
2025-09-08 00:01:28,940 INFO Epoch 147 Step 20/224 Loss 0.0222
2025-09-08 00:01:42,015 INFO Epoch 147 Step 30/224 Loss 0.0164
2025-09-08 00:01:55,107 INFO Epoch 147 Step 40/224 Loss 0.0161
2025-09-08 00:02:08,190 INFO Epoch 147 Step 50/224 Loss 0.0158
2025-09-08 00:02:21,311 INFO Epoch 147 Step 60/224 Loss 0.0257
2025-09-08 00:02:34,414 INFO Epoch 147 Step 70/224 Loss 0.0308
2025-09-08 00:02:47,551 INFO Epoch 147 Step 80/224 Loss 0.0329
2025-09-08 00:03:00,656 INFO Epoch 147 Step 90/224 Loss 0.0220
2025-09-08 00:03:13,774 INFO Epoch 147 Step 100/224 Loss 0.0178
2025-09-08 00:03:26,887 INFO Epoch 147 Step 110/224 Loss 0.0257
2025-09-08 00:03:40,211 INFO Epoch 147 Step 120/224 Loss 0.0221
2025-09-08 00:03:53,306 INFO Epoch 147 Step 130/224 Loss 0.0271
2025-09-08 00:04:06,406 INFO Epoch 147 Step 140/224 Loss 0.0205
2025-09-08 00:04:19,519 INFO Epoch 147 Step 150/224 Loss 0.0175
2025-09-08 00:04:32,627 INFO Epoch 147 Step 160/224 Loss 0.0189
2025-09-08 00:04:45,724 INFO Epoch 147 Step 170/224 Loss 0.0276
2025-09-08 00:04:58,836 INFO Epoch 147 Step 180/224 Loss 0.0167
2025-09-08 00:05:11,933 INFO Epoch 147 Step 190/224 Loss 0.0176
2025-09-08 00:05:25,041 INFO Epoch 147 Step 200/224 Loss 0.0122
2025-09-08 00:05:38,143 INFO Epoch 147 Step 210/224 Loss 0.0218
2025-09-08 00:05:51,224 INFO Epoch 147 Step 220/224 Loss 0.0144
2025-09-08 00:05:56,465 INFO Epoch 147 Step 224/224 Loss 0.0267
2025-09-08 00:05:56,465 INFO Epoch 147 Training Loss 0.0209
2025-09-08 00:06:13,647 INFO Epoch 148 Step 10/224 Loss 0.0144
2025-09-08 00:06:26,684 INFO Epoch 148 Step 20/224 Loss 0.0457
2025-09-08 00:06:39,765 INFO Epoch 148 Step 30/224 Loss 0.0318
2025-09-08 00:06:52,858 INFO Epoch 148 Step 40/224 Loss 0.0181
2025-09-08 00:07:06,045 INFO Epoch 148 Step 50/224 Loss 0.0217
2025-09-08 00:07:19,162 INFO Epoch 148 Step 60/224 Loss 0.0174
2025-09-08 00:07:32,270 INFO Epoch 148 Step 70/224 Loss 0.0301
2025-09-08 00:07:45,372 INFO Epoch 148 Step 80/224 Loss 0.0175
2025-09-08 00:07:58,475 INFO Epoch 148 Step 90/224 Loss 0.0326
2025-09-08 00:08:11,583 INFO Epoch 148 Step 100/224 Loss 0.0195
2025-09-08 00:08:24,702 INFO Epoch 148 Step 110/224 Loss 0.0161
2025-09-08 00:08:38,004 INFO Epoch 148 Step 120/224 Loss 0.0219
2025-09-08 00:08:51,107 INFO Epoch 148 Step 130/224 Loss 0.0205
2025-09-08 00:09:04,207 INFO Epoch 148 Step 140/224 Loss 0.0200
2025-09-08 00:09:17,325 INFO Epoch 148 Step 150/224 Loss 0.0219
2025-09-08 00:09:30,429 INFO Epoch 148 Step 160/224 Loss 0.0133
2025-09-08 00:09:43,543 INFO Epoch 148 Step 170/224 Loss 0.0228
2025-09-08 00:09:56,650 INFO Epoch 148 Step 180/224 Loss 0.0200
2025-09-08 00:10:09,753 INFO Epoch 148 Step 190/224 Loss 0.0222
2025-09-08 00:10:22,847 INFO Epoch 148 Step 200/224 Loss 0.0227
2025-09-08 00:10:35,948 INFO Epoch 148 Step 210/224 Loss 0.0325
2025-09-08 00:10:49,036 INFO Epoch 148 Step 220/224 Loss 0.0295
2025-09-08 00:10:54,313 INFO Epoch 148 Step 224/224 Loss 0.0248
2025-09-08 00:10:54,314 INFO Epoch 148 Training Loss 0.0233
2025-09-08 00:11:45,021 INFO Validation @ epoch 148: individual:
  Engagement:
    accuracy: 0.6403591632843018
    balanced_accuracy: 0.6403591632843018
    mcc: 0.45748835802078247
    f1_micro: 0.752480149269104
    f1_macro: 0.6304633617401123
    precision_micro: 0.752480149269104
    precision_macro: 0.6227797865867615
    recall_micro: 0.752480149269104
    recall_macro: 0.6403591632843018
    f1_per_class: [0.5400000214576721, 0.8470423817634583, 0.5043478012084961]
    precision_per_class: [0.5400000214576721, 0.8605974316596985, 0.4677419364452362]
    recall_per_class: [0.5400000214576721, 0.8339076638221741, 0.5471698045730591]
    auroc_macro: 0.8494740724563599
    auprc_macro: 0.6430274844169617
    auprc_per_class: [0.5389566421508789, 0.9320631623268127, 0.4580625295639038]
    specificity_per_class: [0.9195803999900818, 0.6530973315238953, 0.9057681560516357]
    ece: 0.15698599815368652
    confusion_matrix: [[ 162,  104,   34],
       [ 110, 1210,  131],
       [  28,   92,  145]]
  Lead:
    accuracy: 0.6039779782295227
    balanced_accuracy: 0.6039779782295227
    mcc: 0.3817535638809204
    f1_micro: 0.6855158805847168
    f1_macro: 0.5839774012565613
    precision_micro: 0.6855158805847168
    precision_macro: 0.5708307027816772
    recall_micro: 0.6855158805847168
    recall_macro: 0.6039779782295227
    f1_per_class: [0.49780380725860596, 0.7901049256324768, 0.46402350068092346]
    precision_per_class: [0.4709141254425049, 0.8279654383659363, 0.41361257433891296]
    recall_per_class: [0.5279502868652344, 0.7555555701255798, 0.5284280776977539]
    auroc_macro: 0.7759748697280884
    auprc_macro: 0.5780596137046814
    auprc_per_class: [0.43562382459640503, 0.8698992729187012, 0.4286557137966156]
    specificity_per_class: [0.8872491121292114, 0.6473429799079895, 0.8695399165153503]
    ece: 0.217750683426857
    confusion_matrix: [[ 170,  116,   36],
       [ 153, 1054,  188],
       [  38,  103,  158]]
loss: 1.2675923847016835
2025-09-08 00:12:01,878 INFO Epoch 149 Step 10/224 Loss 0.0196
2025-09-08 00:12:14,819 INFO Epoch 149 Step 20/224 Loss 0.0267
2025-09-08 00:12:27,855 INFO Epoch 149 Step 30/224 Loss 0.0183
2025-09-08 00:12:40,964 INFO Epoch 149 Step 40/224 Loss 0.0218
2025-09-08 00:12:54,109 INFO Epoch 149 Step 50/224 Loss 0.0165
2025-09-08 00:13:07,267 INFO Epoch 149 Step 60/224 Loss 0.0190
2025-09-08 00:13:20,449 INFO Epoch 149 Step 70/224 Loss 0.0375
2025-09-08 00:13:33,613 INFO Epoch 149 Step 80/224 Loss 0.0237
2025-09-08 00:13:46,775 INFO Epoch 149 Step 90/224 Loss 0.0219
2025-09-08 00:13:59,933 INFO Epoch 149 Step 100/224 Loss 0.0242
2025-09-08 00:14:13,090 INFO Epoch 149 Step 110/224 Loss 0.0163
2025-09-08 00:14:26,388 INFO Epoch 149 Step 120/224 Loss 0.0140
2025-09-08 00:14:39,507 INFO Epoch 149 Step 130/224 Loss 0.0237
2025-09-08 00:14:52,656 INFO Epoch 149 Step 140/224 Loss 0.0175
2025-09-08 00:15:05,793 INFO Epoch 149 Step 150/224 Loss 0.0206
2025-09-08 00:15:18,926 INFO Epoch 149 Step 160/224 Loss 0.0232
2025-09-08 00:15:32,044 INFO Epoch 149 Step 170/224 Loss 0.0169
2025-09-08 00:15:45,180 INFO Epoch 149 Step 180/224 Loss 0.0240
2025-09-08 00:15:58,293 INFO Epoch 149 Step 190/224 Loss 0.0287
2025-09-08 00:16:11,411 INFO Epoch 149 Step 200/224 Loss 0.0207
2025-09-08 00:16:24,530 INFO Epoch 149 Step 210/224 Loss 0.0342
2025-09-08 00:16:37,650 INFO Epoch 149 Step 220/224 Loss 0.0196
2025-09-08 00:16:42,937 INFO Epoch 149 Step 224/224 Loss 0.0188
2025-09-08 00:16:42,937 INFO Epoch 149 Training Loss 0.0221
2025-09-08 00:16:59,421 INFO Epoch 150 Step 10/224 Loss 0.0176
2025-09-08 00:17:12,469 INFO Epoch 150 Step 20/224 Loss 0.0233
2025-09-08 00:17:25,549 INFO Epoch 150 Step 30/224 Loss 0.0161
2025-09-08 00:17:38,642 INFO Epoch 150 Step 40/224 Loss 0.0212
2025-09-08 00:17:51,751 INFO Epoch 150 Step 50/224 Loss 0.0328
2025-09-08 00:18:04,868 INFO Epoch 150 Step 60/224 Loss 0.0100
2025-09-08 00:18:17,967 INFO Epoch 150 Step 70/224 Loss 0.0198
2025-09-08 00:18:31,073 INFO Epoch 150 Step 80/224 Loss 0.0188
2025-09-08 00:18:44,172 INFO Epoch 150 Step 90/224 Loss 0.0169
2025-09-08 00:18:57,276 INFO Epoch 150 Step 100/224 Loss 0.0243
2025-09-08 00:19:10,475 INFO Epoch 150 Step 110/224 Loss 0.0238
2025-09-08 00:19:23,601 INFO Epoch 150 Step 120/224 Loss 0.0307
2025-09-08 00:19:36,709 INFO Epoch 150 Step 130/224 Loss 0.0345
2025-09-08 00:19:49,819 INFO Epoch 150 Step 140/224 Loss 0.0162
2025-09-08 00:20:02,926 INFO Epoch 150 Step 150/224 Loss 0.0253
2025-09-08 00:20:16,040 INFO Epoch 150 Step 160/224 Loss 0.0214
2025-09-08 00:20:29,143 INFO Epoch 150 Step 170/224 Loss 0.0218
2025-09-08 00:20:42,261 INFO Epoch 150 Step 180/224 Loss 0.0227
2025-09-08 00:20:55,366 INFO Epoch 150 Step 190/224 Loss 0.0141
2025-09-08 00:21:08,472 INFO Epoch 150 Step 200/224 Loss 0.0192
2025-09-08 00:21:21,586 INFO Epoch 150 Step 210/224 Loss 0.0267
2025-09-08 00:21:34,720 INFO Epoch 150 Step 220/224 Loss 0.0164
2025-09-08 00:21:39,952 INFO Epoch 150 Step 224/224 Loss 0.0081
2025-09-08 00:21:39,952 INFO Epoch 150 Training Loss 0.0213
2025-09-08 00:21:56,833 INFO Epoch 151 Step 10/224 Loss 0.0154
2025-09-08 00:22:09,864 INFO Epoch 151 Step 20/224 Loss 0.0173
2025-09-08 00:22:22,942 INFO Epoch 151 Step 30/224 Loss 0.0184
2025-09-08 00:22:36,042 INFO Epoch 151 Step 40/224 Loss 0.0155
2025-09-08 00:22:49,135 INFO Epoch 151 Step 50/224 Loss 0.0156
2025-09-08 00:23:02,246 INFO Epoch 151 Step 60/224 Loss 0.0100
2025-09-08 00:23:15,357 INFO Epoch 151 Step 70/224 Loss 0.0167
2025-09-08 00:23:28,474 INFO Epoch 151 Step 80/224 Loss 0.0133
2025-09-08 00:23:41,585 INFO Epoch 151 Step 90/224 Loss 0.0157
2025-09-08 00:23:54,684 INFO Epoch 151 Step 100/224 Loss 0.0208
2025-09-08 00:24:07,943 INFO Epoch 151 Step 110/224 Loss 0.0226
2025-09-08 00:24:21,039 INFO Epoch 151 Step 120/224 Loss 0.0236
2025-09-08 00:24:34,139 INFO Epoch 151 Step 130/224 Loss 0.0102
2025-09-08 00:24:47,233 INFO Epoch 151 Step 140/224 Loss 0.0147
2025-09-08 00:25:00,346 INFO Epoch 151 Step 150/224 Loss 0.0234
2025-09-08 00:25:13,443 INFO Epoch 151 Step 160/224 Loss 0.0178
2025-09-08 00:25:26,548 INFO Epoch 151 Step 170/224 Loss 0.0256
2025-09-08 00:25:39,659 INFO Epoch 151 Step 180/224 Loss 0.0330
2025-09-08 00:25:52,766 INFO Epoch 151 Step 190/224 Loss 0.0227
2025-09-08 00:26:05,859 INFO Epoch 151 Step 200/224 Loss 0.0188
2025-09-08 00:26:18,954 INFO Epoch 151 Step 210/224 Loss 0.0190
2025-09-08 00:26:32,226 INFO Epoch 151 Step 220/224 Loss 0.0242
2025-09-08 00:26:37,466 INFO Epoch 151 Step 224/224 Loss 0.0130
2025-09-08 00:26:37,466 INFO Epoch 151 Training Loss 0.0187
2025-09-08 00:26:53,993 INFO Epoch 152 Step 10/224 Loss 0.0161
2025-09-08 00:27:07,030 INFO Epoch 152 Step 20/224 Loss 0.0197
2025-09-08 00:27:20,099 INFO Epoch 152 Step 30/224 Loss 0.0293
2025-09-08 00:27:33,191 INFO Epoch 152 Step 40/224 Loss 0.0278
2025-09-08 00:27:46,275 INFO Epoch 152 Step 50/224 Loss 0.0204
2025-09-08 00:27:59,385 INFO Epoch 152 Step 60/224 Loss 0.0181
2025-09-08 00:28:12,487 INFO Epoch 152 Step 70/224 Loss 0.0157
2025-09-08 00:28:25,603 INFO Epoch 152 Step 80/224 Loss 0.0217
2025-09-08 00:28:38,722 INFO Epoch 152 Step 90/224 Loss 0.0151
2025-09-08 00:28:51,816 INFO Epoch 152 Step 100/224 Loss 0.0186
2025-09-08 00:29:05,065 INFO Epoch 152 Step 110/224 Loss 0.0268
2025-09-08 00:29:18,175 INFO Epoch 152 Step 120/224 Loss 0.0148
2025-09-08 00:29:31,266 INFO Epoch 152 Step 130/224 Loss 0.0154
2025-09-08 00:29:44,357 INFO Epoch 152 Step 140/224 Loss 0.0202
2025-09-08 00:29:57,454 INFO Epoch 152 Step 150/224 Loss 0.0197
2025-09-08 00:30:10,544 INFO Epoch 152 Step 160/224 Loss 0.0214
2025-09-08 00:30:23,650 INFO Epoch 152 Step 170/224 Loss 0.0260
2025-09-08 00:30:36,749 INFO Epoch 152 Step 180/224 Loss 0.0162
2025-09-08 00:30:49,843 INFO Epoch 152 Step 190/224 Loss 0.0224
2025-09-08 00:31:02,934 INFO Epoch 152 Step 200/224 Loss 0.0190
2025-09-08 00:31:16,044 INFO Epoch 152 Step 210/224 Loss 0.0197
2025-09-08 00:31:29,261 INFO Epoch 152 Step 220/224 Loss 0.0180
2025-09-08 00:31:34,490 INFO Epoch 152 Step 224/224 Loss 0.0181
2025-09-08 00:31:34,490 INFO Epoch 152 Training Loss 0.0201
2025-09-08 00:32:25,847 INFO Validation @ epoch 152: individual:
  Engagement:
    accuracy: 0.6480084657669067
    balanced_accuracy: 0.6480084657669067
    mcc: 0.4695129990577698
    f1_micro: 0.7569444179534912
    f1_macro: 0.6367461681365967
    precision_micro: 0.7569444179534912
    precision_macro: 0.6281967163085938
    recall_micro: 0.7569444179534912
    recall_macro: 0.6480084657669067
    f1_per_class: [0.5524126291275024, 0.8509294986724854, 0.5068965554237366]
    precision_per_class: [0.5514950156211853, 0.866428554058075, 0.46666666865348816]
    recall_per_class: [0.5533333420753479, 0.835975170135498, 0.5547170042991638]
    auroc_macro: 0.8491654396057129
    auprc_macro: 0.6450564861297607
    auprc_per_class: [0.5399392247200012, 0.9325428009033203, 0.4626874625682831]
    specificity_per_class: [0.9213286638259888, 0.6690265536308289, 0.9040548205375671]
    ece: 0.15876004099845886
    confusion_matrix: [[ 166,   97,   37],
       [ 107, 1213,  131],
       [  28,   90,  147]]
  Lead:
    accuracy: 0.598483681678772
    balanced_accuracy: 0.598483681678772
    mcc: 0.3729725182056427
    f1_micro: 0.6845238208770752
    f1_macro: 0.5814696550369263
    precision_micro: 0.6845238208770752
    precision_macro: 0.569399356842041
    recall_micro: 0.6845238208770752
    recall_macro: 0.598483681678772
    f1_per_class: [0.4904552102088928, 0.7877885103225708, 0.4661654233932495]
    precision_per_class: [0.46518105268478394, 0.8195197582244873, 0.4234972596168518]
    recall_per_class: [0.5186335444450378, 0.7584229111671448, 0.5183946490287781]
    auroc_macro: 0.7774219512939453
    auprc_macro: 0.5803588628768921
    auprc_per_class: [0.4406183958053589, 0.8719379901885986, 0.4285200536251068]
    specificity_per_class: [0.886658787727356, 0.6247987151145935, 0.8771112561225891]
    ece: 0.22654983401298523
    confusion_matrix: [[ 167,  126,   29],
       [ 155, 1058,  182],
       [  37,  107,  155]]
loss: 1.3295109158470517
2025-09-08 00:32:42,755 INFO Epoch 153 Step 10/224 Loss 0.0221
2025-09-08 00:32:55,696 INFO Epoch 153 Step 20/224 Loss 0.0174
2025-09-08 00:33:08,741 INFO Epoch 153 Step 30/224 Loss 0.0166
2025-09-08 00:33:21,830 INFO Epoch 153 Step 40/224 Loss 0.0065
2025-09-08 00:33:34,966 INFO Epoch 153 Step 50/224 Loss 0.0211
2025-09-08 00:33:48,138 INFO Epoch 153 Step 60/224 Loss 0.0168
2025-09-08 00:34:01,301 INFO Epoch 153 Step 70/224 Loss 0.0168
2025-09-08 00:34:14,476 INFO Epoch 153 Step 80/224 Loss 0.0205
2025-09-08 00:34:27,770 INFO Epoch 153 Step 90/224 Loss 0.0148
2025-09-08 00:34:41,122 INFO Epoch 153 Step 100/224 Loss 0.0149
2025-09-08 00:34:54,269 INFO Epoch 153 Step 110/224 Loss 0.0234
2025-09-08 00:35:07,423 INFO Epoch 153 Step 120/224 Loss 0.0307
2025-09-08 00:35:20,562 INFO Epoch 153 Step 130/224 Loss 0.0152
2025-09-08 00:35:33,709 INFO Epoch 153 Step 140/224 Loss 0.0245
2025-09-08 00:35:46,864 INFO Epoch 153 Step 150/224 Loss 0.0132
2025-09-08 00:36:00,006 INFO Epoch 153 Step 160/224 Loss 0.0176
2025-09-08 00:36:13,129 INFO Epoch 153 Step 170/224 Loss 0.0182
2025-09-08 00:36:26,266 INFO Epoch 153 Step 180/224 Loss 0.0174
2025-09-08 00:36:39,392 INFO Epoch 153 Step 190/224 Loss 0.0245
2025-09-08 00:36:52,525 INFO Epoch 153 Step 200/224 Loss 0.0267
2025-09-08 00:37:05,799 INFO Epoch 153 Step 210/224 Loss 0.0156
2025-09-08 00:37:18,903 INFO Epoch 153 Step 220/224 Loss 0.0128
2025-09-08 00:37:24,138 INFO Epoch 153 Step 224/224 Loss 0.0257
2025-09-08 00:37:24,138 INFO Epoch 153 Training Loss 0.0186
2025-09-08 00:37:41,043 INFO Epoch 154 Step 10/224 Loss 0.0204
2025-09-08 00:37:54,075 INFO Epoch 154 Step 20/224 Loss 0.0151
2025-09-08 00:38:07,169 INFO Epoch 154 Step 30/224 Loss 0.0182
2025-09-08 00:38:20,272 INFO Epoch 154 Step 40/224 Loss 0.0200
2025-09-08 00:38:33,364 INFO Epoch 154 Step 50/224 Loss 0.0141
2025-09-08 00:38:46,480 INFO Epoch 154 Step 60/224 Loss 0.0263
2025-09-08 00:38:59,592 INFO Epoch 154 Step 70/224 Loss 0.0135
2025-09-08 00:39:12,711 INFO Epoch 154 Step 80/224 Loss 0.0218
2025-09-08 00:39:25,810 INFO Epoch 154 Step 90/224 Loss 0.0243
2025-09-08 00:39:39,121 INFO Epoch 154 Step 100/224 Loss 0.0169
2025-09-08 00:39:52,226 INFO Epoch 154 Step 110/224 Loss 0.0243
2025-09-08 00:40:05,334 INFO Epoch 154 Step 120/224 Loss 0.0196
2025-09-08 00:40:18,449 INFO Epoch 154 Step 130/224 Loss 0.0227
2025-09-08 00:40:31,545 INFO Epoch 154 Step 140/224 Loss 0.0153
2025-09-08 00:40:44,655 INFO Epoch 154 Step 150/224 Loss 0.0167
2025-09-08 00:40:57,746 INFO Epoch 154 Step 160/224 Loss 0.0309
2025-09-08 00:41:10,853 INFO Epoch 154 Step 170/224 Loss 0.0214
2025-09-08 00:41:23,965 INFO Epoch 154 Step 180/224 Loss 0.0210
2025-09-08 00:41:37,074 INFO Epoch 154 Step 190/224 Loss 0.0219
2025-09-08 00:41:50,168 INFO Epoch 154 Step 200/224 Loss 0.0115
2025-09-08 00:42:03,459 INFO Epoch 154 Step 210/224 Loss 0.0184
2025-09-08 00:42:16,539 INFO Epoch 154 Step 220/224 Loss 0.0207
2025-09-08 00:42:21,760 INFO Epoch 154 Step 224/224 Loss 0.0138
2025-09-08 00:42:21,760 INFO Epoch 154 Training Loss 0.0197
2025-09-08 00:42:38,304 INFO Epoch 155 Step 10/224 Loss 0.0181
2025-09-08 00:42:51,341 INFO Epoch 155 Step 20/224 Loss 0.0127
2025-09-08 00:43:04,417 INFO Epoch 155 Step 30/224 Loss 0.0223
2025-09-08 00:43:17,505 INFO Epoch 155 Step 40/224 Loss 0.0196
2025-09-08 00:43:30,584 INFO Epoch 155 Step 50/224 Loss 0.0173
2025-09-08 00:43:43,685 INFO Epoch 155 Step 60/224 Loss 0.0189
2025-09-08 00:43:56,790 INFO Epoch 155 Step 70/224 Loss 0.0114
2025-09-08 00:44:09,909 INFO Epoch 155 Step 80/224 Loss 0.0227
2025-09-08 00:44:23,022 INFO Epoch 155 Step 90/224 Loss 0.0161
2025-09-08 00:44:36,315 INFO Epoch 155 Step 100/224 Loss 0.0197
2025-09-08 00:44:49,407 INFO Epoch 155 Step 110/224 Loss 0.0128
2025-09-08 00:45:02,519 INFO Epoch 155 Step 120/224 Loss 0.0225
2025-09-08 00:45:15,618 INFO Epoch 155 Step 130/224 Loss 0.0163
2025-09-08 00:45:28,726 INFO Epoch 155 Step 140/224 Loss 0.0167
2025-09-08 00:45:41,824 INFO Epoch 155 Step 150/224 Loss 0.0202
2025-09-08 00:45:54,926 INFO Epoch 155 Step 160/224 Loss 0.0177
2025-09-08 00:46:08,009 INFO Epoch 155 Step 170/224 Loss 0.0130
2025-09-08 00:46:21,117 INFO Epoch 155 Step 180/224 Loss 0.0363
2025-09-08 00:46:34,216 INFO Epoch 155 Step 190/224 Loss 0.0178
2025-09-08 00:46:47,308 INFO Epoch 155 Step 200/224 Loss 0.0132
2025-09-08 00:47:00,622 INFO Epoch 155 Step 210/224 Loss 0.0243
2025-09-08 00:47:13,710 INFO Epoch 155 Step 220/224 Loss 0.0158
2025-09-08 00:47:18,939 INFO Epoch 155 Step 224/224 Loss 0.0162
2025-09-08 00:47:18,940 INFO Epoch 155 Training Loss 0.0184
2025-09-08 00:47:35,830 INFO Epoch 156 Step 10/224 Loss 0.0423
2025-09-08 00:47:48,848 INFO Epoch 156 Step 20/224 Loss 0.0191
2025-09-08 00:48:01,909 INFO Epoch 156 Step 30/224 Loss 0.0082
2025-09-08 00:48:14,988 INFO Epoch 156 Step 40/224 Loss 0.0122
2025-09-08 00:48:28,089 INFO Epoch 156 Step 50/224 Loss 0.0227
2025-09-08 00:48:41,181 INFO Epoch 156 Step 60/224 Loss 0.0252
2025-09-08 00:48:54,286 INFO Epoch 156 Step 70/224 Loss 0.0161
2025-09-08 00:49:07,385 INFO Epoch 156 Step 80/224 Loss 0.0211
2025-09-08 00:49:20,668 INFO Epoch 156 Step 90/224 Loss 0.0178
2025-09-08 00:49:33,774 INFO Epoch 156 Step 100/224 Loss 0.0263
2025-09-08 00:49:46,874 INFO Epoch 156 Step 110/224 Loss 0.0162
2025-09-08 00:49:59,971 INFO Epoch 156 Step 120/224 Loss 0.0283
2025-09-08 00:50:13,079 INFO Epoch 156 Step 130/224 Loss 0.0145
2025-09-08 00:50:26,175 INFO Epoch 156 Step 140/224 Loss 0.0186
2025-09-08 00:50:39,268 INFO Epoch 156 Step 150/224 Loss 0.0230
2025-09-08 00:50:52,364 INFO Epoch 156 Step 160/224 Loss 0.0169
2025-09-08 00:51:05,466 INFO Epoch 156 Step 170/224 Loss 0.0234
2025-09-08 00:51:18,563 INFO Epoch 156 Step 180/224 Loss 0.0163
2025-09-08 00:51:31,652 INFO Epoch 156 Step 190/224 Loss 0.0280
2025-09-08 00:51:44,752 INFO Epoch 156 Step 200/224 Loss 0.0135
2025-09-08 00:51:58,035 INFO Epoch 156 Step 210/224 Loss 0.0266
2025-09-08 00:52:11,117 INFO Epoch 156 Step 220/224 Loss 0.0313
2025-09-08 00:52:16,357 INFO Epoch 156 Step 224/224 Loss 0.0304
2025-09-08 00:52:16,357 INFO Epoch 156 Training Loss 0.0214
2025-09-08 00:53:06,631 INFO Validation @ epoch 156: individual:
  Engagement:
    accuracy: 0.6378147602081299
    balanced_accuracy: 0.6378147602081299
    mcc: 0.450864315032959
    f1_micro: 0.7460317611694336
    f1_macro: 0.6241580247879028
    precision_micro: 0.7460317611694336
    precision_macro: 0.6129165887832642
    recall_micro: 0.7460317611694336
    recall_macro: 0.6378147602081299
    f1_per_class: [0.547468364238739, 0.8427362442016602, 0.4822694957256317]
    precision_per_class: [0.5210843086242676, 0.8628158569335938, 0.454849511384964]
    recall_per_class: [0.5766666531562805, 0.8235699534416199, 0.5132075548171997]
    auroc_macro: 0.845481276512146
    auprc_macro: 0.636860728263855
    auprc_per_class: [0.5343794226646423, 0.9315541386604309, 0.4446485936641693]
    specificity_per_class: [0.9073426723480225, 0.6637167930603027, 0.9069103598594666]
    ece: 0.17242173850536346
    confusion_matrix: [[ 173,   94,   33],
       [ 126, 1195,  130],
       [  33,   96,  136]]
  Lead:
    accuracy: 0.5933881998062134
    balanced_accuracy: 0.5933881998062134
    mcc: 0.3732222020626068
    f1_micro: 0.6879960298538208
    f1_macro: 0.5796530246734619
    precision_micro: 0.6879960298538208
    precision_macro: 0.5692726373672485
    recall_micro: 0.6879960298538208
    recall_macro: 0.5933881998062134
    f1_per_class: [0.48449039459228516, 0.793639063835144, 0.460829496383667]
    precision_per_class: [0.46197181940078735, 0.8197097182273865, 0.4261363744735718]
    recall_per_class: [0.5093167424201965, 0.76917564868927, 0.5016722679138184]
    auroc_macro: 0.7766129374504089
    auprc_macro: 0.5785269141197205
    auprc_per_class: [0.44231224060058594, 0.872978925704956, 0.4202895164489746]
    specificity_per_class: [0.8872491121292114, 0.6199678182601929, 0.8823529481887817]
    ece: 0.23056560754776
    confusion_matrix: [[ 164,  128,   30],
       [ 150, 1073,  172],
       [  41,  108,  150]]
loss: 1.3878093901134672
2025-09-08 00:53:23,561 INFO Epoch 157 Step 10/224 Loss 0.0173
2025-09-08 00:53:36,497 INFO Epoch 157 Step 20/224 Loss 0.0210
2025-09-08 00:53:49,527 INFO Epoch 157 Step 30/224 Loss 0.0190
2025-09-08 00:54:02,611 INFO Epoch 157 Step 40/224 Loss 0.0160
2025-09-08 00:54:15,749 INFO Epoch 157 Step 50/224 Loss 0.0210
2025-09-08 00:54:28,894 INFO Epoch 157 Step 60/224 Loss 0.0187
2025-09-08 00:54:42,039 INFO Epoch 157 Step 70/224 Loss 0.0185
2025-09-08 00:54:55,192 INFO Epoch 157 Step 80/224 Loss 0.0151
2025-09-08 00:55:08,548 INFO Epoch 157 Step 90/224 Loss 0.0312
2025-09-08 00:55:21,701 INFO Epoch 157 Step 100/224 Loss 0.0208
2025-09-08 00:55:34,829 INFO Epoch 157 Step 110/224 Loss 0.0202
2025-09-08 00:55:47,981 INFO Epoch 157 Step 120/224 Loss 0.0092
2025-09-08 00:56:01,108 INFO Epoch 157 Step 130/224 Loss 0.0276
2025-09-08 00:56:14,251 INFO Epoch 157 Step 140/224 Loss 0.0221
2025-09-08 00:56:27,399 INFO Epoch 157 Step 150/224 Loss 0.0094
2025-09-08 00:56:40,532 INFO Epoch 157 Step 160/224 Loss 0.0175
2025-09-08 00:56:53,645 INFO Epoch 157 Step 170/224 Loss 0.0158
2025-09-08 00:57:06,766 INFO Epoch 157 Step 180/224 Loss 0.0144
2025-09-08 00:57:19,885 INFO Epoch 157 Step 190/224 Loss 0.0192
2025-09-08 00:57:33,187 INFO Epoch 157 Step 200/224 Loss 0.0320
2025-09-08 00:57:46,304 INFO Epoch 157 Step 210/224 Loss 0.0396
2025-09-08 00:57:59,407 INFO Epoch 157 Step 220/224 Loss 0.0165
2025-09-08 00:58:04,651 INFO Epoch 157 Step 224/224 Loss 0.0292
2025-09-08 00:58:04,651 INFO Epoch 157 Training Loss 0.0203
2025-09-08 00:58:21,587 INFO Epoch 158 Step 10/224 Loss 0.0131
2025-09-08 00:58:34,625 INFO Epoch 158 Step 20/224 Loss 0.0281
2025-09-08 00:58:47,714 INFO Epoch 158 Step 30/224 Loss 0.0210
2025-09-08 00:59:00,809 INFO Epoch 158 Step 40/224 Loss 0.0236
2025-09-08 00:59:13,918 INFO Epoch 158 Step 50/224 Loss 0.0135
2025-09-08 00:59:27,026 INFO Epoch 158 Step 60/224 Loss 0.0193
2025-09-08 00:59:40,134 INFO Epoch 158 Step 70/224 Loss 0.0222
2025-09-08 00:59:53,238 INFO Epoch 158 Step 80/224 Loss 0.0136
2025-09-08 01:00:06,518 INFO Epoch 158 Step 90/224 Loss 0.0173
2025-09-08 01:00:19,624 INFO Epoch 158 Step 100/224 Loss 0.0139
2025-09-08 01:00:32,723 INFO Epoch 158 Step 110/224 Loss 0.0250
2025-09-08 01:00:45,823 INFO Epoch 158 Step 120/224 Loss 0.0233
2025-09-08 01:00:59,041 INFO Epoch 158 Step 130/224 Loss 0.0204
2025-09-08 01:01:12,133 INFO Epoch 158 Step 140/224 Loss 0.0133
2025-09-08 01:01:25,242 INFO Epoch 158 Step 150/224 Loss 0.0156
2025-09-08 01:01:38,341 INFO Epoch 158 Step 160/224 Loss 0.0121
2025-09-08 01:01:51,449 INFO Epoch 158 Step 170/224 Loss 0.0147
2025-09-08 01:02:04,546 INFO Epoch 158 Step 180/224 Loss 0.0169
2025-09-08 01:02:17,631 INFO Epoch 158 Step 190/224 Loss 0.0192
2025-09-08 01:02:30,814 INFO Epoch 158 Step 200/224 Loss 0.0210
2025-09-08 01:02:43,915 INFO Epoch 158 Step 210/224 Loss 0.0238
2025-09-08 01:02:57,006 INFO Epoch 158 Step 220/224 Loss 0.0137
2025-09-08 01:03:02,235 INFO Epoch 158 Step 224/224 Loss 0.0204
2025-09-08 01:03:02,235 INFO Epoch 158 Training Loss 0.0184
2025-09-08 01:03:19,094 INFO Epoch 159 Step 10/224 Loss 0.0171
2025-09-08 01:03:32,126 INFO Epoch 159 Step 20/224 Loss 0.0183
2025-09-08 01:03:45,208 INFO Epoch 159 Step 30/224 Loss 0.0097
2025-09-08 01:03:58,294 INFO Epoch 159 Step 40/224 Loss 0.0197
2025-09-08 01:04:11,386 INFO Epoch 159 Step 50/224 Loss 0.0183
2025-09-08 01:04:24,481 INFO Epoch 159 Step 60/224 Loss 0.0139
2025-09-08 01:04:37,577 INFO Epoch 159 Step 70/224 Loss 0.0149
2025-09-08 01:04:50,686 INFO Epoch 159 Step 80/224 Loss 0.0201
2025-09-08 01:05:03,974 INFO Epoch 159 Step 90/224 Loss 0.0281
2025-09-08 01:05:17,067 INFO Epoch 159 Step 100/224 Loss 0.0239
2025-09-08 01:05:30,178 INFO Epoch 159 Step 110/224 Loss 0.0208
2025-09-08 01:05:43,277 INFO Epoch 159 Step 120/224 Loss 0.0213
2025-09-08 01:05:56,369 INFO Epoch 159 Step 130/224 Loss 0.0203
2025-09-08 01:06:09,465 INFO Epoch 159 Step 140/224 Loss 0.0160
2025-09-08 01:06:22,566 INFO Epoch 159 Step 150/224 Loss 0.0131
2025-09-08 01:06:35,666 INFO Epoch 159 Step 160/224 Loss 0.0237
2025-09-08 01:06:48,763 INFO Epoch 159 Step 170/224 Loss 0.0197
2025-09-08 01:07:01,867 INFO Epoch 159 Step 180/224 Loss 0.0150
2025-09-08 01:07:14,956 INFO Epoch 159 Step 190/224 Loss 0.0140
2025-09-08 01:07:28,202 INFO Epoch 159 Step 200/224 Loss 0.0154
2025-09-08 01:07:41,278 INFO Epoch 159 Step 210/224 Loss 0.0181
2025-09-08 01:07:54,368 INFO Epoch 159 Step 220/224 Loss 0.0152
2025-09-08 01:07:59,599 INFO Epoch 159 Step 224/224 Loss 0.0148
2025-09-08 01:07:59,599 INFO Epoch 159 Training Loss 0.0180
2025-09-08 01:08:16,371 INFO Epoch 160 Step 10/224 Loss 0.0145
2025-09-08 01:08:29,409 INFO Epoch 160 Step 20/224 Loss 0.0188
2025-09-08 01:08:42,472 INFO Epoch 160 Step 30/224 Loss 0.0128
2025-09-08 01:08:55,559 INFO Epoch 160 Step 40/224 Loss 0.0168
2025-09-08 01:09:08,647 INFO Epoch 160 Step 50/224 Loss 0.0185
2025-09-08 01:09:21,746 INFO Epoch 160 Step 60/224 Loss 0.0122
2025-09-08 01:09:34,830 INFO Epoch 160 Step 70/224 Loss 0.0094
2025-09-08 01:09:48,069 INFO Epoch 160 Step 80/224 Loss 0.0156
2025-09-08 01:10:01,166 INFO Epoch 160 Step 90/224 Loss 0.0154
2025-09-08 01:10:14,272 INFO Epoch 160 Step 100/224 Loss 0.0079
2025-09-08 01:10:27,367 INFO Epoch 160 Step 110/224 Loss 0.0100
2025-09-08 01:10:40,472 INFO Epoch 160 Step 120/224 Loss 0.0185
2025-09-08 01:10:53,555 INFO Epoch 160 Step 130/224 Loss 0.0184
2025-09-08 01:11:06,660 INFO Epoch 160 Step 140/224 Loss 0.0337
2025-09-08 01:11:19,763 INFO Epoch 160 Step 150/224 Loss 0.0116
2025-09-08 01:11:32,860 INFO Epoch 160 Step 160/224 Loss 0.0243
2025-09-08 01:11:45,948 INFO Epoch 160 Step 170/224 Loss 0.0124
2025-09-08 01:11:59,058 INFO Epoch 160 Step 180/224 Loss 0.0161
2025-09-08 01:12:12,335 INFO Epoch 160 Step 190/224 Loss 0.0146
2025-09-08 01:12:25,407 INFO Epoch 160 Step 200/224 Loss 0.0185
2025-09-08 01:12:38,498 INFO Epoch 160 Step 210/224 Loss 0.0139
2025-09-08 01:12:51,596 INFO Epoch 160 Step 220/224 Loss 0.0181
2025-09-08 01:12:56,819 INFO Epoch 160 Step 224/224 Loss 0.0212
2025-09-08 01:12:56,819 INFO Epoch 160 Training Loss 0.0161
2025-09-08 01:13:49,585 INFO Validation @ epoch 160: individual:
  Engagement:
    accuracy: 0.6374894976615906
    balanced_accuracy: 0.6374894976615906
    mcc: 0.46255236864089966
    f1_micro: 0.7599206566810608
    f1_macro: 0.6343851089477539
    precision_micro: 0.7599206566810608
    precision_macro: 0.6315511465072632
    recall_micro: 0.7599206566810608
    recall_macro: 0.6374894976615906
    f1_per_class: [0.544240415096283, 0.8524930477142334, 0.5064220428466797]
    precision_per_class: [0.5451505184173584, 0.8566457629203796, 0.4928571283817291]
    recall_per_class: [0.5433333516120911, 0.848380446434021, 0.5207546949386597]
    auroc_macro: 0.8463043570518494
    auprc_macro: 0.6404082775115967
    auprc_per_class: [0.535797655582428, 0.9313967227935791, 0.45403051376342773]
    specificity_per_class: [0.9207459092140198, 0.6353982090950012, 0.9189034700393677]
    ece: 0.165523961186409
    confusion_matrix: [[ 163,  109,   28],
       [ 106, 1231,  114],
       [  30,   97,  138]]
  Lead:
    accuracy: 0.5999972820281982
    balanced_accuracy: 0.5999972820281982
    mcc: 0.3792204260826111
    f1_micro: 0.6889880895614624
    f1_macro: 0.5843006372451782
    precision_micro: 0.6889880895614624
    precision_macro: 0.5737635493278503
    recall_micro: 0.6889880895614624
    recall_macro: 0.5999972820281982
    f1_per_class: [0.49621784687042236, 0.7928730249404907, 0.46381092071533203]
    precision_per_class: [0.4837758243083954, 0.8221709132194519, 0.41534391045570374]
    recall_per_class: [0.5093167424201965, 0.7655913829803467, 0.525083601474762]
    auroc_macro: 0.7781229019165039
    auprc_macro: 0.5814551115036011
    auprc_per_class: [0.4437653422355652, 0.8732643127441406, 0.4273356795310974]
    specificity_per_class: [0.8966942429542542, 0.6280193328857422, 0.8712871074676514]
    ece: 0.22740693390369415
    confusion_matrix: [[ 164,  123,   35],
       [ 141, 1068,  186],
       [  34,  108,  157]]
loss: 1.4186488560267858
2025-09-08 01:14:06,442 INFO Epoch 161 Step 10/224 Loss 0.0124
2025-09-08 01:14:19,374 INFO Epoch 161 Step 20/224 Loss 0.0170
2025-09-08 01:14:32,389 INFO Epoch 161 Step 30/224 Loss 0.0189
2025-09-08 01:14:45,470 INFO Epoch 161 Step 40/224 Loss 0.0104
2025-09-08 01:14:58,599 INFO Epoch 161 Step 50/224 Loss 0.0176
2025-09-08 01:15:11,748 INFO Epoch 161 Step 60/224 Loss 0.0156
2025-09-08 01:15:24,913 INFO Epoch 161 Step 70/224 Loss 0.0117
2025-09-08 01:15:38,253 INFO Epoch 161 Step 80/224 Loss 0.0268
2025-09-08 01:15:51,429 INFO Epoch 161 Step 90/224 Loss 0.0213
2025-09-08 01:16:04,583 INFO Epoch 161 Step 100/224 Loss 0.0121
2025-09-08 01:16:17,747 INFO Epoch 161 Step 110/224 Loss 0.0271
2025-09-08 01:16:30,910 INFO Epoch 161 Step 120/224 Loss 0.0178
2025-09-08 01:16:44,057 INFO Epoch 161 Step 130/224 Loss 0.0152
2025-09-08 01:16:57,209 INFO Epoch 161 Step 140/224 Loss 0.0160
2025-09-08 01:17:10,362 INFO Epoch 161 Step 150/224 Loss 0.0153
2025-09-08 01:17:23,482 INFO Epoch 161 Step 160/224 Loss 0.0121
2025-09-08 01:17:36,632 INFO Epoch 161 Step 170/224 Loss 0.0246
2025-09-08 01:17:49,779 INFO Epoch 161 Step 180/224 Loss 0.0236
2025-09-08 01:18:03,105 INFO Epoch 161 Step 190/224 Loss 0.0201
2025-09-08 01:18:16,217 INFO Epoch 161 Step 200/224 Loss 0.0365
2025-09-08 01:18:29,344 INFO Epoch 161 Step 210/224 Loss 0.0286
2025-09-08 01:18:42,453 INFO Epoch 161 Step 220/224 Loss 0.0135
2025-09-08 01:18:47,698 INFO Epoch 161 Step 224/224 Loss 0.0200
2025-09-08 01:18:47,698 INFO Epoch 161 Training Loss 0.0189
2025-09-08 01:19:04,512 INFO Epoch 162 Step 10/224 Loss 0.0189
2025-09-08 01:19:17,559 INFO Epoch 162 Step 20/224 Loss 0.0112
2025-09-08 01:19:30,645 INFO Epoch 162 Step 30/224 Loss 0.0131
2025-09-08 01:19:43,757 INFO Epoch 162 Step 40/224 Loss 0.0213
2025-09-08 01:19:56,855 INFO Epoch 162 Step 50/224 Loss 0.0171
2025-09-08 01:20:09,952 INFO Epoch 162 Step 60/224 Loss 0.0083
2025-09-08 01:20:23,066 INFO Epoch 162 Step 70/224 Loss 0.0191
2025-09-08 01:20:36,352 INFO Epoch 162 Step 80/224 Loss 0.0175
2025-09-08 01:20:49,471 INFO Epoch 162 Step 90/224 Loss 0.0161
2025-09-08 01:21:02,572 INFO Epoch 162 Step 100/224 Loss 0.0236
2025-09-08 01:21:15,668 INFO Epoch 162 Step 110/224 Loss 0.0178
2025-09-08 01:21:28,766 INFO Epoch 162 Step 120/224 Loss 0.0220
2025-09-08 01:21:41,870 INFO Epoch 162 Step 130/224 Loss 0.0113
2025-09-08 01:21:54,976 INFO Epoch 162 Step 140/224 Loss 0.0138
2025-09-08 01:22:08,092 INFO Epoch 162 Step 150/224 Loss 0.0175
2025-09-08 01:22:21,184 INFO Epoch 162 Step 160/224 Loss 0.0175
2025-09-08 01:22:34,278 INFO Epoch 162 Step 170/224 Loss 0.0139
2025-09-08 01:22:47,373 INFO Epoch 162 Step 180/224 Loss 0.0153
2025-09-08 01:23:00,656 INFO Epoch 162 Step 190/224 Loss 0.0180
2025-09-08 01:23:13,747 INFO Epoch 162 Step 200/224 Loss 0.0239
2025-09-08 01:23:26,851 INFO Epoch 162 Step 210/224 Loss 0.0150
2025-09-08 01:23:39,938 INFO Epoch 162 Step 220/224 Loss 0.0221
2025-09-08 01:23:45,162 INFO Epoch 162 Step 224/224 Loss 0.0153
2025-09-08 01:23:45,168 INFO Epoch 162 Training Loss 0.0170
2025-09-08 01:24:02,109 INFO Epoch 163 Step 10/224 Loss 0.0124
2025-09-08 01:24:15,132 INFO Epoch 163 Step 20/224 Loss 0.0147
2025-09-08 01:24:28,208 INFO Epoch 163 Step 30/224 Loss 0.0137
2025-09-08 01:24:41,290 INFO Epoch 163 Step 40/224 Loss 0.0170
2025-09-08 01:24:54,377 INFO Epoch 163 Step 50/224 Loss 0.0304
2025-09-08 01:25:07,475 INFO Epoch 163 Step 60/224 Loss 0.0137
2025-09-08 01:25:20,758 INFO Epoch 163 Step 70/224 Loss 0.0131
2025-09-08 01:25:33,856 INFO Epoch 163 Step 80/224 Loss 0.0186
2025-09-08 01:25:46,947 INFO Epoch 163 Step 90/224 Loss 0.0225
2025-09-08 01:26:00,044 INFO Epoch 163 Step 100/224 Loss 0.0146
2025-09-08 01:26:13,153 INFO Epoch 163 Step 110/224 Loss 0.0069
2025-09-08 01:26:26,263 INFO Epoch 163 Step 120/224 Loss 0.0119
2025-09-08 01:26:39,362 INFO Epoch 163 Step 130/224 Loss 0.0210
2025-09-08 01:26:52,465 INFO Epoch 163 Step 140/224 Loss 0.0161
2025-09-08 01:27:05,567 INFO Epoch 163 Step 150/224 Loss 0.0293
2025-09-08 01:27:18,765 INFO Epoch 163 Step 160/224 Loss 0.0116
2025-09-08 01:27:31,868 INFO Epoch 163 Step 170/224 Loss 0.0182
2025-09-08 01:27:45,168 INFO Epoch 163 Step 180/224 Loss 0.0200
2025-09-08 01:27:58,252 INFO Epoch 163 Step 190/224 Loss 0.0153
2025-09-08 01:28:11,341 INFO Epoch 163 Step 200/224 Loss 0.0246
2025-09-08 01:28:24,426 INFO Epoch 163 Step 210/224 Loss 0.0119
2025-09-08 01:28:37,512 INFO Epoch 163 Step 220/224 Loss 0.0220
2025-09-08 01:28:42,737 INFO Epoch 163 Step 224/224 Loss 0.0239
2025-09-08 01:28:42,737 INFO Epoch 163 Training Loss 0.0174
2025-09-08 01:28:59,606 INFO Epoch 164 Step 10/224 Loss 0.0234
2025-09-08 01:29:12,629 INFO Epoch 164 Step 20/224 Loss 0.0202
2025-09-08 01:29:25,697 INFO Epoch 164 Step 30/224 Loss 0.0237
2025-09-08 01:29:38,773 INFO Epoch 164 Step 40/224 Loss 0.0268
2025-09-08 01:29:51,880 INFO Epoch 164 Step 50/224 Loss 0.0144
2025-09-08 01:30:04,969 INFO Epoch 164 Step 60/224 Loss 0.0120
2025-09-08 01:30:18,253 INFO Epoch 164 Step 70/224 Loss 0.0123
2025-09-08 01:30:31,335 INFO Epoch 164 Step 80/224 Loss 0.0142
2025-09-08 01:30:44,430 INFO Epoch 164 Step 90/224 Loss 0.0079
2025-09-08 01:30:57,521 INFO Epoch 164 Step 100/224 Loss 0.0135
2025-09-08 01:31:10,612 INFO Epoch 164 Step 110/224 Loss 0.0190
2025-09-08 01:31:23,724 INFO Epoch 164 Step 120/224 Loss 0.0150
2025-09-08 01:31:36,822 INFO Epoch 164 Step 130/224 Loss 0.0153
2025-09-08 01:31:49,916 INFO Epoch 164 Step 140/224 Loss 0.0185
2025-09-08 01:32:03,012 INFO Epoch 164 Step 150/224 Loss 0.0169
2025-09-08 01:32:16,101 INFO Epoch 164 Step 160/224 Loss 0.0160
2025-09-08 01:32:29,195 INFO Epoch 164 Step 170/224 Loss 0.0191
2025-09-08 01:32:42,479 INFO Epoch 164 Step 180/224 Loss 0.0099
2025-09-08 01:32:55,575 INFO Epoch 164 Step 190/224 Loss 0.0145
2025-09-08 01:33:08,664 INFO Epoch 164 Step 200/224 Loss 0.0201
2025-09-08 01:33:21,766 INFO Epoch 164 Step 210/224 Loss 0.0124
2025-09-08 01:33:34,845 INFO Epoch 164 Step 220/224 Loss 0.0122
2025-09-08 01:33:40,074 INFO Epoch 164 Step 224/224 Loss 0.0161
2025-09-08 01:33:40,074 INFO Epoch 164 Training Loss 0.0162
2025-09-08 01:34:30,023 INFO Validation @ epoch 164: individual:
  Engagement:
    accuracy: 0.6393957138061523
    balanced_accuracy: 0.6393957138061523
    mcc: 0.45619264245033264
    f1_micro: 0.7519841194152832
    f1_macro: 0.6298136711120605
    precision_micro: 0.7519841194152832
    precision_macro: 0.6216970682144165
    recall_micro: 0.7519841194152832
    recall_macro: 0.6393957138061523
    f1_per_class: [0.5466448664665222, 0.8463423252105713, 0.4964539110660553]
    precision_per_class: [0.5369774699211121, 0.8598862290382385, 0.46822741627693176]
    recall_per_class: [0.5566666722297668, 0.8332184553146362, 0.5283018946647644]
    auroc_macro: 0.8467282056808472
    auprc_macro: 0.642846941947937
    auprc_per_class: [0.5455416440963745, 0.930611789226532, 0.4523872435092926]
    specificity_per_class: [0.9160839319229126, 0.6513274312019348, 0.9091947674751282]
    ece: 0.1709105670452118
    confusion_matrix: [[ 167,  103,   30],
       [ 113, 1209,  129],
       [  31,   94,  140]]
  Lead:
    accuracy: 0.5928313732147217
    balanced_accuracy: 0.5928313732147217
    mcc: 0.3745238184928894
    f1_micro: 0.6919642686843872
    f1_macro: 0.5822547078132629
    precision_micro: 0.6919642686843872
    precision_macro: 0.5745693445205688
    recall_micro: 0.6919642686843872
    recall_macro: 0.5928313732147217
    f1_per_class: [0.4976958632469177, 0.7961806654930115, 0.45288753509521484]
    precision_per_class: [0.49240121245384216, 0.8162650465965271, 0.4150417745113373]
    recall_per_class: [0.5031055808067322, 0.7770609259605408, 0.49832776188850403]
    auroc_macro: 0.7791401743888855
    auprc_macro: 0.5821781158447266
    auprc_per_class: [0.44832947850227356, 0.8735612630844116, 0.4246436655521393]
    specificity_per_class: [0.9014167785644531, 0.6070853471755981, 0.8776936531066895]
    ece: 0.2261354625225067
    confusion_matrix: [[ 162,  127,   33],
       [ 134, 1084,  177],
       [  33,  117,  149]]
loss: 1.4146613166445778
2025-09-08 01:34:46,687 INFO Epoch 165 Step 10/224 Loss 0.0148
2025-09-08 01:34:59,631 INFO Epoch 165 Step 20/224 Loss 0.0138
2025-09-08 01:35:12,653 INFO Epoch 165 Step 30/224 Loss 0.0141
2025-09-08 01:35:25,755 INFO Epoch 165 Step 40/224 Loss 0.0175
2025-09-08 01:35:38,878 INFO Epoch 165 Step 50/224 Loss 0.0126
2025-09-08 01:35:52,021 INFO Epoch 165 Step 60/224 Loss 0.0228
2025-09-08 01:36:05,362 INFO Epoch 165 Step 70/224 Loss 0.0167
2025-09-08 01:36:18,493 INFO Epoch 165 Step 80/224 Loss 0.0244
2025-09-08 01:36:31,643 INFO Epoch 165 Step 90/224 Loss 0.0162
2025-09-08 01:36:44,804 INFO Epoch 165 Step 100/224 Loss 0.0227
2025-09-08 01:36:57,935 INFO Epoch 165 Step 110/224 Loss 0.0198
2025-09-08 01:37:11,077 INFO Epoch 165 Step 120/224 Loss 0.0204
2025-09-08 01:37:24,243 INFO Epoch 165 Step 130/224 Loss 0.0163
2025-09-08 01:37:37,378 INFO Epoch 165 Step 140/224 Loss 0.0151
2025-09-08 01:37:50,524 INFO Epoch 165 Step 150/224 Loss 0.0203
2025-09-08 01:38:03,642 INFO Epoch 165 Step 160/224 Loss 0.0207
2025-09-08 01:38:16,756 INFO Epoch 165 Step 170/224 Loss 0.0160
2025-09-08 01:38:30,052 INFO Epoch 165 Step 180/224 Loss 0.0131
2025-09-08 01:38:43,163 INFO Epoch 165 Step 190/224 Loss 0.0070
2025-09-08 01:38:56,285 INFO Epoch 165 Step 200/224 Loss 0.0108
2025-09-08 01:39:09,391 INFO Epoch 165 Step 210/224 Loss 0.0147
2025-09-08 01:39:22,481 INFO Epoch 165 Step 220/224 Loss 0.0083
2025-09-08 01:39:27,716 INFO Epoch 165 Step 224/224 Loss 0.0261
2025-09-08 01:39:27,717 INFO Epoch 165 Training Loss 0.0165
2025-09-08 01:39:44,635 INFO Epoch 166 Step 10/224 Loss 0.0176
2025-09-08 01:39:57,677 INFO Epoch 166 Step 20/224 Loss 0.0141
2025-09-08 01:40:10,737 INFO Epoch 166 Step 30/224 Loss 0.0219
2025-09-08 01:40:23,823 INFO Epoch 166 Step 40/224 Loss 0.0162
2025-09-08 01:40:36,917 INFO Epoch 166 Step 50/224 Loss 0.0109
2025-09-08 01:40:50,212 INFO Epoch 166 Step 60/224 Loss 0.0215
2025-09-08 01:41:03,296 INFO Epoch 166 Step 70/224 Loss 0.0109
2025-09-08 01:41:16,396 INFO Epoch 166 Step 80/224 Loss 0.0117
2025-09-08 01:41:29,503 INFO Epoch 166 Step 90/224 Loss 0.0182
2025-09-08 01:41:42,598 INFO Epoch 166 Step 100/224 Loss 0.0157
2025-09-08 01:41:55,702 INFO Epoch 166 Step 110/224 Loss 0.0243
2025-09-08 01:42:08,804 INFO Epoch 166 Step 120/224 Loss 0.0108
2025-09-08 01:42:21,903 INFO Epoch 166 Step 130/224 Loss 0.0105
2025-09-08 01:42:35,003 INFO Epoch 166 Step 140/224 Loss 0.0103
2025-09-08 01:42:48,114 INFO Epoch 166 Step 150/224 Loss 0.0183
2025-09-08 01:43:01,218 INFO Epoch 166 Step 160/224 Loss 0.0156
2025-09-08 01:43:14,322 INFO Epoch 166 Step 170/224 Loss 0.0119
2025-09-08 01:43:27,598 INFO Epoch 166 Step 180/224 Loss 0.0164
2025-09-08 01:43:40,680 INFO Epoch 166 Step 190/224 Loss 0.0173
2025-09-08 01:43:53,775 INFO Epoch 166 Step 200/224 Loss 0.0167
2025-09-08 01:44:06,865 INFO Epoch 166 Step 210/224 Loss 0.0145
2025-09-08 01:44:19,957 INFO Epoch 166 Step 220/224 Loss 0.0106
2025-09-08 01:44:25,181 INFO Epoch 166 Step 224/224 Loss 0.0134
2025-09-08 01:44:25,181 INFO Epoch 166 Training Loss 0.0152
2025-09-08 01:44:41,730 INFO Epoch 167 Step 10/224 Loss 0.0163
2025-09-08 01:44:54,771 INFO Epoch 167 Step 20/224 Loss 0.0082
2025-09-08 01:45:07,837 INFO Epoch 167 Step 30/224 Loss 0.0128
2025-09-08 01:45:20,934 INFO Epoch 167 Step 40/224 Loss 0.0129
2025-09-08 01:45:34,022 INFO Epoch 167 Step 50/224 Loss 0.0090
2025-09-08 01:45:47,275 INFO Epoch 167 Step 60/224 Loss 0.0124
2025-09-08 01:46:00,367 INFO Epoch 167 Step 70/224 Loss 0.0128
2025-09-08 01:46:13,466 INFO Epoch 167 Step 80/224 Loss 0.0165
2025-09-08 01:46:26,567 INFO Epoch 167 Step 90/224 Loss 0.0139
2025-09-08 01:46:39,666 INFO Epoch 167 Step 100/224 Loss 0.0186
2025-09-08 01:46:52,768 INFO Epoch 167 Step 110/224 Loss 0.0167
2025-09-08 01:47:05,858 INFO Epoch 167 Step 120/224 Loss 0.0199
2025-09-08 01:47:18,954 INFO Epoch 167 Step 130/224 Loss 0.0125
2025-09-08 01:47:32,058 INFO Epoch 167 Step 140/224 Loss 0.0126
2025-09-08 01:47:45,160 INFO Epoch 167 Step 150/224 Loss 0.0231
2025-09-08 01:47:58,259 INFO Epoch 167 Step 160/224 Loss 0.0211
2025-09-08 01:48:11,521 INFO Epoch 167 Step 170/224 Loss 0.0202
2025-09-08 01:48:24,607 INFO Epoch 167 Step 180/224 Loss 0.0120
2025-09-08 01:48:37,701 INFO Epoch 167 Step 190/224 Loss 0.0165
2025-09-08 01:48:50,799 INFO Epoch 167 Step 200/224 Loss 0.0178
2025-09-08 01:49:03,895 INFO Epoch 167 Step 210/224 Loss 0.0188
2025-09-08 01:49:16,977 INFO Epoch 167 Step 220/224 Loss 0.0141
2025-09-08 01:49:22,197 INFO Epoch 167 Step 224/224 Loss 0.0230
2025-09-08 01:49:22,197 INFO Epoch 167 Training Loss 0.0155
2025-09-08 01:49:38,906 INFO Epoch 168 Step 10/224 Loss 0.0112
2025-09-08 01:49:51,936 INFO Epoch 168 Step 20/224 Loss 0.0145
2025-09-08 01:50:04,997 INFO Epoch 168 Step 30/224 Loss 0.0143
2025-09-08 01:50:18,072 INFO Epoch 168 Step 40/224 Loss 0.0142
2025-09-08 01:50:31,158 INFO Epoch 168 Step 50/224 Loss 0.0161
2025-09-08 01:50:44,442 INFO Epoch 168 Step 60/224 Loss 0.0151
2025-09-08 01:50:57,530 INFO Epoch 168 Step 70/224 Loss 0.0135
2025-09-08 01:51:10,611 INFO Epoch 168 Step 80/224 Loss 0.0146
2025-09-08 01:51:23,701 INFO Epoch 168 Step 90/224 Loss 0.0218
2025-09-08 01:51:36,797 INFO Epoch 168 Step 100/224 Loss 0.0163
2025-09-08 01:51:49,881 INFO Epoch 168 Step 110/224 Loss 0.0071
2025-09-08 01:52:03,082 INFO Epoch 168 Step 120/224 Loss 0.0162
2025-09-08 01:52:16,179 INFO Epoch 168 Step 130/224 Loss 0.0151
2025-09-08 01:52:29,273 INFO Epoch 168 Step 140/224 Loss 0.0147
2025-09-08 01:52:42,364 INFO Epoch 168 Step 150/224 Loss 0.0087
2025-09-08 01:52:55,455 INFO Epoch 168 Step 160/224 Loss 0.0183
2025-09-08 01:53:08,660 INFO Epoch 168 Step 170/224 Loss 0.0190
2025-09-08 01:53:21,752 INFO Epoch 168 Step 180/224 Loss 0.0156
2025-09-08 01:53:34,834 INFO Epoch 168 Step 190/224 Loss 0.0321
2025-09-08 01:53:47,938 INFO Epoch 168 Step 200/224 Loss 0.0124
2025-09-08 01:54:01,029 INFO Epoch 168 Step 210/224 Loss 0.0182
2025-09-08 01:54:14,110 INFO Epoch 168 Step 220/224 Loss 0.0195
2025-09-08 01:54:19,342 INFO Epoch 168 Step 224/224 Loss 0.0231
2025-09-08 01:54:19,343 INFO Epoch 168 Training Loss 0.0160
2025-09-08 01:55:09,531 INFO Validation @ epoch 168: individual:
  Engagement:
    accuracy: 0.6396867036819458
    balanced_accuracy: 0.6396867036819458
    mcc: 0.4510875642299652
    f1_micro: 0.7440476417541504
    f1_macro: 0.6235430240631104
    precision_micro: 0.7440476417541504
    precision_macro: 0.6107032299041748
    recall_micro: 0.7440476417541504
    recall_macro: 0.6396867036819458
    f1_per_class: [0.546875, 0.8413597941398621, 0.48239436745643616]
    precision_per_class: [0.5147058963775635, 0.8652585744857788, 0.45214521884918213]
    recall_per_class: [0.5833333134651184, 0.8187456727027893, 0.5169811248779297]
    auroc_macro: 0.8474384546279907
    auprc_macro: 0.6419851183891296
    auprc_per_class: [0.5377358198165894, 0.9311342239379883, 0.4570852518081665]
    specificity_per_class: [0.9038461446762085, 0.6725663542747498, 0.905197024345398]
    ece: 0.18164227902889252
    confusion_matrix: [[ 175,   94,   31],
       [ 128, 1188,  135],
       [  37,   91,  137]]
  Lead:
    accuracy: 0.6055715084075928
    balanced_accuracy: 0.6055715084075928
    mcc: 0.38710159063339233
    f1_micro: 0.692460298538208
    f1_macro: 0.5891385078430176
    precision_micro: 0.692460298538208
    precision_macro: 0.5774239301681519
    recall_micro: 0.692460298538208
    recall_macro: 0.6055715084075928
    f1_per_class: [0.5037037134170532, 0.7952433824539185, 0.46846845746040344]
    precision_per_class: [0.48158639669418335, 0.8256173133850098, 0.42506811022758484]
    recall_per_class: [0.5279502868652344, 0.7670251131057739, 0.52173912525177]
    auroc_macro: 0.7795359492301941
    auprc_macro: 0.5815352201461792
    auprc_per_class: [0.45163315534591675, 0.8733303546905518, 0.41964197158813477]
    specificity_per_class: [0.8919716477394104, 0.6360708475112915, 0.8771112561225891]
    ece: 0.22726593911647797
    confusion_matrix: [[ 170,  121,   31],
       [ 145, 1070,  180],
       [  38,  105,  156]]
loss: 1.465170179094587
2025-09-08 01:55:26,231 INFO Epoch 169 Step 10/224 Loss 0.0156
2025-09-08 01:55:39,172 INFO Epoch 169 Step 20/224 Loss 0.0087
2025-09-08 01:55:52,208 INFO Epoch 169 Step 30/224 Loss 0.0099
2025-09-08 01:56:05,300 INFO Epoch 169 Step 40/224 Loss 0.0197
2025-09-08 01:56:18,419 INFO Epoch 169 Step 50/224 Loss 0.0205
2025-09-08 01:56:31,666 INFO Epoch 169 Step 60/224 Loss 0.0135
2025-09-08 01:56:44,829 INFO Epoch 169 Step 70/224 Loss 0.0138
2025-09-08 01:56:57,970 INFO Epoch 169 Step 80/224 Loss 0.0154
2025-09-08 01:57:11,110 INFO Epoch 169 Step 90/224 Loss 0.0149
2025-09-08 01:57:24,266 INFO Epoch 169 Step 100/224 Loss 0.0142
2025-09-08 01:57:37,402 INFO Epoch 169 Step 110/224 Loss 0.0136
2025-09-08 01:57:50,558 INFO Epoch 169 Step 120/224 Loss 0.0179
2025-09-08 01:58:03,687 INFO Epoch 169 Step 130/224 Loss 0.0099
2025-09-08 01:58:16,810 INFO Epoch 169 Step 140/224 Loss 0.0167
2025-09-08 01:58:29,938 INFO Epoch 169 Step 150/224 Loss 0.0130
2025-09-08 01:58:43,065 INFO Epoch 169 Step 160/224 Loss 0.0146
2025-09-08 01:58:56,302 INFO Epoch 169 Step 170/224 Loss 0.0151
2025-09-08 01:59:09,425 INFO Epoch 169 Step 180/224 Loss 0.0154
2025-09-08 01:59:22,534 INFO Epoch 169 Step 190/224 Loss 0.0180
2025-09-08 01:59:35,648 INFO Epoch 169 Step 200/224 Loss 0.0142
2025-09-08 01:59:48,757 INFO Epoch 169 Step 210/224 Loss 0.0131
2025-09-08 02:00:01,861 INFO Epoch 169 Step 220/224 Loss 0.0118
2025-09-08 02:00:07,099 INFO Epoch 169 Step 224/224 Loss 0.0296
2025-09-08 02:00:07,099 INFO Epoch 169 Training Loss 0.0148
2025-09-08 02:00:23,925 INFO Epoch 170 Step 10/224 Loss 0.0156
2025-09-08 02:00:36,959 INFO Epoch 170 Step 20/224 Loss 0.0107
2025-09-08 02:00:50,038 INFO Epoch 170 Step 30/224 Loss 0.0106
2025-09-08 02:01:03,137 INFO Epoch 170 Step 40/224 Loss 0.0147
2025-09-08 02:01:16,403 INFO Epoch 170 Step 50/224 Loss 0.0104
2025-09-08 02:01:29,498 INFO Epoch 170 Step 60/224 Loss 0.0189
2025-09-08 02:01:42,595 INFO Epoch 170 Step 70/224 Loss 0.0144
2025-09-08 02:01:55,690 INFO Epoch 170 Step 80/224 Loss 0.0149
2025-09-08 02:02:08,786 INFO Epoch 170 Step 90/224 Loss 0.0092
2025-09-08 02:02:21,890 INFO Epoch 170 Step 100/224 Loss 0.0119
2025-09-08 02:02:34,987 INFO Epoch 170 Step 110/224 Loss 0.0184
2025-09-08 02:02:48,084 INFO Epoch 170 Step 120/224 Loss 0.0182
2025-09-08 02:03:01,179 INFO Epoch 170 Step 130/224 Loss 0.0194
2025-09-08 02:03:14,280 INFO Epoch 170 Step 140/224 Loss 0.0119
2025-09-08 02:03:27,378 INFO Epoch 170 Step 150/224 Loss 0.0112
2025-09-08 02:03:40,651 INFO Epoch 170 Step 160/224 Loss 0.0119
2025-09-08 02:03:53,733 INFO Epoch 170 Step 170/224 Loss 0.0150
2025-09-08 02:04:06,826 INFO Epoch 170 Step 180/224 Loss 0.0087
2025-09-08 02:04:19,920 INFO Epoch 170 Step 190/224 Loss 0.0140
2025-09-08 02:04:33,016 INFO Epoch 170 Step 200/224 Loss 0.0140
2025-09-08 02:04:46,109 INFO Epoch 170 Step 210/224 Loss 0.0143
2025-09-08 02:04:59,202 INFO Epoch 170 Step 220/224 Loss 0.0178
2025-09-08 02:05:04,426 INFO Epoch 170 Step 224/224 Loss 0.0168
2025-09-08 02:05:04,426 INFO Epoch 170 Training Loss 0.0140
2025-09-08 02:05:21,239 INFO Epoch 171 Step 10/224 Loss 0.0102
2025-09-08 02:05:34,285 INFO Epoch 171 Step 20/224 Loss 0.0154
2025-09-08 02:05:47,347 INFO Epoch 171 Step 30/224 Loss 0.0112
2025-09-08 02:06:00,429 INFO Epoch 171 Step 40/224 Loss 0.0146
2025-09-08 02:06:13,698 INFO Epoch 171 Step 50/224 Loss 0.0143
2025-09-08 02:06:26,792 INFO Epoch 171 Step 60/224 Loss 0.0194
2025-09-08 02:06:39,893 INFO Epoch 171 Step 70/224 Loss 0.0118
2025-09-08 02:06:52,979 INFO Epoch 171 Step 80/224 Loss 0.0151
2025-09-08 02:07:06,073 INFO Epoch 171 Step 90/224 Loss 0.0151
2025-09-08 02:07:19,163 INFO Epoch 171 Step 100/224 Loss 0.0099
2025-09-08 02:07:32,260 INFO Epoch 171 Step 110/224 Loss 0.0161
2025-09-08 02:07:45,371 INFO Epoch 171 Step 120/224 Loss 0.0152
2025-09-08 02:07:58,461 INFO Epoch 171 Step 130/224 Loss 0.0150
2025-09-08 02:08:11,556 INFO Epoch 171 Step 140/224 Loss 0.0211
2025-09-08 02:08:24,655 INFO Epoch 171 Step 150/224 Loss 0.0137
2025-09-08 02:08:37,896 INFO Epoch 171 Step 160/224 Loss 0.0166
2025-09-08 02:08:50,981 INFO Epoch 171 Step 170/224 Loss 0.0219
2025-09-08 02:09:04,072 INFO Epoch 171 Step 180/224 Loss 0.0185
2025-09-08 02:09:17,167 INFO Epoch 171 Step 190/224 Loss 0.0173
2025-09-08 02:09:30,260 INFO Epoch 171 Step 200/224 Loss 0.0108
2025-09-08 02:09:43,363 INFO Epoch 171 Step 210/224 Loss 0.0128
2025-09-08 02:09:56,441 INFO Epoch 171 Step 220/224 Loss 0.0180
2025-09-08 02:10:01,674 INFO Epoch 171 Step 224/224 Loss 0.0142
2025-09-08 02:10:01,674 INFO Epoch 171 Training Loss 0.0152
2025-09-08 02:10:18,437 INFO Epoch 172 Step 10/224 Loss 0.0150
2025-09-08 02:10:31,464 INFO Epoch 172 Step 20/224 Loss 0.0207
2025-09-08 02:10:44,530 INFO Epoch 172 Step 30/224 Loss 0.0189
2025-09-08 02:10:57,611 INFO Epoch 172 Step 40/224 Loss 0.0129
2025-09-08 02:11:10,876 INFO Epoch 172 Step 50/224 Loss 0.0147
2025-09-08 02:11:23,970 INFO Epoch 172 Step 60/224 Loss 0.0126
2025-09-08 02:11:37,064 INFO Epoch 172 Step 70/224 Loss 0.0216
2025-09-08 02:11:50,157 INFO Epoch 172 Step 80/224 Loss 0.0143
2025-09-08 02:12:03,250 INFO Epoch 172 Step 90/224 Loss 0.0109
2025-09-08 02:12:16,354 INFO Epoch 172 Step 100/224 Loss 0.0146
2025-09-08 02:12:29,463 INFO Epoch 172 Step 110/224 Loss 0.0181
2025-09-08 02:12:42,564 INFO Epoch 172 Step 120/224 Loss 0.0122
2025-09-08 02:12:55,653 INFO Epoch 172 Step 130/224 Loss 0.0115
2025-09-08 02:13:08,742 INFO Epoch 172 Step 140/224 Loss 0.0167
2025-09-08 02:13:21,850 INFO Epoch 172 Step 150/224 Loss 0.0258
2025-09-08 02:13:35,126 INFO Epoch 172 Step 160/224 Loss 0.0156
2025-09-08 02:13:48,214 INFO Epoch 172 Step 170/224 Loss 0.0180
2025-09-08 02:14:01,302 INFO Epoch 172 Step 180/224 Loss 0.0080
2025-09-08 02:14:14,389 INFO Epoch 172 Step 190/224 Loss 0.0097
2025-09-08 02:14:27,472 INFO Epoch 172 Step 200/224 Loss 0.0153
2025-09-08 02:14:40,582 INFO Epoch 172 Step 210/224 Loss 0.0126
2025-09-08 02:14:53,662 INFO Epoch 172 Step 220/224 Loss 0.0166
2025-09-08 02:14:58,890 INFO Epoch 172 Step 224/224 Loss 0.0122
2025-09-08 02:14:58,890 INFO Epoch 172 Training Loss 0.0152
2025-09-08 02:15:50,684 INFO Validation @ epoch 172: individual:
  Engagement:
    accuracy: 0.6335911750793457
    balanced_accuracy: 0.6335911750793457
    mcc: 0.44976383447647095
    f1_micro: 0.7480158805847168
    f1_macro: 0.6230672597885132
    precision_micro: 0.7480158805847168
    precision_macro: 0.6158584356307983
    recall_micro: 0.7480158805847168
    recall_macro: 0.6335911750793457
    f1_per_class: [0.5362563133239746, 0.8457223176956177, 0.48722317814826965]
    precision_per_class: [0.5426621437072754, 0.8608136773109436, 0.4440993666648865]
    recall_per_class: [0.5299999713897705, 0.8311509490013123, 0.5396226644515991]
    auroc_macro: 0.8461626768112183
    auprc_macro: 0.642623782157898
    auprc_per_class: [0.5460636615753174, 0.9296574592590332, 0.4521501958370209]
    specificity_per_class: [0.9219114184379578, 0.6548672318458557, 0.8977727293968201]
    ece: 0.17475005984306335
    confusion_matrix: [[ 159,  102,   39],
       [ 105, 1206,  140],
       [  29,   93,  143]]
  Lead:
    accuracy: 0.6027051210403442
    balanced_accuracy: 0.6027051210403442
    mcc: 0.383760929107666
    f1_micro: 0.6929563283920288
    f1_macro: 0.5881709456443787
    precision_micro: 0.6929563283920288
    precision_macro: 0.5776117444038391
    recall_micro: 0.6929563283920288
    recall_macro: 0.6027051210403442
    f1_per_class: [0.4954954981803894, 0.7954124808311462, 0.47360482811927795]
    precision_per_class: [0.47965115308761597, 0.821865439414978, 0.4313186705112457]
    recall_per_class: [0.5124223828315735, 0.7706093192100525, 0.525083601474762]
    auroc_macro: 0.7784527540206909
    auprc_macro: 0.5791589021682739
    auprc_per_class: [0.43663305044174194, 0.8732443451881409, 0.4275992512702942]
    specificity_per_class: [0.8943329453468323, 0.6247987151145935, 0.8794409036636353]
    ece: 0.23064963519573212
    confusion_matrix: [[ 165,  124,   33],
       [ 146, 1075,  174],
       [  33,  109,  157]]
loss: 1.4679837908063615
2025-09-08 02:16:07,134 INFO Epoch 173 Step 10/224 Loss 0.0174
2025-09-08 02:16:20,064 INFO Epoch 173 Step 20/224 Loss 0.0098
2025-09-08 02:16:33,102 INFO Epoch 173 Step 30/224 Loss 0.0121
2025-09-08 02:16:46,388 INFO Epoch 173 Step 40/224 Loss 0.0251
2025-09-08 02:16:59,509 INFO Epoch 173 Step 50/224 Loss 0.0139
2025-09-08 02:17:12,657 INFO Epoch 173 Step 60/224 Loss 0.0193
2025-09-08 02:17:25,812 INFO Epoch 173 Step 70/224 Loss 0.0252
2025-09-08 02:17:38,963 INFO Epoch 173 Step 80/224 Loss 0.0104
2025-09-08 02:17:52,118 INFO Epoch 173 Step 90/224 Loss 0.0243
2025-09-08 02:18:05,276 INFO Epoch 173 Step 100/224 Loss 0.0172
2025-09-08 02:18:18,416 INFO Epoch 173 Step 110/224 Loss 0.0145
2025-09-08 02:18:31,692 INFO Epoch 173 Step 120/224 Loss 0.0171
2025-09-08 02:18:44,806 INFO Epoch 173 Step 130/224 Loss 0.0168
2025-09-08 02:18:57,940 INFO Epoch 173 Step 140/224 Loss 0.0100
2025-09-08 02:19:11,252 INFO Epoch 173 Step 150/224 Loss 0.0076
2025-09-08 02:19:24,355 INFO Epoch 173 Step 160/224 Loss 0.0106
2025-09-08 02:19:37,475 INFO Epoch 173 Step 170/224 Loss 0.0228
2025-09-08 02:19:50,597 INFO Epoch 173 Step 180/224 Loss 0.0123
2025-09-08 02:20:03,724 INFO Epoch 173 Step 190/224 Loss 0.0126
2025-09-08 02:20:16,835 INFO Epoch 173 Step 200/224 Loss 0.0098
2025-09-08 02:20:29,950 INFO Epoch 173 Step 210/224 Loss 0.0133
2025-09-08 02:20:43,039 INFO Epoch 173 Step 220/224 Loss 0.0290
2025-09-08 02:20:48,282 INFO Epoch 173 Step 224/224 Loss 0.0176
2025-09-08 02:20:48,282 INFO Epoch 173 Training Loss 0.0160
2025-09-08 02:21:06,853 INFO Epoch 174 Step 10/224 Loss 0.0145
2025-09-08 02:21:19,852 INFO Epoch 174 Step 20/224 Loss 0.0105
2025-09-08 02:21:32,895 INFO Epoch 174 Step 30/224 Loss 0.0106
2025-09-08 02:21:46,162 INFO Epoch 174 Step 40/224 Loss 0.0092
2025-09-08 02:21:59,267 INFO Epoch 174 Step 50/224 Loss 0.0105
2025-09-08 02:22:12,370 INFO Epoch 174 Step 60/224 Loss 0.0107
2025-09-08 02:22:25,480 INFO Epoch 174 Step 70/224 Loss 0.0085
2025-09-08 02:22:38,581 INFO Epoch 174 Step 80/224 Loss 0.0118
2025-09-08 02:22:51,701 INFO Epoch 174 Step 90/224 Loss 0.0270
2025-09-08 02:23:04,805 INFO Epoch 174 Step 100/224 Loss 0.0191
2025-09-08 02:23:17,906 INFO Epoch 174 Step 110/224 Loss 0.0184
2025-09-08 02:23:31,027 INFO Epoch 174 Step 120/224 Loss 0.0085
2025-09-08 02:23:44,119 INFO Epoch 174 Step 130/224 Loss 0.0104
2025-09-08 02:23:57,208 INFO Epoch 174 Step 140/224 Loss 0.0116
2025-09-08 02:24:10,495 INFO Epoch 174 Step 150/224 Loss 0.0146
2025-09-08 02:24:23,596 INFO Epoch 174 Step 160/224 Loss 0.0207
2025-09-08 02:24:36,689 INFO Epoch 174 Step 170/224 Loss 0.0102
2025-09-08 02:24:49,792 INFO Epoch 174 Step 180/224 Loss 0.0144
2025-09-08 02:25:02,883 INFO Epoch 174 Step 190/224 Loss 0.0112
2025-09-08 02:25:15,978 INFO Epoch 174 Step 200/224 Loss 0.0107
2025-09-08 02:25:29,067 INFO Epoch 174 Step 210/224 Loss 0.0162
2025-09-08 02:25:42,154 INFO Epoch 174 Step 220/224 Loss 0.0087
2025-09-08 02:25:47,383 INFO Epoch 174 Step 224/224 Loss 0.0111
2025-09-08 02:25:47,383 INFO Epoch 174 Training Loss 0.0131
2025-09-08 02:26:04,057 INFO Epoch 175 Step 10/224 Loss 0.0110
2025-09-08 02:26:17,081 INFO Epoch 175 Step 20/224 Loss 0.0159
2025-09-08 02:26:30,145 INFO Epoch 175 Step 30/224 Loss 0.0123
2025-09-08 02:26:43,350 INFO Epoch 175 Step 40/224 Loss 0.0153
2025-09-08 02:26:56,453 INFO Epoch 175 Step 50/224 Loss 0.0164
2025-09-08 02:27:09,565 INFO Epoch 175 Step 60/224 Loss 0.0111
2025-09-08 02:27:22,664 INFO Epoch 175 Step 70/224 Loss 0.0162
2025-09-08 02:27:35,773 INFO Epoch 175 Step 80/224 Loss 0.0125
2025-09-08 02:27:48,870 INFO Epoch 175 Step 90/224 Loss 0.0207
2025-09-08 02:28:01,965 INFO Epoch 175 Step 100/224 Loss 0.0113
2025-09-08 02:28:15,069 INFO Epoch 175 Step 110/224 Loss 0.0142
2025-09-08 02:28:28,180 INFO Epoch 175 Step 120/224 Loss 0.0088
2025-09-08 02:28:41,277 INFO Epoch 175 Step 130/224 Loss 0.0217
2025-09-08 02:28:54,370 INFO Epoch 175 Step 140/224 Loss 0.0168
2025-09-08 02:29:07,576 INFO Epoch 175 Step 150/224 Loss 0.0237
2025-09-08 02:29:20,670 INFO Epoch 175 Step 160/224 Loss 0.0174
2025-09-08 02:29:33,768 INFO Epoch 175 Step 170/224 Loss 0.0199
2025-09-08 02:29:46,863 INFO Epoch 175 Step 180/224 Loss 0.0154
2025-09-08 02:29:59,948 INFO Epoch 175 Step 190/224 Loss 0.0110
2025-09-08 02:30:13,044 INFO Epoch 175 Step 200/224 Loss 0.0126
2025-09-08 02:30:26,136 INFO Epoch 175 Step 210/224 Loss 0.0119
2025-09-08 02:30:39,216 INFO Epoch 175 Step 220/224 Loss 0.0099
2025-09-08 02:30:44,449 INFO Epoch 175 Step 224/224 Loss 0.0162
2025-09-08 02:30:44,450 INFO Epoch 175 Training Loss 0.0149
2025-09-08 02:31:01,194 INFO Epoch 176 Step 10/224 Loss 0.0133
2025-09-08 02:31:14,220 INFO Epoch 176 Step 20/224 Loss 0.0131
2025-09-08 02:31:27,452 INFO Epoch 176 Step 30/224 Loss 0.0108
2025-09-08 02:31:40,522 INFO Epoch 176 Step 40/224 Loss 0.0148
2025-09-08 02:31:53,610 INFO Epoch 176 Step 50/224 Loss 0.0179
2025-09-08 02:32:06,697 INFO Epoch 176 Step 60/224 Loss 0.0088
2025-09-08 02:32:19,793 INFO Epoch 176 Step 70/224 Loss 0.0136
2025-09-08 02:32:32,904 INFO Epoch 176 Step 80/224 Loss 0.0108
2025-09-08 02:32:46,015 INFO Epoch 176 Step 90/224 Loss 0.0264
2025-09-08 02:32:59,118 INFO Epoch 176 Step 100/224 Loss 0.0080
2025-09-08 02:33:12,227 INFO Epoch 176 Step 110/224 Loss 0.0067
2025-09-08 02:33:25,321 INFO Epoch 176 Step 120/224 Loss 0.0080
2025-09-08 02:33:38,413 INFO Epoch 176 Step 130/224 Loss 0.0098
2025-09-08 02:33:51,521 INFO Epoch 176 Step 140/224 Loss 0.0106
2025-09-08 02:34:04,798 INFO Epoch 176 Step 150/224 Loss 0.0131
2025-09-08 02:34:17,901 INFO Epoch 176 Step 160/224 Loss 0.0109
2025-09-08 02:34:30,997 INFO Epoch 176 Step 170/224 Loss 0.0131
2025-09-08 02:34:44,104 INFO Epoch 176 Step 180/224 Loss 0.0078
2025-09-08 02:34:57,205 INFO Epoch 176 Step 190/224 Loss 0.0114
2025-09-08 02:35:10,293 INFO Epoch 176 Step 200/224 Loss 0.0141
2025-09-08 02:35:23,385 INFO Epoch 176 Step 210/224 Loss 0.0190
2025-09-08 02:35:36,474 INFO Epoch 176 Step 220/224 Loss 0.0117
2025-09-08 02:35:41,707 INFO Epoch 176 Step 224/224 Loss 0.0228
2025-09-08 02:35:41,707 INFO Epoch 176 Training Loss 0.0126
2025-09-08 02:36:32,913 INFO Validation @ epoch 176: individual:
  Engagement:
    accuracy: 0.638322114944458
    balanced_accuracy: 0.638322114944458
    mcc: 0.4583907723426819
    f1_micro: 0.7534722089767456
    f1_macro: 0.6293894052505493
    precision_micro: 0.7534722089767456
    precision_macro: 0.6218485832214355
    recall_micro: 0.7534722089767456
    recall_macro: 0.638322114944458
    f1_per_class: [0.5427631735801697, 0.8489510416984558, 0.4964539110660553]
    precision_per_class: [0.5357142686843872, 0.8616039752960205, 0.46822741627693176]
    recall_per_class: [0.550000011920929, 0.8366643786430359, 0.5283018946647644]
    auroc_macro: 0.8472422361373901
    auprc_macro: 0.6444318294525146
    auprc_per_class: [0.5435123443603516, 0.9309189319610596, 0.4588642716407776]
    specificity_per_class: [0.9166666865348816, 0.6548672318458557, 0.9091947674751282]
    ece: 0.17691563069820404
    confusion_matrix: [[ 165,  101,   34],
       [ 112, 1214,  125],
       [  31,   94,  140]]
  Lead:
    accuracy: 0.5956181287765503
    balanced_accuracy: 0.5956181287765503
    mcc: 0.3765946626663208
    f1_micro: 0.6904761791229248
    f1_macro: 0.5825250148773193
    precision_micro: 0.6904761791229248
    precision_macro: 0.5730847716331482
    recall_micro: 0.6904761791229248
    recall_macro: 0.5956181287765503
    f1_per_class: [0.4909090995788574, 0.7951273322105408, 0.4615384638309479]
    precision_per_class: [0.4792899489402771, 0.8196346759796143, 0.42032966017723083]
    recall_per_class: [0.5031055808067322, 0.772042989730835, 0.5117056965827942]
    auroc_macro: 0.7771364450454712
    auprc_macro: 0.5809649229049683
    auprc_per_class: [0.4395866394042969, 0.8723107576370239, 0.430997371673584]
    specificity_per_class: [0.8961039185523987, 0.6183574795722961, 0.8771112561225891]
    ece: 0.23375320434570312
    confusion_matrix: [[ 162,  125,   35],
       [ 142, 1077,  176],
       [  34,  112,  153]]
loss: 1.5273533775692893
2025-09-08 02:36:50,060 INFO Epoch 177 Step 10/224 Loss 0.0096
2025-09-08 02:37:02,992 INFO Epoch 177 Step 20/224 Loss 0.0141
2025-09-08 02:37:16,119 INFO Epoch 177 Step 30/224 Loss 0.0190
2025-09-08 02:37:29,216 INFO Epoch 177 Step 40/224 Loss 0.0151
2025-09-08 02:37:42,363 INFO Epoch 177 Step 50/224 Loss 0.0132
2025-09-08 02:37:55,524 INFO Epoch 177 Step 60/224 Loss 0.0150
2025-09-08 02:38:08,679 INFO Epoch 177 Step 70/224 Loss 0.0140
2025-09-08 02:38:21,835 INFO Epoch 177 Step 80/224 Loss 0.0136
2025-09-08 02:38:35,011 INFO Epoch 177 Step 90/224 Loss 0.0090
2025-09-08 02:38:48,151 INFO Epoch 177 Step 100/224 Loss 0.0085
2025-09-08 02:39:01,307 INFO Epoch 177 Step 110/224 Loss 0.0150
2025-09-08 02:39:14,445 INFO Epoch 177 Step 120/224 Loss 0.0103
2025-09-08 02:39:27,590 INFO Epoch 177 Step 130/224 Loss 0.0112
2025-09-08 02:39:40,916 INFO Epoch 177 Step 140/224 Loss 0.0133
2025-09-08 02:39:54,052 INFO Epoch 177 Step 150/224 Loss 0.0143
2025-09-08 02:40:07,178 INFO Epoch 177 Step 160/224 Loss 0.0235
2025-09-08 02:40:20,316 INFO Epoch 177 Step 170/224 Loss 0.0153
2025-09-08 02:40:33,448 INFO Epoch 177 Step 180/224 Loss 0.0085
2025-09-08 02:40:46,559 INFO Epoch 177 Step 190/224 Loss 0.0075
2025-09-08 02:40:59,683 INFO Epoch 177 Step 200/224 Loss 0.0097
2025-09-08 02:41:12,813 INFO Epoch 177 Step 210/224 Loss 0.0205
2025-09-08 02:41:25,922 INFO Epoch 177 Step 220/224 Loss 0.0109
2025-09-08 02:41:31,154 INFO Epoch 177 Step 224/224 Loss 0.0071
2025-09-08 02:41:31,154 INFO Epoch 177 Training Loss 0.0131
2025-09-08 02:41:47,956 INFO Epoch 178 Step 10/224 Loss 0.0142
2025-09-08 02:42:00,994 INFO Epoch 178 Step 20/224 Loss 0.0161
2025-09-08 02:42:14,251 INFO Epoch 178 Step 30/224 Loss 0.0071
2025-09-08 02:42:27,330 INFO Epoch 178 Step 40/224 Loss 0.0128
2025-09-08 02:42:40,425 INFO Epoch 178 Step 50/224 Loss 0.0084
2025-09-08 02:42:53,546 INFO Epoch 178 Step 60/224 Loss 0.0173
2025-09-08 02:43:06,661 INFO Epoch 178 Step 70/224 Loss 0.0172
2025-09-08 02:43:19,767 INFO Epoch 178 Step 80/224 Loss 0.0085
2025-09-08 02:43:32,887 INFO Epoch 178 Step 90/224 Loss 0.0092
2025-09-08 02:43:45,974 INFO Epoch 178 Step 100/224 Loss 0.0141
2025-09-08 02:43:59,071 INFO Epoch 178 Step 110/224 Loss 0.0212
2025-09-08 02:44:12,179 INFO Epoch 178 Step 120/224 Loss 0.0145
2025-09-08 02:44:25,275 INFO Epoch 178 Step 130/224 Loss 0.0086
2025-09-08 02:44:38,652 INFO Epoch 178 Step 140/224 Loss 0.0113
2025-09-08 02:44:51,747 INFO Epoch 178 Step 150/224 Loss 0.0093
2025-09-08 02:45:04,850 INFO Epoch 178 Step 160/224 Loss 0.0119
2025-09-08 02:45:17,943 INFO Epoch 178 Step 170/224 Loss 0.0139
2025-09-08 02:45:31,041 INFO Epoch 178 Step 180/224 Loss 0.0147
2025-09-08 02:45:44,142 INFO Epoch 178 Step 190/224 Loss 0.0135
2025-09-08 02:45:57,239 INFO Epoch 178 Step 200/224 Loss 0.0119
2025-09-08 02:46:10,336 INFO Epoch 178 Step 210/224 Loss 0.0103
2025-09-08 02:46:23,424 INFO Epoch 178 Step 220/224 Loss 0.0128
2025-09-08 02:46:28,643 INFO Epoch 178 Step 224/224 Loss 0.0109
2025-09-08 02:46:28,643 INFO Epoch 178 Training Loss 0.0127
2025-09-08 02:46:45,634 INFO Epoch 179 Step 10/224 Loss 0.0117
2025-09-08 02:46:58,673 INFO Epoch 179 Step 20/224 Loss 0.0163
2025-09-08 02:47:11,929 INFO Epoch 179 Step 30/224 Loss 0.0092
2025-09-08 02:47:25,003 INFO Epoch 179 Step 40/224 Loss 0.0149
2025-09-08 02:47:38,094 INFO Epoch 179 Step 50/224 Loss 0.0125
2025-09-08 02:47:51,190 INFO Epoch 179 Step 60/224 Loss 0.0210
2025-09-08 02:48:04,287 INFO Epoch 179 Step 70/224 Loss 0.0161
2025-09-08 02:48:17,388 INFO Epoch 179 Step 80/224 Loss 0.0149
2025-09-08 02:48:30,496 INFO Epoch 179 Step 90/224 Loss 0.0066
2025-09-08 02:48:43,581 INFO Epoch 179 Step 100/224 Loss 0.0136
2025-09-08 02:48:56,666 INFO Epoch 179 Step 110/224 Loss 0.0201
2025-09-08 02:49:09,755 INFO Epoch 179 Step 120/224 Loss 0.0082
2025-09-08 02:49:22,850 INFO Epoch 179 Step 130/224 Loss 0.0175
2025-09-08 02:49:36,133 INFO Epoch 179 Step 140/224 Loss 0.0131
2025-09-08 02:49:49,213 INFO Epoch 179 Step 150/224 Loss 0.0141
2025-09-08 02:50:02,305 INFO Epoch 179 Step 160/224 Loss 0.0081
2025-09-08 02:50:15,402 INFO Epoch 179 Step 170/224 Loss 0.0102
2025-09-08 02:50:28,488 INFO Epoch 179 Step 180/224 Loss 0.0111
2025-09-08 02:50:41,578 INFO Epoch 179 Step 190/224 Loss 0.0229
2025-09-08 02:50:54,671 INFO Epoch 179 Step 200/224 Loss 0.0188
2025-09-08 02:51:07,760 INFO Epoch 179 Step 210/224 Loss 0.0097
2025-09-08 02:51:20,845 INFO Epoch 179 Step 220/224 Loss 0.0149
2025-09-08 02:51:26,074 INFO Epoch 179 Step 224/224 Loss 0.0070
2025-09-08 02:51:26,080 INFO Epoch 179 Training Loss 0.0138
2025-09-08 02:51:42,999 INFO Epoch 180 Step 10/224 Loss 0.0140
2025-09-08 02:51:56,176 INFO Epoch 180 Step 20/224 Loss 0.0064
2025-09-08 02:52:09,235 INFO Epoch 180 Step 30/224 Loss 0.0112
2025-09-08 02:52:22,309 INFO Epoch 180 Step 40/224 Loss 0.0074
2025-09-08 02:52:35,391 INFO Epoch 180 Step 50/224 Loss 0.0139
2025-09-08 02:52:48,477 INFO Epoch 180 Step 60/224 Loss 0.0159
2025-09-08 02:53:01,561 INFO Epoch 180 Step 70/224 Loss 0.0120
2025-09-08 02:53:14,651 INFO Epoch 180 Step 80/224 Loss 0.0226
2025-09-08 02:53:27,757 INFO Epoch 180 Step 90/224 Loss 0.0122
2025-09-08 02:53:40,867 INFO Epoch 180 Step 100/224 Loss 0.0136
2025-09-08 02:53:53,964 INFO Epoch 180 Step 110/224 Loss 0.0240
2025-09-08 02:54:07,055 INFO Epoch 180 Step 120/224 Loss 0.0125
2025-09-08 02:54:20,297 INFO Epoch 180 Step 130/224 Loss 0.0089
2025-09-08 02:54:33,372 INFO Epoch 180 Step 140/224 Loss 0.0238
2025-09-08 02:54:46,468 INFO Epoch 180 Step 150/224 Loss 0.0074
2025-09-08 02:54:59,549 INFO Epoch 180 Step 160/224 Loss 0.0103
2025-09-08 02:55:12,631 INFO Epoch 180 Step 170/224 Loss 0.0125
2025-09-08 02:55:25,713 INFO Epoch 180 Step 180/224 Loss 0.0116
2025-09-08 02:55:38,801 INFO Epoch 180 Step 190/224 Loss 0.0085
2025-09-08 02:55:51,883 INFO Epoch 180 Step 200/224 Loss 0.0115
2025-09-08 02:56:04,984 INFO Epoch 180 Step 210/224 Loss 0.0294
2025-09-08 02:56:18,070 INFO Epoch 180 Step 220/224 Loss 0.0198
2025-09-08 02:56:23,303 INFO Epoch 180 Step 224/224 Loss 0.0118
2025-09-08 02:56:23,303 INFO Epoch 180 Training Loss 0.0140
2025-09-08 02:57:17,866 INFO Validation @ epoch 180: individual:
  Engagement:
    accuracy: 0.6407898664474487
    balanced_accuracy: 0.6407898664474487
    mcc: 0.45522186160087585
    f1_micro: 0.7480158805847168
    f1_macro: 0.6270058155059814
    precision_micro: 0.7480158805847168
    precision_macro: 0.6157147884368896
    recall_micro: 0.7480158805847168
    recall_macro: 0.6407898664474487
    f1_per_class: [0.5509554147720337, 0.8441466689109802, 0.48591548204421997]
    precision_per_class: [0.5274389982223511, 0.8642598986625671, 0.4554455578327179]
    recall_per_class: [0.5766666531562805, 0.8249483108520508, 0.5207546949386597]
    auroc_macro: 0.8475643396377563
    auprc_macro: 0.6438071131706238
    auprc_per_class: [0.5455378293991089, 0.9312757849693298, 0.4546075463294983]
    specificity_per_class: [0.9096736311912537, 0.6672566533088684, 0.9057681560516357]
    ece: 0.1805705577135086
    confusion_matrix: [[ 173,   95,   32],
       [ 121, 1197,  133],
       [  34,   93,  138]]
  Lead:
    accuracy: 0.5980062484741211
    balanced_accuracy: 0.5980062484741211
    mcc: 0.3748522996902466
    f1_micro: 0.6865079402923584
    f1_macro: 0.5819143652915955
    precision_micro: 0.6865079402923584
    precision_macro: 0.5707128047943115
    recall_micro: 0.6865079402923584
    recall_macro: 0.5980062484741211
    f1_per_class: [0.487294465303421, 0.7904903292655945, 0.4679582715034485]
    precision_per_class: [0.469740629196167, 0.8203546404838562, 0.4220430254936218]
    recall_per_class: [0.5062111616134644, 0.7627240419387817, 0.525083601474762]
    auroc_macro: 0.7804469466209412
    auprc_macro: 0.5829071402549744
    auprc_per_class: [0.4398331642150879, 0.8731507062911987, 0.4357374906539917]
    specificity_per_class: [0.8913813233375549, 0.6247987151145935, 0.874781608581543]
    ece: 0.23542644083499908
    confusion_matrix: [[ 163,  126,   33],
       [ 149, 1064,  182],
       [  35,  107,  157]]
loss: 1.503248305547805
2025-09-08 02:57:34,795 INFO Epoch 181 Step 10/224 Loss 0.0058
2025-09-08 02:57:47,920 INFO Epoch 181 Step 20/224 Loss 0.0134
2025-09-08 02:58:00,949 INFO Epoch 181 Step 30/224 Loss 0.0112
2025-09-08 02:58:14,044 INFO Epoch 181 Step 40/224 Loss 0.0083
2025-09-08 02:58:27,193 INFO Epoch 181 Step 50/224 Loss 0.0144
2025-09-08 02:58:40,356 INFO Epoch 181 Step 60/224 Loss 0.0197
2025-09-08 02:58:53,521 INFO Epoch 181 Step 70/224 Loss 0.0066
2025-09-08 02:59:06,702 INFO Epoch 181 Step 80/224 Loss 0.0137
2025-09-08 02:59:19,879 INFO Epoch 181 Step 90/224 Loss 0.0094
2025-09-08 02:59:33,046 INFO Epoch 181 Step 100/224 Loss 0.0089
2025-09-08 02:59:46,195 INFO Epoch 181 Step 110/224 Loss 0.0169
2025-09-08 02:59:59,353 INFO Epoch 181 Step 120/224 Loss 0.0112
2025-09-08 03:00:12,679 INFO Epoch 181 Step 130/224 Loss 0.0152
2025-09-08 03:00:25,823 INFO Epoch 181 Step 140/224 Loss 0.0161
2025-09-08 03:00:38,968 INFO Epoch 181 Step 150/224 Loss 0.0087
2025-09-08 03:00:52,102 INFO Epoch 181 Step 160/224 Loss 0.0072
2025-09-08 03:01:05,212 INFO Epoch 181 Step 170/224 Loss 0.0095
2025-09-08 03:01:18,340 INFO Epoch 181 Step 180/224 Loss 0.0100
2025-09-08 03:01:31,458 INFO Epoch 181 Step 190/224 Loss 0.0187
2025-09-08 03:01:44,564 INFO Epoch 181 Step 200/224 Loss 0.0159
2025-09-08 03:01:57,688 INFO Epoch 181 Step 210/224 Loss 0.0157
2025-09-08 03:02:10,777 INFO Epoch 181 Step 220/224 Loss 0.0118
2025-09-08 03:02:16,017 INFO Epoch 181 Step 224/224 Loss 0.0068
2025-09-08 03:02:16,017 INFO Epoch 181 Training Loss 0.0121
2025-09-08 03:02:32,598 INFO Epoch 182 Step 10/224 Loss 0.0123
2025-09-08 03:02:45,749 INFO Epoch 182 Step 20/224 Loss 0.0097
2025-09-08 03:02:58,806 INFO Epoch 182 Step 30/224 Loss 0.0108
2025-09-08 03:03:11,897 INFO Epoch 182 Step 40/224 Loss 0.0132
2025-09-08 03:03:25,004 INFO Epoch 182 Step 50/224 Loss 0.0140
2025-09-08 03:03:38,101 INFO Epoch 182 Step 60/224 Loss 0.0112
2025-09-08 03:03:51,200 INFO Epoch 182 Step 70/224 Loss 0.0151
2025-09-08 03:04:04,311 INFO Epoch 182 Step 80/224 Loss 0.0080
2025-09-08 03:04:17,416 INFO Epoch 182 Step 90/224 Loss 0.0137
2025-09-08 03:04:30,501 INFO Epoch 182 Step 100/224 Loss 0.0114
2025-09-08 03:04:43,598 INFO Epoch 182 Step 110/224 Loss 0.0080
2025-09-08 03:04:56,690 INFO Epoch 182 Step 120/224 Loss 0.0136
2025-09-08 03:05:09,964 INFO Epoch 182 Step 130/224 Loss 0.0138
2025-09-08 03:05:23,053 INFO Epoch 182 Step 140/224 Loss 0.0151
2025-09-08 03:05:36,134 INFO Epoch 182 Step 150/224 Loss 0.0107
2025-09-08 03:05:49,223 INFO Epoch 182 Step 160/224 Loss 0.0081
2025-09-08 03:06:02,330 INFO Epoch 182 Step 170/224 Loss 0.0114
2025-09-08 03:06:15,422 INFO Epoch 182 Step 180/224 Loss 0.0116
2025-09-08 03:06:28,505 INFO Epoch 182 Step 190/224 Loss 0.0106
2025-09-08 03:06:41,600 INFO Epoch 182 Step 200/224 Loss 0.0119
2025-09-08 03:06:54,698 INFO Epoch 182 Step 210/224 Loss 0.0295
2025-09-08 03:07:07,779 INFO Epoch 182 Step 220/224 Loss 0.0162
2025-09-08 03:07:13,003 INFO Epoch 182 Step 224/224 Loss 0.0081
2025-09-08 03:07:13,004 INFO Epoch 182 Training Loss 0.0126
2025-09-08 03:07:29,853 INFO Epoch 183 Step 10/224 Loss 0.0103
2025-09-08 03:07:42,874 INFO Epoch 183 Step 20/224 Loss 0.0081
2025-09-08 03:07:55,930 INFO Epoch 183 Step 30/224 Loss 0.0102
2025-09-08 03:08:09,021 INFO Epoch 183 Step 40/224 Loss 0.0139
2025-09-08 03:08:22,096 INFO Epoch 183 Step 50/224 Loss 0.0118
2025-09-08 03:08:35,191 INFO Epoch 183 Step 60/224 Loss 0.0186
2025-09-08 03:08:48,264 INFO Epoch 183 Step 70/224 Loss 0.0057
2025-09-08 03:09:01,375 INFO Epoch 183 Step 80/224 Loss 0.0158
2025-09-08 03:09:14,472 INFO Epoch 183 Step 90/224 Loss 0.0128
2025-09-08 03:09:27,576 INFO Epoch 183 Step 100/224 Loss 0.0157
2025-09-08 03:09:40,660 INFO Epoch 183 Step 110/224 Loss 0.0119
2025-09-08 03:09:53,955 INFO Epoch 183 Step 120/224 Loss 0.0091
2025-09-08 03:10:07,034 INFO Epoch 183 Step 130/224 Loss 0.0108
2025-09-08 03:10:20,111 INFO Epoch 183 Step 140/224 Loss 0.0079
2025-09-08 03:10:33,210 INFO Epoch 183 Step 150/224 Loss 0.0220
2025-09-08 03:10:46,303 INFO Epoch 183 Step 160/224 Loss 0.0099
2025-09-08 03:10:59,389 INFO Epoch 183 Step 170/224 Loss 0.0172
2025-09-08 03:11:12,486 INFO Epoch 183 Step 180/224 Loss 0.0312
2025-09-08 03:11:25,575 INFO Epoch 183 Step 190/224 Loss 0.0192
2025-09-08 03:11:38,666 INFO Epoch 183 Step 200/224 Loss 0.0130
2025-09-08 03:11:51,753 INFO Epoch 183 Step 210/224 Loss 0.0145
2025-09-08 03:12:04,830 INFO Epoch 183 Step 220/224 Loss 0.0109
2025-09-08 03:12:10,064 INFO Epoch 183 Step 224/224 Loss 0.0127
2025-09-08 03:12:10,064 INFO Epoch 183 Training Loss 0.0136
2025-09-08 03:12:26,966 INFO Epoch 184 Step 10/224 Loss 0.0242
2025-09-08 03:12:39,986 INFO Epoch 184 Step 20/224 Loss 0.0119
2025-09-08 03:12:53,039 INFO Epoch 184 Step 30/224 Loss 0.0114
2025-09-08 03:13:06,117 INFO Epoch 184 Step 40/224 Loss 0.0107
2025-09-08 03:13:19,203 INFO Epoch 184 Step 50/224 Loss 0.0129
2025-09-08 03:13:32,294 INFO Epoch 184 Step 60/224 Loss 0.0141
2025-09-08 03:13:45,392 INFO Epoch 184 Step 70/224 Loss 0.0122
2025-09-08 03:13:58,486 INFO Epoch 184 Step 80/224 Loss 0.0120
2025-09-08 03:14:11,586 INFO Epoch 184 Step 90/224 Loss 0.0147
2025-09-08 03:14:24,669 INFO Epoch 184 Step 100/224 Loss 0.0100
2025-09-08 03:14:37,755 INFO Epoch 184 Step 110/224 Loss 0.0151
2025-09-08 03:14:51,043 INFO Epoch 184 Step 120/224 Loss 0.0175
2025-09-08 03:15:04,115 INFO Epoch 184 Step 130/224 Loss 0.0107
2025-09-08 03:15:17,205 INFO Epoch 184 Step 140/224 Loss 0.0140
2025-09-08 03:15:30,317 INFO Epoch 184 Step 150/224 Loss 0.0084
2025-09-08 03:15:43,405 INFO Epoch 184 Step 160/224 Loss 0.0140
2025-09-08 03:15:56,485 INFO Epoch 184 Step 170/224 Loss 0.0077
2025-09-08 03:16:09,563 INFO Epoch 184 Step 180/224 Loss 0.0096
2025-09-08 03:16:22,646 INFO Epoch 184 Step 190/224 Loss 0.0178
2025-09-08 03:16:35,733 INFO Epoch 184 Step 200/224 Loss 0.0077
2025-09-08 03:16:48,822 INFO Epoch 184 Step 210/224 Loss 0.0081
2025-09-08 03:17:01,895 INFO Epoch 184 Step 220/224 Loss 0.0156
2025-09-08 03:17:07,125 INFO Epoch 184 Step 224/224 Loss 0.0178
2025-09-08 03:17:07,125 INFO Epoch 184 Training Loss 0.0128
2025-09-08 03:17:57,422 INFO Validation @ epoch 184: individual:
  Engagement:
    accuracy: 0.6393693685531616
    balanced_accuracy: 0.6393693685531616
    mcc: 0.460497111082077
    f1_micro: 0.7544642686843872
    f1_macro: 0.6305043697357178
    precision_micro: 0.7544642686843872
    precision_macro: 0.6228141784667969
    recall_micro: 0.7544642686843872
    recall_macro: 0.6393693685531616
    f1_per_class: [0.5481239557266235, 0.8496503233909607, 0.4937388300895691]
    precision_per_class: [0.5367411971092224, 0.8623136878013611, 0.4693877696990967]
    recall_per_class: [0.5600000023841858, 0.837353527545929, 0.5207546949386597]
    auroc_macro: 0.8473215103149414
    auprc_macro: 0.6455609798431396
    auprc_per_class: [0.5492255687713623, 0.9310466647148132, 0.45641058683395386]
    specificity_per_class: [0.9155011773109436, 0.6566371917724609, 0.910908043384552]
    ece: 0.17440693080425262
    confusion_matrix: [[ 168,  100,   32],
       [ 112, 1215,  124],
       [  33,   94,  138]]
  Lead:
    accuracy: 0.5903622508049011
    balanced_accuracy: 0.5903622508049011
    mcc: 0.3684389889240265
    f1_micro: 0.6865079402923584
    f1_macro: 0.5774282813072205
    precision_micro: 0.6865079402923584
    precision_macro: 0.5677251815795898
    recall_micro: 0.6865079402923584
    recall_macro: 0.5903622508049011
    f1_per_class: [0.4790419042110443, 0.792174220085144, 0.46106868982315063]
    precision_per_class: [0.4624277353286743, 0.8165905475616455, 0.4241572916507721]
    recall_per_class: [0.4968944191932678, 0.76917564868927, 0.5050167441368103]
    auroc_macro: 0.7786420583724976
    auprc_macro: 0.5802470445632935
    auprc_per_class: [0.43780291080474854, 0.8738657832145691, 0.42907240986824036]
    specificity_per_class: [0.8902007341384888, 0.6119162440299988, 0.8806056976318359]
    ece: 0.23656679689884186
    confusion_matrix: [[ 160,  128,   34],
       [ 151, 1073,  171],
       [  35,  113,  151]]
loss: 1.5278443836030506
2025-09-08 03:18:14,383 INFO Epoch 185 Step 10/224 Loss 0.0179
2025-09-08 03:18:27,314 INFO Epoch 185 Step 20/224 Loss 0.0098
2025-09-08 03:18:40,332 INFO Epoch 185 Step 30/224 Loss 0.0104
2025-09-08 03:18:53,417 INFO Epoch 185 Step 40/224 Loss 0.0138
2025-09-08 03:19:06,543 INFO Epoch 185 Step 50/224 Loss 0.0111
2025-09-08 03:19:19,675 INFO Epoch 185 Step 60/224 Loss 0.0077
2025-09-08 03:19:32,806 INFO Epoch 185 Step 70/224 Loss 0.0067
2025-09-08 03:19:45,972 INFO Epoch 185 Step 80/224 Loss 0.0100
2025-09-08 03:19:59,125 INFO Epoch 185 Step 90/224 Loss 0.0132
2025-09-08 03:20:12,293 INFO Epoch 185 Step 100/224 Loss 0.0117
2025-09-08 03:20:25,444 INFO Epoch 185 Step 110/224 Loss 0.0198
2025-09-08 03:20:38,766 INFO Epoch 185 Step 120/224 Loss 0.0107
2025-09-08 03:20:51,879 INFO Epoch 185 Step 130/224 Loss 0.0125
2025-09-08 03:21:05,011 INFO Epoch 185 Step 140/224 Loss 0.0101
2025-09-08 03:21:18,160 INFO Epoch 185 Step 150/224 Loss 0.0135
2025-09-08 03:21:31,271 INFO Epoch 185 Step 160/224 Loss 0.0198
2025-09-08 03:21:44,399 INFO Epoch 185 Step 170/224 Loss 0.0105
2025-09-08 03:21:57,518 INFO Epoch 185 Step 180/224 Loss 0.0123
2025-09-08 03:22:10,628 INFO Epoch 185 Step 190/224 Loss 0.0139
2025-09-08 03:22:23,749 INFO Epoch 185 Step 200/224 Loss 0.0134
2025-09-08 03:22:36,850 INFO Epoch 185 Step 210/224 Loss 0.0125
2025-09-08 03:22:49,945 INFO Epoch 185 Step 220/224 Loss 0.0074
2025-09-08 03:22:55,229 INFO Epoch 185 Step 224/224 Loss 0.0095
2025-09-08 03:22:55,229 INFO Epoch 185 Training Loss 0.0122
2025-09-08 03:23:11,930 INFO Epoch 186 Step 10/224 Loss 0.0135
2025-09-08 03:23:24,955 INFO Epoch 186 Step 20/224 Loss 0.0105
2025-09-08 03:23:38,020 INFO Epoch 186 Step 30/224 Loss 0.0092
2025-09-08 03:23:51,095 INFO Epoch 186 Step 40/224 Loss 0.0128
2025-09-08 03:24:04,190 INFO Epoch 186 Step 50/224 Loss 0.0146
2025-09-08 03:24:17,290 INFO Epoch 186 Step 60/224 Loss 0.0146
2025-09-08 03:24:30,395 INFO Epoch 186 Step 70/224 Loss 0.0097
2025-09-08 03:24:43,486 INFO Epoch 186 Step 80/224 Loss 0.0187
2025-09-08 03:24:56,577 INFO Epoch 186 Step 90/224 Loss 0.0081
2025-09-08 03:25:09,667 INFO Epoch 186 Step 100/224 Loss 0.0093
2025-09-08 03:25:22,762 INFO Epoch 186 Step 110/224 Loss 0.0096
2025-09-08 03:25:36,034 INFO Epoch 186 Step 120/224 Loss 0.0145
2025-09-08 03:25:49,123 INFO Epoch 186 Step 130/224 Loss 0.0111
2025-09-08 03:26:02,216 INFO Epoch 186 Step 140/224 Loss 0.0124
2025-09-08 03:26:15,303 INFO Epoch 186 Step 150/224 Loss 0.0119
2025-09-08 03:26:28,385 INFO Epoch 186 Step 160/224 Loss 0.0098
2025-09-08 03:26:41,478 INFO Epoch 186 Step 170/224 Loss 0.0045
2025-09-08 03:26:54,582 INFO Epoch 186 Step 180/224 Loss 0.0149
2025-09-08 03:27:07,672 INFO Epoch 186 Step 190/224 Loss 0.0133
2025-09-08 03:27:20,770 INFO Epoch 186 Step 200/224 Loss 0.0185
2025-09-08 03:27:33,858 INFO Epoch 186 Step 210/224 Loss 0.0082
2025-09-08 03:27:46,934 INFO Epoch 186 Step 220/224 Loss 0.0118
2025-09-08 03:27:52,206 INFO Epoch 186 Step 224/224 Loss 0.0076
2025-09-08 03:27:52,206 INFO Epoch 186 Training Loss 0.0118
2025-09-08 03:28:09,046 INFO Epoch 187 Step 10/224 Loss 0.0155
2025-09-08 03:28:22,054 INFO Epoch 187 Step 20/224 Loss 0.0104
2025-09-08 03:28:35,105 INFO Epoch 187 Step 30/224 Loss 0.0122
2025-09-08 03:28:48,181 INFO Epoch 187 Step 40/224 Loss 0.0064
2025-09-08 03:29:01,266 INFO Epoch 187 Step 50/224 Loss 0.0135
2025-09-08 03:29:14,358 INFO Epoch 187 Step 60/224 Loss 0.0110
2025-09-08 03:29:27,470 INFO Epoch 187 Step 70/224 Loss 0.0117
2025-09-08 03:29:40,567 INFO Epoch 187 Step 80/224 Loss 0.0099
2025-09-08 03:29:53,671 INFO Epoch 187 Step 90/224 Loss 0.0153
2025-09-08 03:30:06,768 INFO Epoch 187 Step 100/224 Loss 0.0145
2025-09-08 03:30:20,058 INFO Epoch 187 Step 110/224 Loss 0.0126
2025-09-08 03:30:33,154 INFO Epoch 187 Step 120/224 Loss 0.0153
2025-09-08 03:30:46,232 INFO Epoch 187 Step 130/224 Loss 0.0164
2025-09-08 03:30:59,334 INFO Epoch 187 Step 140/224 Loss 0.0073
2025-09-08 03:31:12,424 INFO Epoch 187 Step 150/224 Loss 0.0114
2025-09-08 03:31:25,512 INFO Epoch 187 Step 160/224 Loss 0.0107
2025-09-08 03:31:38,623 INFO Epoch 187 Step 170/224 Loss 0.0105
2025-09-08 03:31:51,707 INFO Epoch 187 Step 180/224 Loss 0.0087
2025-09-08 03:32:04,912 INFO Epoch 187 Step 190/224 Loss 0.0102
2025-09-08 03:32:17,988 INFO Epoch 187 Step 200/224 Loss 0.0131
2025-09-08 03:32:31,072 INFO Epoch 187 Step 210/224 Loss 0.0093
2025-09-08 03:32:44,185 INFO Epoch 187 Step 220/224 Loss 0.0095
2025-09-08 03:32:49,416 INFO Epoch 187 Step 224/224 Loss 0.0150
2025-09-08 03:32:49,416 INFO Epoch 187 Training Loss 0.0117
2025-09-08 03:33:06,378 INFO Epoch 188 Step 10/224 Loss 0.0217
2025-09-08 03:33:19,814 INFO Epoch 188 Step 20/224 Loss 0.0113
2025-09-08 03:33:32,863 INFO Epoch 188 Step 30/224 Loss 0.0082
2025-09-08 03:33:45,922 INFO Epoch 188 Step 40/224 Loss 0.0086
2025-09-08 03:33:59,007 INFO Epoch 188 Step 50/224 Loss 0.0100
2025-09-08 03:34:12,105 INFO Epoch 188 Step 60/224 Loss 0.0150
2025-09-08 03:34:25,198 INFO Epoch 188 Step 70/224 Loss 0.0146
2025-09-08 03:34:38,395 INFO Epoch 188 Step 80/224 Loss 0.0092
2025-09-08 03:34:51,485 INFO Epoch 188 Step 90/224 Loss 0.0129
2025-09-08 03:35:04,567 INFO Epoch 188 Step 100/224 Loss 0.0082
2025-09-08 03:35:17,848 INFO Epoch 188 Step 110/224 Loss 0.0085
2025-09-08 03:35:30,946 INFO Epoch 188 Step 120/224 Loss 0.0129
2025-09-08 03:35:44,040 INFO Epoch 188 Step 130/224 Loss 0.0071
2025-09-08 03:35:57,128 INFO Epoch 188 Step 140/224 Loss 0.0051
2025-09-08 03:36:10,206 INFO Epoch 188 Step 150/224 Loss 0.0113
2025-09-08 03:36:23,291 INFO Epoch 188 Step 160/224 Loss 0.0084
2025-09-08 03:36:36,378 INFO Epoch 188 Step 170/224 Loss 0.0150
2025-09-08 03:36:49,464 INFO Epoch 188 Step 180/224 Loss 0.0169
2025-09-08 03:37:02,554 INFO Epoch 188 Step 190/224 Loss 0.0139
2025-09-08 03:37:15,637 INFO Epoch 188 Step 200/224 Loss 0.0114
2025-09-08 03:37:28,730 INFO Epoch 188 Step 210/224 Loss 0.0146
2025-09-08 03:37:41,980 INFO Epoch 188 Step 220/224 Loss 0.0170
2025-09-08 03:37:47,206 INFO Epoch 188 Step 224/224 Loss 0.0159
2025-09-08 03:37:47,207 INFO Epoch 188 Training Loss 0.0120
2025-09-08 03:38:37,466 INFO Validation @ epoch 188: individual:
  Engagement:
    accuracy: 0.6380890607833862
    balanced_accuracy: 0.6380890607833862
    mcc: 0.449739545583725
    f1_micro: 0.745039701461792
    f1_macro: 0.6239886283874512
    precision_micro: 0.745039701461792
    precision_macro: 0.613115668296814
    recall_micro: 0.745039701461792
    recall_macro: 0.6380890607833862
    f1_per_class: [0.5463414788246155, 0.8419195413589478, 0.48370498418807983]
    precision_per_class: [0.5333333611488342, 0.8626174926757812, 0.4433962404727936]
    recall_per_class: [0.5600000023841858, 0.822191596031189, 0.5320754647254944]
    auroc_macro: 0.8472973704338074
    auprc_macro: 0.6446206569671631
    auprc_per_class: [0.5462058186531067, 0.9309436082839966, 0.45671239495277405]
    specificity_per_class: [0.9143356680870056, 0.6637167930603027, 0.8989149332046509]
    ece: 0.18274545669555664
    confusion_matrix: [[ 168,   98,   34],
       [ 115, 1193,  143],
       [  32,   92,  141]]
  Lead:
    accuracy: 0.6004748344421387
    balanced_accuracy: 0.6004748344421387
    mcc: 0.3774624466896057
    f1_micro: 0.6875
    f1_macro: 0.5838605761528015
    precision_micro: 0.6875
    precision_macro: 0.5732395648956299
    recall_micro: 0.6875
    recall_macro: 0.6004748344421387
    f1_per_class: [0.4878048896789551, 0.7907841205596924, 0.4729926884174347]
    precision_per_class: [0.4790419042110443, 0.8209876418113708, 0.4196891188621521]
    recall_per_class: [0.4968944191932678, 0.7627240419387817, 0.5418060421943665]
    auroc_macro: 0.7792851328849792
    auprc_macro: 0.5812296271324158
    auprc_per_class: [0.43644917011260986, 0.873840868473053, 0.4333988428115845]
    specificity_per_class: [0.8972845077514648, 0.6264089941978455, 0.8695399165153503]
    ece: 0.23842419683933258
    confusion_matrix: [[ 160,  128,   34],
       [ 141, 1064,  190],
       [  33,  104,  162]]
loss: 1.5428443182082403
2025-09-08 03:38:54,291 INFO Epoch 189 Step 10/224 Loss 0.0141
2025-09-08 03:39:07,220 INFO Epoch 189 Step 20/224 Loss 0.0150
2025-09-08 03:39:20,231 INFO Epoch 189 Step 30/224 Loss 0.0092
2025-09-08 03:39:33,309 INFO Epoch 189 Step 40/224 Loss 0.0088
2025-09-08 03:39:46,426 INFO Epoch 189 Step 50/224 Loss 0.0106
2025-09-08 03:39:59,569 INFO Epoch 189 Step 60/224 Loss 0.0115
2025-09-08 03:40:12,698 INFO Epoch 189 Step 70/224 Loss 0.0112
2025-09-08 03:40:25,865 INFO Epoch 189 Step 80/224 Loss 0.0103
2025-09-08 03:40:39,011 INFO Epoch 189 Step 90/224 Loss 0.0155
2025-09-08 03:40:52,159 INFO Epoch 189 Step 100/224 Loss 0.0163
2025-09-08 03:41:05,435 INFO Epoch 189 Step 110/224 Loss 0.0116
2025-09-08 03:41:18,571 INFO Epoch 189 Step 120/224 Loss 0.0113
2025-09-08 03:41:31,710 INFO Epoch 189 Step 130/224 Loss 0.0059
2025-09-08 03:41:44,828 INFO Epoch 189 Step 140/224 Loss 0.0193
2025-09-08 03:41:57,940 INFO Epoch 189 Step 150/224 Loss 0.0088
2025-09-08 03:42:11,055 INFO Epoch 189 Step 160/224 Loss 0.0121
2025-09-08 03:42:24,164 INFO Epoch 189 Step 170/224 Loss 0.0083
2025-09-08 03:42:37,292 INFO Epoch 189 Step 180/224 Loss 0.0095
2025-09-08 03:42:50,402 INFO Epoch 189 Step 190/224 Loss 0.0268
2025-09-08 03:43:03,509 INFO Epoch 189 Step 200/224 Loss 0.0151
2025-09-08 03:43:16,609 INFO Epoch 189 Step 210/224 Loss 0.0158
2025-09-08 03:43:29,890 INFO Epoch 189 Step 220/224 Loss 0.0187
2025-09-08 03:43:35,124 INFO Epoch 189 Step 224/224 Loss 0.0110
2025-09-08 03:43:35,124 INFO Epoch 189 Training Loss 0.0130
2025-09-08 03:43:51,728 INFO Epoch 190 Step 10/224 Loss 0.0167
2025-09-08 03:44:04,771 INFO Epoch 190 Step 20/224 Loss 0.0201
2025-09-08 03:44:17,833 INFO Epoch 190 Step 30/224 Loss 0.0115
2025-09-08 03:44:30,910 INFO Epoch 190 Step 40/224 Loss 0.0109
2025-09-08 03:44:43,993 INFO Epoch 190 Step 50/224 Loss 0.0099
2025-09-08 03:44:57,092 INFO Epoch 190 Step 60/224 Loss 0.0156
2025-09-08 03:45:10,183 INFO Epoch 190 Step 70/224 Loss 0.0117
2025-09-08 03:45:23,272 INFO Epoch 190 Step 80/224 Loss 0.0133
2025-09-08 03:45:36,387 INFO Epoch 190 Step 90/224 Loss 0.0128
2025-09-08 03:45:49,662 INFO Epoch 190 Step 100/224 Loss 0.0165
2025-09-08 03:46:02,746 INFO Epoch 190 Step 110/224 Loss 0.0069
2025-09-08 03:46:15,835 INFO Epoch 190 Step 120/224 Loss 0.0075
2025-09-08 03:46:28,916 INFO Epoch 190 Step 130/224 Loss 0.0135
2025-09-08 03:46:42,002 INFO Epoch 190 Step 140/224 Loss 0.0151
2025-09-08 03:46:55,099 INFO Epoch 190 Step 150/224 Loss 0.0110
2025-09-08 03:47:08,171 INFO Epoch 190 Step 160/224 Loss 0.0122
2025-09-08 03:47:21,265 INFO Epoch 190 Step 170/224 Loss 0.0068
2025-09-08 03:47:34,360 INFO Epoch 190 Step 180/224 Loss 0.0229
2025-09-08 03:47:47,440 INFO Epoch 190 Step 190/224 Loss 0.0212
2025-09-08 03:48:00,522 INFO Epoch 190 Step 200/224 Loss 0.0135
2025-09-08 03:48:13,755 INFO Epoch 190 Step 210/224 Loss 0.0072
2025-09-08 03:48:26,832 INFO Epoch 190 Step 220/224 Loss 0.0090
2025-09-08 03:48:32,067 INFO Epoch 190 Step 224/224 Loss 0.0101
2025-09-08 03:48:32,067 INFO Epoch 190 Training Loss 0.0129
2025-09-08 03:48:49,058 INFO Epoch 191 Step 10/224 Loss 0.0060
2025-09-08 03:49:02,079 INFO Epoch 191 Step 20/224 Loss 0.0171
2025-09-08 03:49:15,131 INFO Epoch 191 Step 30/224 Loss 0.0082
2025-09-08 03:49:28,204 INFO Epoch 191 Step 40/224 Loss 0.0139
2025-09-08 03:49:41,284 INFO Epoch 191 Step 50/224 Loss 0.0095
2025-09-08 03:49:54,368 INFO Epoch 191 Step 60/224 Loss 0.0130
2025-09-08 03:50:07,459 INFO Epoch 191 Step 70/224 Loss 0.0109
2025-09-08 03:50:20,552 INFO Epoch 191 Step 80/224 Loss 0.0109
2025-09-08 03:50:33,643 INFO Epoch 191 Step 90/224 Loss 0.0127
2025-09-08 03:50:46,912 INFO Epoch 191 Step 100/224 Loss 0.0107
2025-09-08 03:50:59,981 INFO Epoch 191 Step 110/224 Loss 0.0144
2025-09-08 03:51:13,070 INFO Epoch 191 Step 120/224 Loss 0.0085
2025-09-08 03:51:26,158 INFO Epoch 191 Step 130/224 Loss 0.0149
2025-09-08 03:51:39,241 INFO Epoch 191 Step 140/224 Loss 0.0237
2025-09-08 03:51:52,327 INFO Epoch 191 Step 150/224 Loss 0.0129
2025-09-08 03:52:05,407 INFO Epoch 191 Step 160/224 Loss 0.0084
2025-09-08 03:52:18,491 INFO Epoch 191 Step 170/224 Loss 0.0114
2025-09-08 03:52:31,583 INFO Epoch 191 Step 180/224 Loss 0.0141
2025-09-08 03:52:44,661 INFO Epoch 191 Step 190/224 Loss 0.0082
2025-09-08 03:52:57,758 INFO Epoch 191 Step 200/224 Loss 0.0111
2025-09-08 03:53:11,030 INFO Epoch 191 Step 210/224 Loss 0.0084
2025-09-08 03:53:24,086 INFO Epoch 191 Step 220/224 Loss 0.0137
2025-09-08 03:53:29,311 INFO Epoch 191 Step 224/224 Loss 0.0090
2025-09-08 03:53:29,311 INFO Epoch 191 Training Loss 0.0119
2025-09-08 03:53:46,161 INFO Epoch 192 Step 10/224 Loss 0.0122
2025-09-08 03:53:59,179 INFO Epoch 192 Step 20/224 Loss 0.0162
2025-09-08 03:54:12,244 INFO Epoch 192 Step 30/224 Loss 0.0091
2025-09-08 03:54:25,315 INFO Epoch 192 Step 40/224 Loss 0.0093
2025-09-08 03:54:38,379 INFO Epoch 192 Step 50/224 Loss 0.0104
2025-09-08 03:54:51,471 INFO Epoch 192 Step 60/224 Loss 0.0085
2025-09-08 03:55:04,561 INFO Epoch 192 Step 70/224 Loss 0.0083
2025-09-08 03:55:17,638 INFO Epoch 192 Step 80/224 Loss 0.0101
2025-09-08 03:55:30,723 INFO Epoch 192 Step 90/224 Loss 0.0188
2025-09-08 03:55:43,956 INFO Epoch 192 Step 100/224 Loss 0.0076
2025-09-08 03:55:57,042 INFO Epoch 192 Step 110/224 Loss 0.0096
2025-09-08 03:56:10,119 INFO Epoch 192 Step 120/224 Loss 0.0056
2025-09-08 03:56:23,204 INFO Epoch 192 Step 130/224 Loss 0.0115
2025-09-08 03:56:36,288 INFO Epoch 192 Step 140/224 Loss 0.0287
2025-09-08 03:56:49,388 INFO Epoch 192 Step 150/224 Loss 0.0134
2025-09-08 03:57:02,487 INFO Epoch 192 Step 160/224 Loss 0.0107
2025-09-08 03:57:15,575 INFO Epoch 192 Step 170/224 Loss 0.0082
2025-09-08 03:57:28,662 INFO Epoch 192 Step 180/224 Loss 0.0098
2025-09-08 03:57:41,738 INFO Epoch 192 Step 190/224 Loss 0.0135
2025-09-08 03:57:54,823 INFO Epoch 192 Step 200/224 Loss 0.0115
2025-09-08 03:58:08,005 INFO Epoch 192 Step 210/224 Loss 0.0143
2025-09-08 03:58:21,076 INFO Epoch 192 Step 220/224 Loss 0.0186
2025-09-08 03:58:26,306 INFO Epoch 192 Step 224/224 Loss 0.0078
2025-09-08 03:58:26,306 INFO Epoch 192 Training Loss 0.0120
2025-09-08 03:59:16,754 INFO Validation @ epoch 192: individual:
  Engagement:
    accuracy: 0.6359610557556152
    balanced_accuracy: 0.6359610557556152
    mcc: 0.45255184173583984
    f1_micro: 0.7490079402923584
    f1_macro: 0.6249505281448364
    precision_micro: 0.7490079402923584
    precision_macro: 0.6156359910964966
    recall_micro: 0.7490079402923584
    recall_macro: 0.6359610557556152
    f1_per_class: [0.5387097001075745, 0.8459108471870422, 0.490230917930603]
    precision_per_class: [0.5218750238418579, 0.861945629119873, 0.463087260723114]
    recall_per_class: [0.5566666722297668, 0.8304617404937744, 0.5207546949386597]
    auroc_macro: 0.8470182418823242
    auprc_macro: 0.6441752314567566
    auprc_per_class: [0.54726243019104, 0.9309967160224915, 0.45426660776138306]
    specificity_per_class: [0.9108391404151917, 0.6584070920944214, 0.9086236357688904]
    ece: 0.1783415824174881
    confusion_matrix: [[ 167,  100,   33],
       [ 119, 1205,  127],
       [  34,   93,  138]]
  Lead:
    accuracy: 0.5995988249778748
    balanced_accuracy: 0.5995988249778748
    mcc: 0.37647536396980286
    f1_micro: 0.6870039701461792
    f1_macro: 0.5832550525665283
    precision_micro: 0.6870039701461792
    precision_macro: 0.5715590715408325
    recall_micro: 0.6870039701461792
    recall_macro: 0.5995988249778748
    f1_per_class: [0.4955752193927765, 0.7903345823287964, 0.46385541558265686]
    precision_per_class: [0.47191011905670166, 0.8208494186401367, 0.42191779613494873]
    recall_per_class: [0.52173912525177, 0.7620071768760681, 0.5150501728057861]
    auroc_macro: 0.7791535258293152
    auprc_macro: 0.5826601386070251
    auprc_per_class: [0.4439239501953125, 0.8741644620895386, 0.4298918843269348]
    specificity_per_class: [0.8890200853347778, 0.6264089941978455, 0.8771112561225891]
    ece: 0.23738497495651245
    confusion_matrix: [[ 168,  123,   31],
       [ 152, 1063,  180],
       [  36,  109,  154]]
loss: 1.5483267647879464
2025-09-08 03:59:33,559 INFO Epoch 193 Step 10/224 Loss 0.0112
2025-09-08 03:59:47,699 INFO Epoch 193 Step 20/224 Loss 0.0068
2025-09-08 04:00:00,714 INFO Epoch 193 Step 30/224 Loss 0.0115
2025-09-08 04:00:13,792 INFO Epoch 193 Step 40/224 Loss 0.0186
2025-09-08 04:00:26,904 INFO Epoch 193 Step 50/224 Loss 0.0102
2025-09-08 04:00:40,032 INFO Epoch 193 Step 60/224 Loss 0.0137
2025-09-08 04:00:53,188 INFO Epoch 193 Step 70/224 Loss 0.0170
2025-09-08 04:01:06,312 INFO Epoch 193 Step 80/224 Loss 0.0084
2025-09-08 04:01:19,636 INFO Epoch 193 Step 90/224 Loss 0.0159
2025-09-08 04:01:32,785 INFO Epoch 193 Step 100/224 Loss 0.0165
2025-09-08 04:01:46,001 INFO Epoch 193 Step 110/224 Loss 0.0129
2025-09-08 04:01:59,139 INFO Epoch 193 Step 120/224 Loss 0.0138
2025-09-08 04:02:12,276 INFO Epoch 193 Step 130/224 Loss 0.0083
2025-09-08 04:02:25,395 INFO Epoch 193 Step 140/224 Loss 0.0105
2025-09-08 04:02:38,521 INFO Epoch 193 Step 150/224 Loss 0.0144
2025-09-08 04:02:51,643 INFO Epoch 193 Step 160/224 Loss 0.0139
2025-09-08 04:03:04,756 INFO Epoch 193 Step 170/224 Loss 0.0169
2025-09-08 04:03:17,871 INFO Epoch 193 Step 180/224 Loss 0.0092
2025-09-08 04:03:30,966 INFO Epoch 193 Step 190/224 Loss 0.0072
2025-09-08 04:03:44,077 INFO Epoch 193 Step 200/224 Loss 0.0125
2025-09-08 04:03:57,352 INFO Epoch 193 Step 210/224 Loss 0.0049
2025-09-08 04:04:10,437 INFO Epoch 193 Step 220/224 Loss 0.0104
2025-09-08 04:04:15,663 INFO Epoch 193 Step 224/224 Loss 0.0134
2025-09-08 04:04:15,664 INFO Epoch 193 Training Loss 0.0121
2025-09-08 04:04:32,373 INFO Epoch 194 Step 10/224 Loss 0.0121
2025-09-08 04:04:45,400 INFO Epoch 194 Step 20/224 Loss 0.0103
2025-09-08 04:04:58,468 INFO Epoch 194 Step 30/224 Loss 0.0104
2025-09-08 04:05:11,557 INFO Epoch 194 Step 40/224 Loss 0.0063
2025-09-08 04:05:24,658 INFO Epoch 194 Step 50/224 Loss 0.0214
2025-09-08 04:05:37,767 INFO Epoch 194 Step 60/224 Loss 0.0162
2025-09-08 04:05:50,865 INFO Epoch 194 Step 70/224 Loss 0.0081
2025-09-08 04:06:03,952 INFO Epoch 194 Step 80/224 Loss 0.0083
2025-09-08 04:06:17,241 INFO Epoch 194 Step 90/224 Loss 0.0109
2025-09-08 04:06:30,324 INFO Epoch 194 Step 100/224 Loss 0.0105
2025-09-08 04:06:43,406 INFO Epoch 194 Step 110/224 Loss 0.0103
2025-09-08 04:06:56,499 INFO Epoch 194 Step 120/224 Loss 0.0139
2025-09-08 04:07:09,599 INFO Epoch 194 Step 130/224 Loss 0.0088
2025-09-08 04:07:22,681 INFO Epoch 194 Step 140/224 Loss 0.0060
2025-09-08 04:07:35,769 INFO Epoch 194 Step 150/224 Loss 0.0114
2025-09-08 04:07:48,847 INFO Epoch 194 Step 160/224 Loss 0.0208
2025-09-08 04:08:01,924 INFO Epoch 194 Step 170/224 Loss 0.0117
2025-09-08 04:08:15,009 INFO Epoch 194 Step 180/224 Loss 0.0084
2025-09-08 04:08:28,092 INFO Epoch 194 Step 190/224 Loss 0.0127
2025-09-08 04:08:41,355 INFO Epoch 194 Step 200/224 Loss 0.0056
2025-09-08 04:08:54,429 INFO Epoch 194 Step 210/224 Loss 0.0103
2025-09-08 04:09:07,499 INFO Epoch 194 Step 220/224 Loss 0.0133
2025-09-08 04:09:12,726 INFO Epoch 194 Step 224/224 Loss 0.0059
2025-09-08 04:09:12,726 INFO Epoch 194 Training Loss 0.0112
2025-09-08 04:09:29,547 INFO Epoch 195 Step 10/224 Loss 0.0079
2025-09-08 04:09:42,567 INFO Epoch 195 Step 20/224 Loss 0.0100
2025-09-08 04:09:55,616 INFO Epoch 195 Step 30/224 Loss 0.0146
2025-09-08 04:10:08,671 INFO Epoch 195 Step 40/224 Loss 0.0092
2025-09-08 04:10:21,747 INFO Epoch 195 Step 50/224 Loss 0.0082
2025-09-08 04:10:34,837 INFO Epoch 195 Step 60/224 Loss 0.0073
2025-09-08 04:10:47,933 INFO Epoch 195 Step 70/224 Loss 0.0142
2025-09-08 04:11:01,010 INFO Epoch 195 Step 80/224 Loss 0.0160
2025-09-08 04:11:14,266 INFO Epoch 195 Step 90/224 Loss 0.0069
2025-09-08 04:11:27,349 INFO Epoch 195 Step 100/224 Loss 0.0126
2025-09-08 04:11:40,433 INFO Epoch 195 Step 110/224 Loss 0.0076
2025-09-08 04:11:53,535 INFO Epoch 195 Step 120/224 Loss 0.0125
2025-09-08 04:12:06,622 INFO Epoch 195 Step 130/224 Loss 0.0135
2025-09-08 04:12:19,712 INFO Epoch 195 Step 140/224 Loss 0.0111
2025-09-08 04:12:32,795 INFO Epoch 195 Step 150/224 Loss 0.0131
2025-09-08 04:12:45,870 INFO Epoch 195 Step 160/224 Loss 0.0093
2025-09-08 04:12:58,948 INFO Epoch 195 Step 170/224 Loss 0.0128
2025-09-08 04:13:12,027 INFO Epoch 195 Step 180/224 Loss 0.0067
2025-09-08 04:13:25,106 INFO Epoch 195 Step 190/224 Loss 0.0139
2025-09-08 04:13:38,394 INFO Epoch 195 Step 200/224 Loss 0.0112
2025-09-08 04:13:51,474 INFO Epoch 195 Step 210/224 Loss 0.0136
2025-09-08 04:14:04,551 INFO Epoch 195 Step 220/224 Loss 0.0080
2025-09-08 04:14:09,775 INFO Epoch 195 Step 224/224 Loss 0.0129
2025-09-08 04:14:09,775 INFO Epoch 195 Training Loss 0.0110
2025-09-08 04:14:26,270 INFO Epoch 196 Step 10/224 Loss 0.0165
2025-09-08 04:14:39,277 INFO Epoch 196 Step 20/224 Loss 0.0070
2025-09-08 04:14:52,344 INFO Epoch 196 Step 30/224 Loss 0.0215
2025-09-08 04:15:05,407 INFO Epoch 196 Step 40/224 Loss 0.0131
2025-09-08 04:15:18,483 INFO Epoch 196 Step 50/224 Loss 0.0119
2025-09-08 04:15:31,583 INFO Epoch 196 Step 60/224 Loss 0.0113
2025-09-08 04:15:44,663 INFO Epoch 196 Step 70/224 Loss 0.0179
2025-09-08 04:15:57,740 INFO Epoch 196 Step 80/224 Loss 0.0126
2025-09-08 04:16:11,011 INFO Epoch 196 Step 90/224 Loss 0.0134
2025-09-08 04:16:24,092 INFO Epoch 196 Step 100/224 Loss 0.0116
2025-09-08 04:16:37,165 INFO Epoch 196 Step 110/224 Loss 0.0083
2025-09-08 04:16:50,242 INFO Epoch 196 Step 120/224 Loss 0.0161
2025-09-08 04:17:03,327 INFO Epoch 196 Step 130/224 Loss 0.0164
2025-09-08 04:17:16,428 INFO Epoch 196 Step 140/224 Loss 0.0152
2025-09-08 04:17:29,504 INFO Epoch 196 Step 150/224 Loss 0.0092
2025-09-08 04:17:42,593 INFO Epoch 196 Step 160/224 Loss 0.0230
2025-09-08 04:17:55,666 INFO Epoch 196 Step 170/224 Loss 0.0087
2025-09-08 04:18:08,746 INFO Epoch 196 Step 180/224 Loss 0.0091
2025-09-08 04:18:21,828 INFO Epoch 196 Step 190/224 Loss 0.0203
2025-09-08 04:18:35,089 INFO Epoch 196 Step 200/224 Loss 0.0157
2025-09-08 04:18:48,170 INFO Epoch 196 Step 210/224 Loss 0.0113
2025-09-08 04:19:01,235 INFO Epoch 196 Step 220/224 Loss 0.0144
2025-09-08 04:19:06,462 INFO Epoch 196 Step 224/224 Loss 0.0119
2025-09-08 04:19:06,462 INFO Epoch 196 Training Loss 0.0138
2025-09-08 04:19:57,419 INFO Validation @ epoch 196: individual:
  Engagement:
    accuracy: 0.6374111175537109
    balanced_accuracy: 0.6374111175537109
    mcc: 0.45258426666259766
    f1_micro: 0.7480158805847168
    f1_macro: 0.6251355409622192
    precision_micro: 0.7480158805847168
    precision_macro: 0.6148558855056763
    recall_micro: 0.7480158805847168
    recall_macro: 0.6374111175537109
    f1_per_class: [0.5367411971092224, 0.8448821902275085, 0.49378329515457153]
    precision_per_class: [0.5153374075889587, 0.8627873659133911, 0.46644294261932373]
    recall_per_class: [0.5600000023841858, 0.8277050256729126, 0.5245283246040344]
    auroc_macro: 0.8475383520126343
    auprc_macro: 0.6449803113937378
    auprc_per_class: [0.5499533414840698, 0.9309794902801514, 0.4540081024169922]
    specificity_per_class: [0.9079254269599915, 0.6619468927383423, 0.9091947674751282]
    ece: 0.18168941140174866
    confusion_matrix: [[ 168,   99,   33],
       [ 124, 1201,  126],
       [  34,   92,  139]]
  Lead:
    accuracy: 0.5939455032348633
    balanced_accuracy: 0.5939455032348633
    mcc: 0.3725952208042145
    f1_micro: 0.6875
    f1_macro: 0.5800067186355591
    precision_micro: 0.6875
    precision_macro: 0.56950843334198
    recall_micro: 0.6875
    recall_macro: 0.5939455032348633
    f1_per_class: [0.48744460940361023, 0.7924528121948242, 0.4601227045059204]
    precision_per_class: [0.4647887349128723, 0.8188073635101318, 0.4249291718006134]
    recall_per_class: [0.5124223828315735, 0.7677419185638428, 0.5016722679138184]
    auroc_macro: 0.7773679494857788
    auprc_macro: 0.5786433815956116
    auprc_per_class: [0.4333800971508026, 0.873642086982727, 0.42890793085098267]
    specificity_per_class: [0.8878394365310669, 0.6183574795722961, 0.8817705512046814]
    ece: 0.23979781568050385
    confusion_matrix: [[ 165,  126,   31],
       [ 152, 1071,  172],
       [  38,  111,  150]]
loss: 1.5721551804315477
2025-09-08 04:20:14,017 INFO Epoch 197 Step 10/224 Loss 0.0161
2025-09-08 04:20:26,957 INFO Epoch 197 Step 20/224 Loss 0.0096
2025-09-08 04:20:39,980 INFO Epoch 197 Step 30/224 Loss 0.0136
2025-09-08 04:20:53,055 INFO Epoch 197 Step 40/224 Loss 0.0140
2025-09-08 04:21:06,180 INFO Epoch 197 Step 50/224 Loss 0.0095
2025-09-08 04:21:19,314 INFO Epoch 197 Step 60/224 Loss 0.0141
2025-09-08 04:21:32,464 INFO Epoch 197 Step 70/224 Loss 0.0083
2025-09-08 04:21:45,750 INFO Epoch 197 Step 80/224 Loss 0.0071
2025-09-08 04:21:58,873 INFO Epoch 197 Step 90/224 Loss 0.0099
2025-09-08 04:22:12,020 INFO Epoch 197 Step 100/224 Loss 0.0138
2025-09-08 04:22:25,159 INFO Epoch 197 Step 110/224 Loss 0.0087
2025-09-08 04:22:38,298 INFO Epoch 197 Step 120/224 Loss 0.0111
2025-09-08 04:22:51,420 INFO Epoch 197 Step 130/224 Loss 0.0119
2025-09-08 04:23:04,534 INFO Epoch 197 Step 140/224 Loss 0.0096
2025-09-08 04:23:17,657 INFO Epoch 197 Step 150/224 Loss 0.0069
2025-09-08 04:23:30,766 INFO Epoch 197 Step 160/224 Loss 0.0096
2025-09-08 04:23:43,890 INFO Epoch 197 Step 170/224 Loss 0.0127
2025-09-08 04:23:57,015 INFO Epoch 197 Step 180/224 Loss 0.0078
2025-09-08 04:24:10,302 INFO Epoch 197 Step 190/224 Loss 0.0090
2025-09-08 04:24:23,409 INFO Epoch 197 Step 200/224 Loss 0.0166
2025-09-08 04:24:36,503 INFO Epoch 197 Step 210/224 Loss 0.0160
2025-09-08 04:24:49,586 INFO Epoch 197 Step 220/224 Loss 0.0104
2025-09-08 04:24:54,829 INFO Epoch 197 Step 224/224 Loss 0.0079
2025-09-08 04:24:54,829 INFO Epoch 197 Training Loss 0.0111
2025-09-08 04:25:11,691 INFO Epoch 198 Step 10/224 Loss 0.0095
2025-09-08 04:25:24,709 INFO Epoch 198 Step 20/224 Loss 0.0104
2025-09-08 04:25:37,776 INFO Epoch 198 Step 30/224 Loss 0.0128
2025-09-08 04:25:50,852 INFO Epoch 198 Step 40/224 Loss 0.0149
2025-09-08 04:26:03,942 INFO Epoch 198 Step 50/224 Loss 0.0055
2025-09-08 04:26:17,043 INFO Epoch 198 Step 60/224 Loss 0.0159
2025-09-08 04:26:30,132 INFO Epoch 198 Step 70/224 Loss 0.0151
2025-09-08 04:26:43,511 INFO Epoch 198 Step 80/224 Loss 0.0169
2025-09-08 04:26:56,592 INFO Epoch 198 Step 90/224 Loss 0.0149
2025-09-08 04:27:09,683 INFO Epoch 198 Step 100/224 Loss 0.0085
2025-09-08 04:27:22,770 INFO Epoch 198 Step 110/224 Loss 0.0092
2025-09-08 04:27:35,862 INFO Epoch 198 Step 120/224 Loss 0.0100
2025-09-08 04:27:48,938 INFO Epoch 198 Step 130/224 Loss 0.0128
2025-09-08 04:28:02,036 INFO Epoch 198 Step 140/224 Loss 0.0070
2025-09-08 04:28:15,122 INFO Epoch 198 Step 150/224 Loss 0.0141
2025-09-08 04:28:28,189 INFO Epoch 198 Step 160/224 Loss 0.0146
2025-09-08 04:28:41,279 INFO Epoch 198 Step 170/224 Loss 0.0063
2025-09-08 04:28:54,370 INFO Epoch 198 Step 180/224 Loss 0.0113
2025-09-08 04:29:07,622 INFO Epoch 198 Step 190/224 Loss 0.0119
2025-09-08 04:29:20,699 INFO Epoch 198 Step 200/224 Loss 0.0122
2025-09-08 04:29:33,776 INFO Epoch 198 Step 210/224 Loss 0.0165
2025-09-08 04:29:46,848 INFO Epoch 198 Step 220/224 Loss 0.0123
2025-09-08 04:29:52,069 INFO Epoch 198 Step 224/224 Loss 0.0189
2025-09-08 04:29:52,069 INFO Epoch 198 Training Loss 0.0121
2025-09-08 04:30:15,082 INFO Epoch 199 Step 10/224 Loss 0.0104
2025-09-08 04:30:28,004 INFO Epoch 199 Step 20/224 Loss 0.0068
2025-09-08 04:30:41,001 INFO Epoch 199 Step 30/224 Loss 0.0089
2025-09-08 04:30:54,053 INFO Epoch 199 Step 40/224 Loss 0.0212
2025-09-08 04:31:07,138 INFO Epoch 199 Step 50/224 Loss 0.0085
2025-09-08 04:31:20,241 INFO Epoch 199 Step 60/224 Loss 0.0122
2025-09-08 04:31:33,339 INFO Epoch 199 Step 70/224 Loss 0.0165
2025-09-08 04:31:46,641 INFO Epoch 199 Step 80/224 Loss 0.0122
2025-09-08 04:31:59,748 INFO Epoch 199 Step 90/224 Loss 0.0200
2025-09-08 04:32:12,860 INFO Epoch 199 Step 100/224 Loss 0.0116
2025-09-08 04:32:25,955 INFO Epoch 199 Step 110/224 Loss 0.0151
2025-09-08 04:32:39,073 INFO Epoch 199 Step 120/224 Loss 0.0181
2025-09-08 04:32:52,167 INFO Epoch 199 Step 130/224 Loss 0.0071
2025-09-08 04:33:05,280 INFO Epoch 199 Step 140/224 Loss 0.0099
2025-09-08 04:33:18,381 INFO Epoch 199 Step 150/224 Loss 0.0086
2025-09-08 04:33:31,491 INFO Epoch 199 Step 160/224 Loss 0.0061
2025-09-08 04:33:44,582 INFO Epoch 199 Step 170/224 Loss 0.0142
2025-09-08 04:33:57,680 INFO Epoch 199 Step 180/224 Loss 0.0173
2025-09-08 04:34:10,950 INFO Epoch 199 Step 190/224 Loss 0.0128
2025-09-08 04:34:24,029 INFO Epoch 199 Step 200/224 Loss 0.0106
2025-09-08 04:34:37,109 INFO Epoch 199 Step 210/224 Loss 0.0155
2025-09-08 04:34:50,186 INFO Epoch 199 Step 220/224 Loss 0.0177
2025-09-08 04:34:55,419 INFO Epoch 199 Step 224/224 Loss 0.0202
2025-09-08 04:34:55,419 INFO Epoch 199 Training Loss 0.0129
2025-09-08 04:35:12,467 INFO Epoch 200 Step 10/224 Loss 0.0084
2025-09-08 04:35:25,474 INFO Epoch 200 Step 20/224 Loss 0.0105
2025-09-08 04:35:38,540 INFO Epoch 200 Step 30/224 Loss 0.0093
2025-09-08 04:35:51,615 INFO Epoch 200 Step 40/224 Loss 0.0133
2025-09-08 04:36:04,695 INFO Epoch 200 Step 50/224 Loss 0.0178
2025-09-08 04:36:17,792 INFO Epoch 200 Step 60/224 Loss 0.0065
2025-09-08 04:36:31,061 INFO Epoch 200 Step 70/224 Loss 0.0121
2025-09-08 04:36:44,146 INFO Epoch 200 Step 80/224 Loss 0.0058
2025-09-08 04:36:57,231 INFO Epoch 200 Step 90/224 Loss 0.0144
2025-09-08 04:37:10,322 INFO Epoch 200 Step 100/224 Loss 0.0128
2025-09-08 04:37:23,405 INFO Epoch 200 Step 110/224 Loss 0.0085
2025-09-08 04:37:36,505 INFO Epoch 200 Step 120/224 Loss 0.0081
2025-09-08 04:37:49,584 INFO Epoch 200 Step 130/224 Loss 0.0113
2025-09-08 04:38:02,681 INFO Epoch 200 Step 140/224 Loss 0.0083
2025-09-08 04:38:15,776 INFO Epoch 200 Step 150/224 Loss 0.0099
2025-09-08 04:38:28,862 INFO Epoch 200 Step 160/224 Loss 0.0110
2025-09-08 04:38:41,950 INFO Epoch 200 Step 170/224 Loss 0.0130
2025-09-08 04:38:55,231 INFO Epoch 200 Step 180/224 Loss 0.0139
2025-09-08 04:39:08,302 INFO Epoch 200 Step 190/224 Loss 0.0105
2025-09-08 04:39:21,393 INFO Epoch 200 Step 200/224 Loss 0.0150
2025-09-08 04:39:34,474 INFO Epoch 200 Step 210/224 Loss 0.0072
2025-09-08 04:39:47,547 INFO Epoch 200 Step 220/224 Loss 0.0082
2025-09-08 04:39:52,767 INFO Epoch 200 Step 224/224 Loss 0.0121
2025-09-08 04:39:52,767 INFO Epoch 200 Training Loss 0.0107
2025-09-08 04:40:42,834 INFO Validation @ epoch 200: individual:
  Engagement:
    accuracy: 0.6398813724517822
    balanced_accuracy: 0.6398813724517822
    mcc: 0.4573632478713989
    f1_micro: 0.7504960298538208
    f1_macro: 0.627811074256897
    precision_micro: 0.7504960298538208
    precision_macro: 0.6178839802742004
    recall_micro: 0.7504960298538208
    recall_macro: 0.6398813724517822
    f1_per_class: [0.5380875468254089, 0.8471001982688904, 0.49824562668800354]
    precision_per_class: [0.5236592888832092, 0.8644189238548279, 0.4655737578868866]
    recall_per_class: [0.5533333420753479, 0.8304617404937744, 0.5358490347862244]
    auroc_macro: 0.8472298383712769
    auprc_macro: 0.6462593078613281
    auprc_per_class: [0.550175666809082, 0.9309499263763428, 0.45765236020088196]
    specificity_per_class: [0.9120046496391296, 0.665486752986908, 0.9069103598594666]
    ece: 0.1802632063627243
    confusion_matrix: [[ 166,  100,   34],
       [ 117, 1205,  129],
       [  34,   89,  142]]
  Lead:
    accuracy: 0.5986440181732178
    balanced_accuracy: 0.5986440181732178
    mcc: 0.3792189955711365
    f1_micro: 0.6914682388305664
    f1_macro: 0.5849438309669495
    precision_micro: 0.6914682388305664
    precision_macro: 0.5746787786483765
    recall_micro: 0.6914682388305664
    recall_macro: 0.5986440181732178
    f1_per_class: [0.487294465303421, 0.794975996017456, 0.47256097197532654]
    precision_per_class: [0.469740629196167, 0.8201219439506531, 0.43417367339134216]
    recall_per_class: [0.5062111616134644, 0.7713261842727661, 0.5183946490287781]
    auroc_macro: 0.7784856557846069
    auprc_macro: 0.580808162689209
    auprc_per_class: [0.4358290433883667, 0.87404465675354, 0.4325508177280426]
    specificity_per_class: [0.8913813233375549, 0.6199678182601929, 0.8823529481887817]
    ece: 0.23766225576400757
    confusion_matrix: [[ 163,  128,   31],
       [ 148, 1076,  171],
       [  36,  108,  155]]
loss: 1.5841275169735862
